'关于三台县产业扶贫重点工作责任分工的通知',中共绵阳市三台县委农村工作领导小组,2017-03-27,现行有效,团体规定
'中共蓬溪县天福镇委员会关于印发《天福镇农村产业党建工作实施意见》的通知',中共遂宁市蓬溪县天福镇委员会,2014-05-23,现行有效,团体规定
'关于印发《平昌县佛头山文化产业园党的群众路线教育实践活动宣传工作方案》的通知',中共巴中市平昌县佛头山文化产业园党委,2014-03-12,现行有效,团体规定
'平昌县佛头山文化产业园党委关于印发《“转作风.惠民生”活动实施方案》的通知',中共巴中市平昌县佛头山文化产业园管理委员会委员会,2013-12-04,现行有效,团体规定
'中共四川自贡高新技术产业园区工作委员会关于印发《2013年全区党建工作要点》的通知',中共四川自贡高新技术产业园区工作委员会,2013-05-23,现行有效,团体规定
'中共四川自贡高新技术产业园区工作委员会关于印发《向非公有制经济组织选派党建工作指导员工作方案》的通知',中共自贡高新技术产业园区工作委员会,2013-05-14,现行有效,团体规定
"'中共三台县古井镇委员会关于开展远程教育""产业富民""活动的实施意见'",中共绵阳市三台县古井镇委员会,2009,现行有效,团体规定
'关于转发《中华全国总工会关于加强和改进新形势下产业工会工作的意见》的通知',四川省总工会,2008-10-08,现行有效,团体规定
'四川省人民政府关于印发四川省支持新能源与智能汽车产业发展若干政策措施的通知',四川省人民政府,2020-09-29,现行有效,地方政府规章及文件
'四川省人民政府办公厅关于促进全民健身和体育消费推动体育产业高质量发展的实施意见',四川省人民政府办公厅,2020-07-28,现行有效,地方政府规章及文件
'四川省人民政府关于加快推进农业机械化和农机装备产业转型升级的实施意见',四川省人民政府,2019-09-02,现行有效,地方政府规章及文件
'眉山市人民政府办公室关于眉山市促进5G产业发展的意见',眉山市人民政府办公室,2019-08-29,现行有效,地方政府规章及文件
'眉山市人民政府办公室关于印发眉山高新技术产业园区创建国家高新技术开发区实施方案的通知',眉山市人民政府办公室,2019-08-08,现行有效,地方政府规章及文件
'四川省人民政府办公厅转发《四川省水电消纳产业示范区建设实施方案》的通知',四川省人民政府办公厅,2019-07-31,现行有效,地方政府规章及文件
'德阳市人民政府办公室关于印发《德阳市文化旅游产业融合发展扶持奖励办法(试行)》的通知',德阳市人民政府办公室,2019-07-22,现行有效,地方政府规章及文件
'广安市中药材种植产业发展规划(2018—2022年)',广安市人民政府办公室,2019-05-21,现行有效,地方政府规章及文件
'广安市人民政府办公室关于大力发展花卉苗木产业的实施意见',广安市人民政府办公室,2019-05-21,现行有效,地方政府规章及文件
'德阳市人民政府办公室关于印发《德阳市优化中心城区产业布局支持工业用地“退二进三”管理办法》的通知',德阳市人民政府办公室,2019-05-06,现行有效,地方政府规章及文件
'自贡市人民政府关于印发《自贡市促进文化创意产业发展若干政策(试行)》的通知',自贡市人民政府,2019-04-09,现行有效,地方政府规章及文件
'自贡市人民政府办公室关于印发《自贡老工业城市产业转型升级示范区建设2019年工作要点》的通知',自贡市人民政府办公室,2019-03-18,现行有效,地方政府规章及文件
'青川县人民政府办公室关于印发青川县支持再生有色金属产业发展五条措施的通知',广元市青川县人民政府办公室,2019-03-04,现行有效,地方政府规章及文件
'广安市人民政府关于印发加快发展玄武岩纤维新材料产业的意见的通知',广安市人民政府,2019-02-19,现行有效,地方政府规章及文件
'关于推进“5+1”产业金融体系建设的意见',四川省人民政府,2019-01-03,现行有效,地方政府规章及文件
'广安市人民政府办公室关于加快推进花椒产业持续健康发展的实施意见',广安市人民政府办公室,2018-11-26,现行有效,地方政府规章及文件
'绵阳市人民政府办公室关于加快推进农业供给侧结构性改革大力发展粮食产业经济的实施意见',绵阳市人民政府办公室,2018-11-13,现行有效,地方政府规章及文件
'金堂县人民政府办公室关于印发《关于促进金堂县建筑产业提质增效健康发展的实施方案》的通知',成都市金堂县人民政府办公室,2018-11-12,现行有效,地方政府规章及文件
'广安市人民政府关于进一步促进房地产业平稳健康发展的意见',广安市人民政府,2018-10-31,现行有效,地方政府规章及文件
'关于加快推进农业供给侧结构性改革大力发展粮食产业经济的实施意见',眉山市人民政府办公室,2018-10-22,现行有效,地方政府规章及文件
'南充市人民政府办公室关于加快推进农业供给侧结构性改革大力发展粮食产业经济的实施意见',南充市人民政府办公室,2018-10-12,现行有效,地方政府规章及文件
'德阳市人民政府办公室关于印发《德阳市加快推进农业供给侧结构性改革大力发展粮食产业经济实施方案》的通知',德阳市人民政府办公室,2018-09-27,现行有效,地方政府规章及文件
'广安市人民政府办公室关于加快推进竹产业转型发展的意见',广安市人民政府办公室,2018-09-12,现行有效,地方政府规章及文件
'关于印发《眉山市市级现代农业产业融合示范园区认定扶持办法》和《眉山市晚熟柑桔产业发展扶持办法》的通知',眉山市人民政府办公室,2018-09-10,现行有效,地方政府规章及文件
'关于推进花椒产业持续健康发展的实施意见',眉山市人民政府办公室,2018-09-05,现行有效,地方政府规章及文件
'雅安市人民政府办公室关于加快推进农业供给侧结构性改革大力发展粮食产业经济的实施意见',雅安市人民政府办公室,2018-08-22,现行有效,地方政府规章及文件
'自贡市人民政府办公室关于加快推进农业供给侧结构性改革大力发展粮食产业经济的实施意见',自贡市人民政府办公室,2018-08-21,现行有效,地方政府规章及文件
'德阳市人民政府办公室关于印发《德阳市轨道交通装备产业发展规划(2018-2025年)》的通知',德阳市人民政府办公室,2018-08-14,现行有效,地方政府规章及文件
'彭州市人民政府办公室关于印发彭州市房地产业发展五年规划(2017-2021年)的通知',彭州市人民政府办公室,2018-08-14,现行有效,地方政府规章及文件
'广安市人民政府办公室关于加快推进农业供给侧结构性改革大力发展粮食产业经济的实施意见',广安市人民政府办公室,2018-07-16,现行有效,地方政府规章及文件
'攀枝花市人民政府办公室关于转发市农牧局等部门《产业扶持政策资金管理实施细则》的通知',攀枝花市人民政府办公室,2018-07-10,现行有效,地方政府规章及文件
'达州市人民政府关于印发达州市中医药大健康产业发展三年攻坚计划(2018—2020年)的通知',达州市人民政府,2018-06-13,现行有效,地方政府规章及文件
'四川省人民政府办公厅关于推进花椒产业持续健康发展的意见',四川省人民政府办公厅,2018-05-30,现行有效,地方政府规章及文件
'南充市人民政府办公室关于印发《南充市重大工业产业发展扶持资金管理办法》的通知',南充市人民政府办公室,2018-05-28,现行有效,地方政府规章及文件
'隆昌市人民政府办公室关于印发加快隆昌市中药产业发展的实施意见',隆昌市人民政府办公室,2018-05-21,现行有效,地方政府规章及文件
'蒲江县人民政府关于印发成都(中德)职教创新集聚区产业扶持办法的通知',成都市蒲江县人民政府,2018-05-21,现行有效,地方政府规章及文件
'广元市人民政府办公室关于加快发展现代水产产业的实施意见',广元市人民政府办公室,2018-05-16,现行有效,地方政府规章及文件
'自贡市人民政府办公室印发关于以科技创新为核心推进航空产业发展的提案办理实施方案的通知',自贡市人民政府办公室,2018-05-10,现行有效,地方政府规章及文件
'关于实施“三百工程”强力推进晚熟柑桔产业发展的意见',眉山市人民政府,2018-03-23,现行有效,地方政府规章及文件
'凉山州人民政府关于抓好2018年马铃薯产业发展的意见',凉山彝族自治州人民政府,2018-03-07,现行有效,地方政府规章及文件
'广安市人民政府办公室关于加快现代水产产业发展的实施意见',广安市人民政府办公室,2018-03-02,现行有效,地方政府规章及文件
'德阳市人民政府办公室关于印发德阿产业园区灾后重建联席会议制度的通知',德阳市人民政府办公室,2018-02-05,现行有效,地方政府规章及文件
'内江市人民政府办公室关于加快内江市中药产业发展的实施意见',内江市人民政府办公室,2018-01-31,现行有效,地方政府规章及文件
'广元市人民政府关于进一步加快剑门关土鸡产业发展的意见',广元市人民政府,2018-01-29,现行有效,地方政府规章及文件
'四川省人民政府办公厅关于推进竹产业转型发展的意见',四川省人民政府办公厅,2018-01-25,现行有效,地方政府规章及文件
'关于印发《汇集创新资源推动四川产业发展三年行动计划》的通知',四川省经济和信息化委员会;四川省发展和改革委员会;四川省科学技术厅;四川省国防科学技术工业办公室;四川省知识产权局,2018-01-24,现行有效,地方政府规章及文件
'四川省人民政府办公厅关于同意建立加快发展康复辅助器具产业厅际联席会议制度的函',四川省人民政府办公厅,2018-01-23,现行有效,地方政府规章及文件
'彭州市人民政府办公室关于印发《彭州市人才公寓和产业园区配套住房租售管理办法(试行)》的通知',彭州市人民政府办公室,2018-01-12,已失效,地方政府规章及文件
'德阳市人民政府办公室关于印发德阳市中医药大健康产业“十三五”发展规划的通知',德阳市人民政府办公室,2017-12-29,现行有效,地方政府规章及文件
'达州市人民政府办公室关于印发达州市加快推进现代农业产业融合示范园区建设工作方案的通知',达州市人民政府办公室,2017-12-22,现行有效,地方政府规章及文件
'眉山市人民政府办公室关于推进全市蜂产业发展的实施意见',眉山市人民政府办公室,2017-12-19,现行有效,地方政府规章及文件
'德阳市旌阳区人民政府办公室关于印发《旌阳区现代农业产业融合示范园建设方案》的通知',德阳市旌阳区人民政府办公室,2017-12-06,现行有效,地方政府规章及文件
'关于印发《四川省“十三五”钒钛钢铁及稀土产业发展指南》的通知',四川省经济和信息化委员会,2017-11-10,现行有效,地方政府规章及文件
'宜宾市人民政府办公室关于印发宜宾市三江口中央商务区产业发展扶持政策的通知',宜宾市人民政府办公室,2017-10-25,现行有效,地方政府规章及文件
'宜宾市人民政府办公室关于印发宜宾市医药产业发展实施意见的通知',宜宾市人民政府办公室,2017-10-24,现行有效,地方政府规章及文件
'四川省林业厅关于转发《中共四川省委农村工作领导小组办公室关于印发<四川省大力发展生态康养产业实施方案(2018-2022)>的通知》的通知',四川省林业厅,2017-10-17,现行有效,地方政府规章及文件
'眉山市人民政府办公室关于印发《眉山市第三产业发展资金使用管理办法(试行)》的通知',眉山市人民政府办公室,2017-10-17,已失效,地方政府规章及文件
'德阳市人民政府办公室关于印发《支持电子信息产业发展若干政策》的通知',德阳市人民政府办公室,2017-10-15,现行有效,地方政府规章及文件
'雅安市人民政府办公室关于加快发展健身休闲产业的实施意见',雅安市人民政府办公室,2017-10-13,现行有效,地方政府规章及文件
'四川省人民政府办公厅关于加快发展现代水产产业的意见',四川省人民政府办公厅,2017-10-10,现行有效,地方政府规章及文件
'关于印发《四川省“十三五”产业技术创新规划指南》的通知',四川省经济和信息化委员会,2017-09-27,现行有效,地方政府规章及文件
'关于印发眉山市加快产业园区创新改革发展指导意见(2016—2020年)的通知',眉山市人民政府办公室,2017-09-22,现行有效,地方政府规章及文件
'青川县人民政府办公室印发《青川县产业准入负面清单》的通知',广元市青川县人民政府办公室,2017-09-22,现行有效,地方政府规章及文件
'关于印发《四川省“十三五”汽车产业发展指导意见》的通知',四川省经济和信息化委员会,2017-09-21,现行有效,地方政府规章及文件
'关于大力发展森林康养产业的意见',眉山市人民政府,2017-09-19,现行有效,地方政府规章及文件
'广安市人民政府办公室转发《四川省人民政府办公厅关于加快推进现代农业产业融合示范园区建设的意见》的通知',广安市人民政府办公室,2017-09-13,现行有效,地方政府规章及文件
'关于转发《农业部办公厅关于开展“互联网+”特色产业扶贫专题调研的通知》的通知',四川省农业厅,2017-09-05,现行有效,地方政府规章及文件
'广元市人民政府办公室关于印发《广元市笋用竹产业发展方案》的通知',广元市人民政府办公室,2017-08-22,现行有效,地方政府规章及文件
'广元市人民政府办公室关于印发《广元市推进油橄榄产业提质增效建设方案》的通知',广元市人民政府办公室,2017-08-22,现行有效,地方政府规章及文件
'广元市人民政府办公室关于印发《广元市环境保护与产业发展协同推进工作方案》的通知',广元市人民政府办公室,2017-08-21,现行有效,地方政府规章及文件
'关于认真贯彻落实《四川省人民政府办公厅关于加快推进现代农业产业融合示范园区建设的意见》的通知',四川省农业厅,2017-08-21,现行有效,地方政府规章及文件
'四川省人民政府办公厅关于加快推进现代农业产业融合示范园区建设的意见',四川省人民政府办公厅,2017-08-14,现行有效,地方政府规章及文件
'四川省人民政府关于加快康复辅助器具产业发展的实施意见',四川省人民政府,2017-08-14,现行有效,地方政府规章及文件
'广安市人民政府办公室关于印发广安市中医药大健康产业“十三五”发展规划的通知',广安市人民政府办公室,2017-08-07,现行有效,地方政府规章及文件
'四川省人民政府办公厅关于加快发展健身休闲产业的实施意见',四川省人民政府办公厅,2017-07-28,现行有效,地方政府规章及文件
'四川省国防科学技术工业办公室关于开展2017年军民融合产业发展项目检查的通知',四川省国防科学技术工业办公室,2017-07-27,现行有效,地方政府规章及文件
'德阳市人民政府办公室关于加快德阳市应急产业发展的实施意见',德阳市人民政府办公室,2017-07-21,现行有效,地方政府规章及文件
'成都市知识产权局印发关于创新要素供给培育产业生态提升国家中心城市产业能级知识产权政策措施的实施细则的通知',成都市知识产权局,2017-07-17,现行有效,地方政府规章及文件
'宜宾市人民政府办公室关于印发宜宾市节能环保产业发展专项支持政策的通知',宜宾市人民政府办公室,2017-07-13,现行有效,地方政府规章及文件
'关于印发《农业产业扶贫技术帮扶先进典型交流工作方案》的通知',四川省农业厅,2017-07-10,现行有效,地方政府规章及文件
'中共四川省委办公厅、四川省人民政府办公厅关于加强技能人才队伍建设大力培养高素质产业大军的意见',中共四川省委办公厅;四川省人民政府办公厅,2017-07-07,现行有效,地方政府规章及文件
'蒲江县人民政府关于印发促进三次产业发展若干意见的通知',成都市蒲江县人民政府,2017-07-02,已失效,地方政府规章及文件
'内江市人民政府办公室关于印发《内江市加快电子商务产业集群网状发展三年行动计划(2017—2019)》的通知',内江市人民政府办公室,2017-06-27,现行有效,地方政府规章及文件
'广元市人民政府办公室关于印发《广元市支持新能源汽车产业发展八条措施》的通知',广元市人民政府办公室,2017-06-27,现行有效,地方政府规章及文件
'广安市人民政府办公室转发《四川省人民政府办公厅关于支持返乡下乡人员创业创新促进农村一二三产业融合发展的实施意见》的通知',广安市人民政府办公室,2017-06-13,现行有效,地方政府规章及文件
'成都市林业和园林管理局关于印发成都市“6+1”现代林业产业示范基地2017年建设方案的通知',成都市林业和园林管理局,2017-06-09,现行有效,地方政府规章及文件
'关于药品上市许可持有人制度试点园区财政扶持医药产业发展的意见',眉山市人民政府,2017-06-06,已失效,地方政府规章及文件
'蒲江县人民政府关于印发蒲江县促进文化创意和旅游产业发展若干意见(试行)的通知',成都市蒲江县人民政府,2017-05-23,已失效,地方政府规章及文件
'四川省人民政府办公厅关于印发四川省中医药大健康产业“十三五”发展规划的通知',四川省人民政府办公厅,2017-05-04,现行有效,地方政府规章及文件
'四川省人民政府办公厅关于支持返乡下乡人员创业创新促进农村一二三产业融合发展的实施意见',四川省人民政府办公厅,2017-04-17,现行有效,地方政府规章及文件
'凉山州人民政府关于抓好2017年马铃薯产业发展的意见',凉山彝族自治州人民政府,2017-04-05,现行有效,地方政府规章及文件
'四川省人民政府办公厅关于促进医药产业健康发展的实施意见',四川省人民政府办公厅,2017-03-31,现行有效,地方政府规章及文件
'三台县广利乡人民政府关于推动藤椒产业发展的实施方案',绵阳市三台县广利乡人民政府,2017-03-14,现行有效,地方政府规章及文件
'宜宾市人民政府办公室关于印发宜宾市加快发展体育产业促进体育消费实施方案的通知',宜宾市人民政府办公室,2017-03-05,现行有效,地方政府规章及文件
'广安市人民政府办公室转发《四川省人民政府办公厅关于推进农村一二三产业融合发展实施意见》的通知',广安市人民政府办公室,2017-02-27,现行有效,地方政府规章及文件
'四川省人民政府办公厅关于印发做强做大四川盐产业实施方案的通知',四川省人民政府办公厅,2017-02-27,现行有效,地方政府规章及文件
'关于印发《四川省农业产业扶贫驻村农技员考核办法》《四川省农业产业扶贫驻村工作督查考核结果运用办法》的通知',四川省农业厅,2017-02-24,现行有效,地方政府规章及文件
'眉山市人民政府关于加快推进建筑产业现代化发展的实施意见',眉山市人民政府,2017-02-23,现行有效,地方政府规章及文件
'南充市人民政府办公室关于印发《南充市“十三五”新能源汽车产业发展规划(2016—2020年)》的通知',南充市人民政府办公室,2017-02-17,现行有效,地方政府规章及文件
'关于申报现代农业产业技术体系四川新增创新团队专家的通知',四川省农业厅,2017-02-10,现行有效,地方政府规章及文件
'四川省人民政府关于印发四川省“十三五”战略性新兴产业发展规划的通知',四川省人民政府,2017-02-08,现行有效,地方政府规章及文件
'四川省人民政府办公厅关于同意建立四川省推进农村一二三产业融合发展联席会议制度的函',四川省人民政府办公厅,2017-02-06,现行有效,地方政府规章及文件
'四川省人民政府办公厅关于印发四川省高新技术产业园区认定和管理办法的通知',四川省人民政府办公厅,2017-01-23,现行有效,地方政府规章及文件
'关于印发《兴攀产业发展基金管理办法》和《兴攀产业发展基金管理细则》的通知',攀枝花市人民政府办公室,2017-01-18,现行有效,地方政府规章及文件
'四川省人民政府办公厅关于印发四川省产业园区创新改革发展规划(2016—2020年)的通知',四川省人民政府办公厅,2016-12-30,现行有效,地方政府规章及文件
'关于印发《成都市促进军民融合产业加快发展的若干政策措施》实施细则的通知',成都市经济和信息化委员会;成都市财政局,2016-12-30,现行有效,地方政府规章及文件
'关于印发《〈成都市促进五大高端成长型产业发展的若干专项政策〉工业和信息化部分实施细则》的通知',成都市经济和信息化委员会;成都市财政局,2016-12-29,已失效,地方政府规章及文件
'雅安市人民政府关于加快电子商务产业发展的实施意见',雅安市人民政府,2016-12-27,现行有效,地方政府规章及文件
'四川省国防科学技术工业办公室关于加强省级军民结合产业发展专项资金产品技术开发项目实施情况信息报送工作的通知',四川省国防科学技术工业办公室,2016-12-27,现行有效,地方政府规章及文件
'德阳市旌阳区人民政府办公室关于印发《德阳市旌阳区贫困村贫困户产业扶持周转金管理实施细则》的通知',德阳市旌阳区人民政府办公室,2016-11-30,现行有效,地方政府规章及文件
'眉山市人民政府办公室关于印发眉山市竹编产业发展扶持专项资金使用管理办法的通知',眉山市人民政府办公室,2016-11-22,已失效,地方政府规章及文件
'关于印发《设立贫困村产业扶持基金的实施方案》的通知',绵阳市三台县紫河镇人民政府,2016-10-27,现行有效,地方政府规章及文件
'三台县林业局关于做好2016年省级财政现代林业产业发展资金项目实施工作的通知',绵阳市三台县林业局,2016-10-20,现行有效,地方政府规章及文件
'眉山市人民政府办公室关于印发眉山市竹编产业发展2016年度实施方案的通知',眉山市人民政府办公室,2016-09-02,现行有效,地方政府规章及文件
'邛崃市人民政府办公室关于印发《邛崃市关于支持白酒产业发展的十条措施(试行)》的通知',邛崃市人民政府办公室,2016-08-09,已失效,地方政府规章及文件
'达州市人民政府关于促进建筑业和房地产业持续健康发展的十条意见',达州市人民政府,2016-08-01,现行有效,地方政府规章及文件
'德阳市人民政府办公室关于印发德阳市加快推进四川德阳广告创意产业园建设促进广告产业发展若干扶持政策的通知',德阳市人民政府办公室,2016-07-06,现行有效,地方政府规章及文件
'关于印发《攀枝花市加快电子商务产业发展的工作方案》的通知',攀枝花市人民政府办公室,2016-06-29,现行有效,地方政府规章及文件
'雅安市人民政府办公室关于全面推进雅茶产业转型升级的意见',雅安市人民政府办公室,2016-06-28,现行有效,地方政府规章及文件
'关于印发《攀枝花市促进高新技术产业发展奖励办法》的通知',攀枝花市人民政府办公室,2016-06-17,现行有效,地方政府规章及文件
'德阳市人民政府办公室关于印发《德阳市医药产业发展规划》的通知',德阳市人民政府办公室,2016-06-17,现行有效,地方政府规章及文件
'德阳市旌阳区人民政府办公室关于印发《德阳市旌阳区促进旅游产业发展奖励补助政策规定》的通知',德阳市旌阳区人民政府办公室,2016-06-17,已失效,地方政府规章及文件
'德阳市人民政府关于加快推进德阳市石墨烯产业发展的实施意见',德阳市人民政府,2016-06-02,现行有效,地方政府规章及文件
'关于转发国家对软件和集成电路产业企业实施所得税优惠政策相关文件的通知',四川省经济和信息化委员会办公室,2016-05-23,现行有效,地方政府规章及文件
'广元市人民政府关于突破性发展肉牛羊产业的意见',广元市人民政府,2016-05-20,现行有效,地方政府规章及文件
'眉山市人民政府办公室关于加强文化产业统计工作的通知',眉山市人民政府办公室,2016-04-20,现行有效,地方政府规章及文件
'眉山市人民政府关于加快发展体育产业促进体育消费的实施意见',眉山市人民政府,2016-02-25,现行有效,地方政府规章及文件
'关于印发《绵阳市现代服务业重点产业及空间布局方案(2016-2020年)》的通知',绵阳市人民政府办公室,2016-02-02,现行有效,地方政府规章及文件
'达州市人民政府办公室关于进一步做大做强蔬菜产业的意见',达州市人民政府办公室,2016-02-01,已失效,地方政府规章及文件
'彭州市人民政府印发彭州市关于加快蔬菜全产业链发展实施方案的通知',彭州市人民政府,2016-01-29,现行有效,地方政府规章及文件
'广安市人民政府关于进一步促进房地产业平稳健康发展的通知',广安市人民政府,2016-01-08,已失效,地方政府规章及文件
'金堂县人民政府办公室关于印发《金堂县电子商务产业孵化中心专项优惠政策实施方案》的通知',成都市金堂县人民政府办公室,2016,现行有效,地方政府规章及文件
'金堂县人民政府办公室关于印发《成都市节能环保产业基地循环经济(余热利用)示范区规划》的通知',成都市金堂县人民政府办公室,2016,现行有效,地方政府规章及文件
'广元市人民政府关于加快发展体育产业促进体育消费的实施意见',广元市人民政府,2015-12-24,现行有效,地方政府规章及文件
'广元市人民政府办公室关于进一步加快能源化工产业发展的通知',广元市人民政府办公室,2015-12-17,现行有效,地方政府规章及文件
'眉山市人民政府办公室关于印发眉山岷江现代农业示范园区产业发展扶持资金管理办法的通知',眉山市人民政府办公室,2015-12-03,现行有效,地方政府规章及文件
'宜宾市人民政府办公室关于印发《宜宾市电子商务产业发展规划(2015—2020)》的通知',宜宾市人民政府办公室,2015-12-03,现行有效,地方政府规章及文件
'关于印发《创建四川省新型工业化产业示范基地和特色产业基地管理办法》的通知',四川省经济和信息化委员会,2015-11-19,已失效,地方政府规章及文件
'德阳市人民政府关于加快发展体育产业促进体育消费的贯彻意见',德阳市人民政府,2015-11-18,现行有效,地方政府规章及文件
'关于贯彻落实《四川省促进云计算创新发展培育信息产业新业态分工方案》的通知',四川省经济和信息化委员会办公室,2015-11-11,现行有效,地方政府规章及文件
'雅安市人民政府办公室关于印发雅安市留存电量价格政策扶持产业重建实施办法的通知',雅安市人民政府办公室,2015-10-19,现行有效,地方政府规章及文件
'广元市人民政府办公室关于促进电子商务产业发展支持政策的实施意见',广元市人民政府办公室,2015-09-28,已失效,地方政府规章及文件
'广安市人民政府办公室关于加快高新技术产业发展的意见',广安市人民政府办公室,2015-09-06,现行有效,地方政府规章及文件
'宜宾市人民政府关于加快牛羊产业发展的意见',宜宾市人民政府,2015-08-10,现行有效,地方政府规章及文件
'凉山州人民政府关于促进我州房地产业平稳健康发展的通知',凉山彝族自治州人民政府,2015-07-14,现行有效,地方政府规章及文件
'广安市人民政府办公室关于印发2015年广安市电子商务产业发展实施方案的通知',广安市人民政府办公室,2015-07-10,现行有效,地方政府规章及文件
'凉山州人民政府关于支持新能源产业加快发展的实施意见',凉山彝族自治州人民政府,2015-06-24,现行有效,地方政府规章及文件
'广安市人民政府办公室关于做好2015年新型住宅制造(房地产)产业发展工作的通知',广安市人民政府办公室,2015-06-19,已失效,地方政府规章及文件
'巴中市人民政府关于进一步转变财政支持产业发展方式的意见',巴中市人民政府,2015-06-12,现行有效,地方政府规章及文件
'凉山州人民政府办公室关于印发推进文化创意和设计服务与相关产业融合发展专项行动计划(2014—2020年)的通知',凉山彝族自治州人民政府办公室,2015-05-21,现行有效,地方政府规章及文件
'关于印发《攀枝花市推进文化创意和设计服务与相关产业融合发展专项行动计划(2014～2020年)》的通知',攀枝花市人民政府办公室,2015-04-24,现行有效,地方政府规章及文件
'蒲江县人民政府办公室关于加强茶叶、猕猴桃、柑橘“三大产业”质量安全监管的实施意见',成都市蒲江县人民政府办公室,2015-04-24,现行有效,地方政府规章及文件
'眉山市人民政府办公室关于印发眉山市人民政府第三产业办公室主要职责内设机构和人员编制规定的通知',眉山市人民政府办公室,2015-04-21,现行有效,地方政府规章及文件
'凉山州人民政府关于抓好2015年马铃薯产业发展的意见',凉山彝族自治州人民政府,2015-04-08,现行有效,地方政府规章及文件
'广元市人民政府关于加快农业优势特色产业发展的意见',广元市人民政府,2015-03-16,现行有效,地方政府规章及文件
'金堂县人民政府办公室关于印发金堂县加快重大项目引进促进产业转型升级实施意见的通知',成都市金堂县人民政府办公室,2015,已失效,地方政府规章及文件
'眉山市人民政府办公室关于扶持眉山经济开发区新区(西部药谷)医药产业发展的意见(试行)',眉山市人民政府办公室,2014-10-23,已失效,地方政府规章及文件
'宜宾市人民政府关于进一步加快民营经济产业转型创新发展的意见',宜宾市人民政府,2014-10-20,现行有效,地方政府规章及文件
'宜宾市人民政府办公室关于印发《宜宾市产业园区发展总体规划(2013—2020年)》的通知',宜宾市人民政府办公室,2014-09-17,现行有效,地方政府规章及文件
'眉山市人民政府关于加快推进文化产业发展的意见',眉山市人民政府,2014-09-01,现行有效,地方政府规章及文件
'巴中市人民政府关于加快实施茶叶产业“双百”工程的意见',巴中市人民政府,2014-07-29,现行有效,地方政府规章及文件
'甘孜藏族自治州人民政府关于2014—2015年加快发展节能环保产业的实施意见',甘孜藏族自治州人民政府,2014-07-17,现行有效,地方政府规章及文件
'凉山州人民政府关于加快推进我州苦荞麦产业发展的意见',凉山彝族自治州人民政府,2014-07-11,现行有效,地方政府规章及文件
'关于印发《攀枝花市重点钒钛产业项目贷款贴息资金管理办法》的通知',攀枝花市人民政府办公室,2014-06-27,现行有效,地方政府规章及文件
'关于印发《攀枝花市钒钛产业发展基金运作方案》的通知',攀枝花市人民政府办公室,2014-06-27,现行有效,地方政府规章及文件
'关于印发攀枝花钒钛高新技术产业园区危险化学品安全生产重点工作攻坚方案的通知',攀枝花市人民政府办公室,2014-06-06,现行有效,地方政府规章及文件
'关于印发《攀枝花市2014年产业园区工作安排》的通知',攀枝花市人民政府办公室,2014-05-21,现行有效,地方政府规章及文件
'巴中市人民政府办公室关于加快发展现代水产业的意见',巴中市人民政府办公室,2014-05-20,现行有效,地方政府规章及文件
'眉山市人民政府办公室关于印发眉山市市级文化产业发展专项资金管理暂行办法的通知',眉山市人民政府办公室,2014-05-08,已失效,地方政府规章及文件
'蒲江县人民政府关于印发促进三次产业转型升级相关意见的通知',成都市蒲江县人民政府,2014-04-22,已失效,地方政府规章及文件
'宜宾市人民政府关于加快蔬菜产业发展的意见',宜宾市人民政府,2014-03-06,现行有效,地方政府规章及文件
'雅安市人民政府办公室关于印发《雅安市“4·20”芦山强烈地震产业重建生态文化旅游发展基金使用管理办法》的通知',雅安市人民政府办公室,2014,现行有效,地方政府规章及文件
'眉山市人民政府办公室关于发展手工产业促进妇女居家灵活就业的意见',眉山市人民政府办公室,2013-12-31,现行有效,地方政府规章及文件
'南充市人民政府办公室关于加快丘区林业产业强市建设的意见',南充市人民政府办公室,2013-09-30,现行有效,地方政府规章及文件
'南充市人民政府办公室关于印发《南充市2013—2017年战略性新兴产业发展规划》的通知',南充市人民政府办公室,2013-09-17,现行有效,地方政府规章及文件
'广安市人民政府办公室关于开展家禽产业政策性保险试点工作的意见',广安市人民政府办公室,2013-07-29,现行有效,地方政府规章及文件
'南充市人民政府办公室关于振兴工艺美术产业发展的意见',南充市人民政府办公室,2013-06-20,现行有效,地方政府规章及文件
'德阳市人民政府办公室批转市科知局等部门《关于加强德阳战略性新兴产业知识产权工作意见》的通知',德阳市人民政府办公室,2013-04-27,现行有效,地方政府规章及文件
'甘孜藏族自治州人民政府关于印发甘孜州加快发展特色文化产业实施方案的通知',甘孜藏族自治州人民政府,2013-04-23,现行有效,地方政府规章及文件
'甘孜藏族自治州人民政府印发甘孜州加快发展中藏医药产业实施方案的通知',甘孜藏族自治州人民政府,2013-04-19,现行有效,地方政府规章及文件
'德阳市人民政府关于加快推进文化产业发展的意见',德阳市人民政府,2013-03-20,现行有效,地方政府规章及文件
'凉山州人民政府关于抓好2013年马铃薯产业发展的意见',凉山彝族自治州人民政府,2013-02-25,现行有效,地方政府规章及文件
'宜宾市人民政府办公室关于印发《宜宾市白酒产业“十二五”发展规划》的通知',宜宾市人民政府办公室,2013-02-04,现行有效,地方政府规章及文件
'宜宾市人民政府办公室关于加快我市工艺美术产业发展的意见',宜宾市人民政府办公室,2013-01-26,现行有效,地方政府规章及文件
'广安市人民政府办公室关于印发广安市“十二五”文化事业和文化产业发展规划的通知',广安市人民政府办公室,2013-01-17,现行有效,地方政府规章及文件
'成都市青羊区人民政府办公室关于印发青羊区文化产业扶持奖励经费使用办法(试行)的通知',成都市青羊区人民政府办公室,2012-11-26,已失效,地方政府规章及文件
'宜宾市人民政府关于加快文化产业发展的意见',宜宾市人民政府,2012-09-12,现行有效,地方政府规章及文件
'广安市人民政府关于加快推进文化产业发展的实施意见',广安市人民政府,2012-08-27,现行有效,地方政府规章及文件
'宜宾市人民政府办公室关于加快发展现代林业产业的意见',宜宾市人民政府办公室,2012-08-23,现行有效,地方政府规章及文件
'眉山市人民政府办公室关于印发全市重点工业园区主导产业发展规划编制工作方案的通知',眉山市人民政府办公室,2012-08-21,已失效,地方政府规章及文件
'眉山市人民政府办公室关于印发眉山市都市近郊型现代农业“两纵一横”产业示范带建设实施方案的通知',眉山市人民政府办公室,2012-08-09,已失效,地方政府规章及文件
'眉山市人民政府办公室关于印发眉山市战略性新兴产业发展2012年实施计划的通知',眉山市人民政府办公室,2012-06-05,已失效,地方政府规章及文件
'成都市青羊区人民政府关于印发“全国都市文化旅游服务产业知名品牌创建示范区”工作方案的通知',成都市青羊区人民政府,2012-06-01,已失效,地方政府规章及文件
'德阳市人民政府办公室关于加快发展现代林业产业的意见',德阳市人民政府办公室,2012-05-17,现行有效,地方政府规章及文件
'眉山市人民政府办公室关于印发眉山市“十二五”文化、体育、广播电影电视、新闻出版事业和产业发展规2012年实施计划的通知',眉山市人民政府办公室,2012-05-07,已失效,地方政府规章及文件
'广安市人民政府办公室关于切实抓好2012年蔬菜产业发展工作的通知',广安市人民政府办公室,2012-03-05,已失效,地方政府规章及文件
'自贡市人民政府办公室转发《省政府办公厅关于促进电影产业繁荣发展的实施意见》的通知',自贡市人民政府办公室,2012-02-15,现行有效,地方政府规章及文件
'巴中市人民政府关于加快蔬菜产业发展的意见',巴中市人民政府,2011-04-06,已失效,地方政府规章及文件
'巴中市人民政府关于加快推进水产业发展的意见',巴中市人民政府,2011-03-29,已失效,地方政府规章及文件
'广安市人民政府办公室关于印发《广安市旅游产业发展“十一五”规划》的通知',广安市人民政府办公室,2007-11-20,现行有效,地方政府规章及文件
'德阳市人民政府关于加快发展新材料产业的实施意见',德阳市人民政府,2007-10-19,现行有效,地方政府规章及文件
'广安市人民政府办公室关于贯彻省政府关于加快林业产业发展的意见的通知',广安市人民政府办公室,2007-10-18,现行有效,地方政府规章及文件
'广安市人民政府办公室转发市农业局《关于加快蔬菜产业发展的意见》的通知',广安市人民政府办公室,2006-03-21,现行有效,地方政府规章及文件
'四川省民政厅关于同意四川省创新产业合作促进会成立登记的批复',四川省民政厅,2016-12-07,现行有效,地方政府规章及文件
'四川省人民政府安全生产委员会关于进一步完善安全生产监管体制机制加强产业园区安全生产监管工作的指导意见',四川省人民政府安全生产委员会,2016-11-30,现行有效,地方政府规章及文件
'成都市人民政府办公厅关于印发成都市文化创意产业统计方案的通知',成都市人民政府办公厅,2016-11-10,现行有效,地方政府规章及文件
'四川省人民政府办公厅关于推进农村一二三产业融合发展的实施意见',四川省人民政府办公厅,2016-10-31,现行有效,地方政府规章及文件
'关于印发《〈关于加快成都市生物医药产业发展的专项政策〉实施细则》的通知',成都市经济和信息化委员会;成都市财政局,2016-10-18,已失效,地方政府规章及文件
'四川省农业厅关于贯彻落实全省现代水产产业工作会议精神的通知',四川省农业厅,2016-09-18,现行有效,地方政府规章及文件
'关于印发《成都市军民融合产业发展“十三五”规划》的通知',成都市军民融合发展推进领导小组办公室,2016-09-06,现行有效,地方政府规章及文件
'成都市人民政府关于支持音乐产业发展的意见',成都市人民政府,2016-08-08,现行有效,地方政府规章及文件
'成都市人民政府关于支持音乐产业发展的意见',成都市人民政府,2016-08-08,现行有效,地方政府规章及文件
'四川省人民政府办公厅关于加快应急产业发展的实施意见',四川省人民政府办公厅,2016-07-28,现行有效,地方政府规章及文件
'成都市人民政府办公厅关于推进农村一二三产业融合发展实行用地价格补助的意见',成都市人民政府办公厅,2016-07-25,现行有效,地方政府规章及文件
'关于进一步加强和改善农业产业技术扶贫工作的紧急通知',四川省农业厅,2016-07-15,现行有效,地方政府规章及文件
'关于印发《关于加快成都市生物医药产业发展的专项政策》的通知',成都市经济和信息化委员会;成都市财政局,2016-07-11,已失效,地方政府规章及文件
'成都市林业和园林管理局关于印发成都市“6+1”现代林业产业示范基地2016年建设方案的通知',成都市林业和园林管理局,2016-06-16,现行有效,地方政府规章及文件
'成都市人民政府办公厅关于进一步加快成都市川菜产业发展的实施意见',成都市人民政府办公厅,2016-05-31,现行有效,地方政府规章及文件
'内江市人民政府办公室关于化解库存促进房地产业健康发展的实施意见',内江市人民政府办公室,2016-05-19,已失效,地方政府规章及文件
'关于征集2017年度文化产业发展专项资金新闻出版广播影视重大项目的通知',四川省新闻出版广电局,2016-05-03,现行有效,地方政府规章及文件
'四川省人民政府办公厅关于印发四川省页岩气产业发展2016年度实施计划的通知',四川省人民政府办公厅,2016-04-12,现行有效,地方政府规章及文件
'四川省住房和城乡建设厅关于贯彻《四川省人民政府关于推进建筑产业现代化发展的指导意见》的通知',四川省住房和城乡建设厅,2016-03-28,现行有效,地方政府规章及文件
'四川省人民政府关于推进建筑产业现代化发展的指导意见',四川省人民政府,2016-03-23,现行有效,地方政府规章及文件
'成都市人民政府关于加快发展体育产业促进体育消费的实施意见',成都市人民政府,2016-03-21,现行有效,地方政府规章及文件
'成都市科学技术局关于印发《成都市产业集群协同创新项目管理暂行办法》的通知',成都市科学技术局,2016-03-16,已失效,地方政府规章及文件
'内江市人民政府关于加快发展体育产业促进体育消费的实施意见',内江市人民政府,2016-02-16,现行有效,地方政府规章及文件
'四川省人民政府关于加快电子商务产业发展的实施意见',四川省人民政府,2016-01-20,现行有效,地方政府规章及文件
'巴中市巴州区人民政府办公室关于大力推进温氏30万头生猪产业一体化项目合作养殖单元建设的通知',巴中市巴州区人民政府办公室,2015-11-30,现行有效,地方政府规章及文件
'巴中市巴州区人民政府办公室关于印发《巴中市巴州区温氏30万头生猪产业一体化项目实施方案》的通知',巴中市巴州区人民政府办公室,2015-11-30,现行有效,地方政府规章及文件
'关于印发丹棱县县级文化产业发展专项资金管理暂行办法的通知',眉山市丹棱县人民政府办公室,2015-10-28,已失效,地方政府规章及文件
'松潘县人民政府办公室关于印发《松潘县镇江关生态产业园区入园企业管理暂行办法》的通知',阿坝藏族羌族自治州松潘县人民政府办公室,2015-10-20,已失效,地方政府规章及文件
'达州市人民政府办公室关于切实加快木本油料产业发展的通知',达州市人民政府办公室,2015-10-14,现行有效,地方政府规章及文件
'四川省人民政府关于印发四川省省级产业发展投资引导基金管理办法的通知',四川省人民政府,2015-09-30,已失效,地方政府规章及文件
'四川省工商行政管理局关于贯彻落实《中共四川省委办公厅、四川省人民政府办公厅关于支持发展新兴产业新型业态拓宽农民增收渠道的意见》的通知',四川省工商行政管理局,2015-09-29,现行有效,地方政府规章及文件
'四川省发展和改革委员会关于执行《西部地区鼓励类产业目录》的通知',四川省发展和改革委员会,2015-09-16,已失效,地方政府规章及文件
'泸州市江阳区人民政府办公室关于印发推进文化创意和设计服务与相关产业融合发展专项行动计划(2015-2020年)的通知',泸州市江阳区人民政府办公室,2015-08-28,现行有效,地方政府规章及文件
'内江市人民政府办公室关于加快医药产业创新发展的实施意见',内江市人民政府办公室,2015-08-10,现行有效,地方政府规章及文件
'汶川县人民政府办公室转发《四川省人民政府关于加快发展体育产业促进体育消费的实施意见》的通知',阿坝藏族羌族自治州汶川县人民政府办公室,2015-07-13,现行有效,地方政府规章及文件
'四川省人民政府关于认定四川中江经济开发区为省级高新技术产业园区的批复',四川省人民政府,2015-07-07,现行有效,地方政府规章及文件
'四川省人民政府关于加快发展体育产业促进体育消费的实施意见',四川省人民政府,2015-07-06,现行有效,地方政府规章及文件
'四川省发展和改革委员会转发《国家发展改革委关于实施新兴产业重大工程包的通知》的通知',四川省发展和改革委员会,2015-06-26,现行有效,地方政府规章及文件
'关于印发《关于2015年进一步落实促进蜀绣产业发展扶持政策的实施办法》的通知',成都市经济和信息化委员会;成都市妇女联合会;成都市财政局,2015-06-12,现行有效,地方政府规章及文件
'大竹县人民政府办公室关于印发《大竹县2015年茶产业发展实施方案》的通知',达州市大竹县人民政府办公室,2015-06-08,现行有效,地方政府规章及文件
'四川省人民政府关于促进服务外包产业加快发展的实施意见',四川省人民政府,2015-06-05,现行有效,地方政府规章及文件
'四川省人民政府办公厅转发省经济和信息化委《关于促进白酒产业转型升级健康发展指导意见》的通知',四川省人民政府办公厅,2015-05-26,现行有效,地方政府规章及文件
'中国人民银行成都分行、中共四川省委农村工作委员会、四川省人民政府金融办、四川省农业厅关于印发《金融支持四川现代粮食产业基地建设工作方案》的通知',中国人民银行成都分行;中共四川省委农村工作委员会;四川省人民政府金融办公室;四川省农业厅,2015-05-25,现行有效,地方政府规章及文件
'汶川县人民政府办公室关于印发汶川县2015年农业产业贴息实施方案的通知',阿坝藏族羌族自治州汶川县人民政府办公室,2015-05-20,现行有效,地方政府规章及文件
'大竹县人民政府关于加快推进富硒茶产业发展的实施意见',达州市大竹县人民政府,2015-05-04,现行有效,地方政府规章及文件
'四川省人民政府关于加快发展生产性服务业促进产业结构调整升级的实施意见',四川省人民政府,2015-04-29,现行有效,地方政府规章及文件
'四川省人民政府办公厅关于加快木本油料产业发展的实施意见',四川省人民政府办公厅,2015-04-20,现行有效,地方政府规章及文件
'自贡高新技术产业开发区管理委员会关于印发《高新区零星工程(勘察、设计、监理、施工)企业建库办法》的通知',自贡高新技术产业开发区管理委员会,2015-04-14,现行有效,地方政府规章及文件
'屏山县人民政府办公室关于印发《屏山县“产业扶贫促进行动”实施方案》的通知',宜宾市屏山县人民政府办公室,2015-04-10,现行有效,地方政府规章及文件
'射洪县人民政府办公室关于印发《射洪县养老健康服务产业发展推进方案》的通知',遂宁市射洪县人民政府办公室,2015-04-03,现行有效,地方政府规章及文件
'四川省知识产权局关于加快推进我省产业园区知识产权服务平台建设的指导意见',四川省知识产权局,2015-04-02,现行有效,地方政府规章及文件
'四川省人民政府办公厅关于加快医药产业创新发展的实施意见',四川省人民政府办公厅,2015-03-11,现行有效,地方政府规章及文件
'四川省教育厅关于印发《2015年学校后勤与产业工作要点》的通知',四川省教育厅,2015-03-11,现行有效,地方政府规章及文件
'四川省人民政府办公厅关于印发2015年全省电子商务产业发展工作安排的通知',四川省人民政府办公厅,2015-02-27,现行有效,地方政府规章及文件
'蓬安县人民政府办公室关于做好2015年生猪产业发展的通知',南充市蓬安县人民政府办公室,2015-02-12,现行有效,地方政府规章及文件
'内江市人民政府办公室印发推进文化创意和设计服务与相关产业融合发展专项行动计划(2015—2020年)的通知',内江市人民政府办公室,2015-02-09,现行有效,地方政府规章及文件
'关于印发仪陇县农业产业发展激励扶持办法的通知',南充市仪陇县人民政府办公室,2015-02-05,现行有效,地方政府规章及文件
'四川省发展和改革委员会关于印发四川广安承接产业转移示范区建设规划(2014-2020年)的通知',四川省发展和改革委员会,2015-01-20,现行有效,地方政府规章及文件
'内江市人民政府印发《关于支持高新技术产业和战略性新兴产业发展的若干政策》的通知',内江市人民政府,2014-12-11,现行有效,地方政府规章及文件
'佛头山文化产业园管委会关于进一步加强城乡环境综合整治的通知',巴中市平昌县佛头山文化产业园管理委员会,2014-11-10,现行有效,地方政府规章及文件
'成都市人民政府办公厅关于印发成都市文化创意和设计服务与相关产业融合发展行动计划(2014-2020)的通知',成都市人民政府办公厅,2014-10-10,现行有效,地方政府规章及文件
'关于印发《四川省省级财政创新驱动发展资金(战略性新兴产业发展专项)项目管理工作实施细则(试行)》的通知',四川省经济和信息化委员会;四川省财政厅,2014-09-24,现行有效,地方政府规章及文件
'四川省人民政府办公厅印发推进文化创意和设计服务与相关产业融合发展专项行动计划(2014—2020年)的通知',四川省人民政府办公厅,2014-09-19,现行有效,地方政府规章及文件
'四川省国防科学技术工业办公室关于印发《四川省省级军民结合产业发展专项资金项目验收实施细则(试行)》的通知',四川省国防科学技术工业办公室,2014-09-17,现行有效,地方政府规章及文件
'四川省经济和信息化委员会办公室关于印发《四川省省级财政创新驱动发展专项资金(战略性新兴产业专项)支持项目竣工验收办法》的通知',四川省经济和信息化委员会办公室,2014-09-15,已失效,地方政府规章及文件
'四川省人民政府关于印发支持成都高新技术产业开发区创建国家自主创新示范区十条政策的通知',四川省人民政府,2014-09-02,现行有效,地方政府规章及文件
'四川省经济和信息化委员会办公室关于印发《四川省工艺美术产业发展实施方案》的通知',四川省经济和信息化委员会办公室,2014-08-12,现行有效,地方政府规章及文件
'泸县人民政府办公室关于印发《2014年现代服务业产业突破工作要点》的通知',泸州市泸县人民政府办公室,2014-08-01,现行有效,地方政府规章及文件
'泸州市龙马潭区人民政府办公室关于印发《泸州市龙马潭区2014年化工产业突破实施意见》的通知',泸州市龙马潭区人民政府办公室,2014-07-24,现行有效,地方政府规章及文件
'四川省工商行政管理局关于加强全省旅游市场监管促进旅游产业健康发展的指导意见',四川省工商行政管理局,2014-07-16,现行有效,地方政府规章及文件
'四川省人民政府关于支持天府新区创新研发产业功能区建设的意见',四川省人民政府,2014-06-28,现行有效,地方政府规章及文件
'四川省经济和信息化委员会、四川省商务厅关于印发《芦山地震灾后恢复重建产业重建专项规划实施项目(调整版)》的通知',四川省经济和信息化委员会;四川省商务厅,2014-06-25,现行有效,地方政府规章及文件
'四川省人民政府办公厅关于促进地理信息产业发展的实施意见',四川省人民政府办公厅,2014-06-13,现行有效,地方政府规章及文件
'中共蓬溪县天福镇委员会关于印发《天福镇农村产业党建工作实施意见》的通知',中共遂宁市蓬溪县天福镇委员会,2014-05-23,现行有效,地方政府规章及文件
'广汉市人民政府关于印发《德阳广汉高新技术产业园区企业科技创新基金管理办法(试行)》的通知',广汉市人民政府,2014-05-22,已失效,地方政府规章及文件
'关于印发《<成都市人民政府办公厅关于加快全市蜀绣产业发展促进妇女居家灵活就业的意见>相关政策补充调整实施细则》的通知',成都市经济和信息化委员会;成都市妇女联合会;成都市财政局,2014-05-16,现行有效,地方政府规章及文件
'关于印发《<成都市人民政府办公厅关于加快全市蜀绣产业发展促进妇女居家灵活就业的意见>相关政策补充调整实施细则》的通知',成都市经济和信息化委员会;成都市妇女联合会;成都市财政局,2014-05-16,现行有效,地方政府规章及文件
'汶川县人民政府关于印发《汶川县加快推进茶叶产业转型升级的实施意见》的通知',阿坝藏族羌族自治州汶川县人民政府,2014-04-24,现行有效,地方政府规章及文件
'泸县人民政府办公室关于印发《泸州医药产业园入驻企业管理办法(试行)》的通知',泸州市泸县人民政府办公室,2014-04-14,现行有效,地方政府规章及文件
'平昌县佛头山文化产业园管委会“挂包帮”活动方案',巴中市平昌县佛头山文化产业园管理委员会,2014-03-30,现行有效,地方政府规章及文件
'上峡乡人民政府关于巩固发展优质黑花生产业的通知',达州市宣汉县上峡乡人民政府,2014-03-17,现行有效,地方政府规章及文件
'平昌县佛头山文化产业园管委会2014年纪检工作要点',巴中市平昌县佛头山文化产业园管理委员会,2014-03-16,现行有效,地方政府规章及文件
'关于印发《平昌县佛头山文化产业园管委会党的群众路线教育实践活动深入开展“四风”突出问题专项整治实施方案》的通知',巴中市平昌县佛头山文化产业园管理委员会,2014-03-12,现行有效,地方政府规章及文件
'关于印发《平昌县佛头山文化产业园党的群众路线教育实践活动宣传工作方案》的通知',中共巴中市平昌县佛头山文化产业园党委,2014-03-12,现行有效,地方政府规章及文件
'达州市人民政府关于大力实施富硒茶产业“双百”工程的意见',达州市人民政府,2014-03-11,现行有效,地方政府规章及文件
'镇龙镇人民政府关于2014年茶叶产业建设实施方案',巴中市平昌县镇龙镇人民政府,2014-03-05,现行有效,地方政府规章及文件
'中共镇龙镇委员会、镇龙镇人民政府关于加快发展茶叶产业的意见',中共巴中市平昌县镇龙镇委员会;巴中市平昌县镇龙镇人民政府,2014-03-05,现行有效,地方政府规章及文件
'成都市旅游产业发展领导小组办公室关于印发《成都市旅游投诉统一受理工作方案》的通知',成都市旅游产业发展领导小组办公室,2014-02-28,现行有效,地方政府规章及文件
'四川省人民政府关于化解产能过剩矛盾促进产业结构调整的实施意见',四川省人民政府,2014-02-22,已失效,地方政府规章及文件
'四川省人民政府办公厅关于加快发展现代水产业的通知',四川省人民政府办公厅,2014-02-17,现行有效,地方政府规章及文件
'四川省教育厅关于印发《2014年学校后勤与产业工作要点》的通知',四川省教育厅,2014-02-17,现行有效,地方政府规章及文件
'万源市旅游产业发展领导小组办公室关于做好春节期间旅游安全工作的紧急通知',万源市旅游产业发展领导小组办公室,2014-01-27,现行有效,地方政府规章及文件
'内江市人民政府转发《省政府关于进一步加快发展节能环保产业的实施意见》的通知',内江市人民政府,2014-01-26,现行有效,地方政府规章及文件
'雷波县人民政府关于抓好2014年马铃薯产业发展的意见',凉山彝族自治州雷波县人民政府,2014-01-22,现行有效,地方政府规章及文件
'松潘县人民政府办公室印发《松潘县旅游文化产业信用体系建设实施细则》的通知',阿坝藏族羌族自治州松潘县人民政府办公室,2014-01-16,现行有效,地方政府规章及文件
'小金县人民政府办公室关于印发《小金县旅游文化产业信用体系建设实施细则》的通知',阿坝藏族羌族自治州小金县人民政府办公室,2014-01-06,现行有效,地方政府规章及文件
'汶川县人民政府办公室关于印发《汶川县旅游文化产业信用体系建设实施细则》的通知',阿坝藏族羌族自治州汶川县人民政府办公室,2014-01-02,现行有效,地方政府规章及文件
'平昌县佛头山文化产业园管委会2014年工作要点',巴中市平昌县佛头山文化产业园管理委员会,2014-01-01,现行有效,地方政府规章及文件
'岳池县人民政府办公室关于做好家禽产业政策性保险试点工作的通知',广安市岳池县人民政府办公室,2013-12-31,已失效,地方政府规章及文件
'四川省人民政府关于进一步加快发展节能环保产业的实施意见',四川省人民政府,2013-12-27,现行有效,地方政府规章及文件
'泸州市江阳区人民政府办公室关于印发泸州新能源新材料产业园区管理委员会主要职责内设机构和人员编制规定的通知',泸州市江阳区人民政府办公室,2013-12-17,现行有效,地方政府规章及文件
'内江市人民政府关于实施“工业主导”战略暨推进产业园区发展的实施意见',内江市人民政府,2013-12-09,现行有效,地方政府规章及文件
'平昌县佛头山文化产业园党委关于印发《“转作风.惠民生”活动实施方案》的通知',中共巴中市平昌县佛头山文化产业园管理委员会委员会,2013-12-04,现行有效,地方政府规章及文件
'关于印发《佛头山文化产业园管委会第九届村委会换届选举工作实施方案》的通知',巴中市平昌县佛头山文化产业园管理委员会,2013-11-14,已失效,地方政府规章及文件
'四川省经济和信息化委员会关于印发《四川省天然气化工产业转型升级规划(2013-2017)》的通知',四川省经济和信息化委员会,2013-11-12,现行有效,地方政府规章及文件
'汶川县人民政府办公室关于印发《汶川县旅游文化产业信用体系建设实施方案》的通知',阿坝藏族羌族自治州汶川县人民政府办公室,2013-11-11,现行有效,地方政府规章及文件
'夹江县人民政府办公室关于印发《乐山市夹江高端陶瓷产业园区管理委员会主要职责内设机构和人员编制规定》的通知',乐山市夹江县人民政府办公室,2013-10-30,现行有效,地方政府规章及文件
'平昌县佛头山文化产业园管委会关于印发《农村财务审计工作实施方案》的通知',巴中市平昌县佛头山文化产业园管理委员会,2013-10-19,已失效,地方政府规章及文件
'珙县人民政府关于加快文化产业发展的实施意见',宜宾市珙县人民政府,2013-10-18,现行有效,地方政府规章及文件
'佛头山文化产业园管委会关于印发《建设领域“三违”治理工作宣传方案》的通知',巴中市平昌县佛头山文化产业园管理委员会,2013-10-18,现行有效,地方政府规章及文件
'内江市人民政府办公室关于印发内江市促进天然气汽车产业健康发展实施方案的通知',内江市人民政府办公室,2013-10-17,现行有效,地方政府规章及文件
'内江市人民政府关于加快蚕桑丝绸产业发展的意见',内江市人民政府,2013-10-15,现行有效,地方政府规章及文件
'内江市人民政府办公室关于开展现代粮食产业示范基地建设的试点意见',内江市人民政府办公室,2013-10-12,现行有效,地方政府规章及文件
'关于2013年黑水乡发展茶叶产业的实施办法',巴中市平昌县黑水乡人民政府,2013-10-10,已失效,地方政府规章及文件
'姚渡镇人民政府关于抓好2014年产业发展的通知',广元市青川县姚渡镇人民政府,2013-10-09,现行有效,地方政府规章及文件
'西兴镇人民政府关于2013年茶叶产业发展实施方案',巴中市平昌县西兴镇人民政府,2013-10-09,已失效,地方政府规章及文件
'成都市商务局、成都市财政局关于印发《2013年度成都市服务外包产业发展专项资金实施细则》的通知',成都市商务局;成都市财政局,2013-09-30,现行有效,地方政府规章及文件
'关于建设魏蒲产业新城的决定',中共达州市通川区委;达州市通川区人民政府,2013-09-30,现行有效,地方政府规章及文件
'关于印发《平昌县佛头山文化产业园管委会建设领域“三违”专项集中整治工作实施方案》的通知',巴中市平昌县佛头山文化产业园管理委员会,2013-09-29,已失效,地方政府规章及文件
'关于茶叶产业发展的实施意见',巴中市平昌县云台镇人民政府,2013-09-20,现行有效,地方政府规章及文件
'成都市商务局、成都市财政局关于下发《成都市2013年度支持餐饮产业发展建设国际美食之都项目资金实施细则》的通知',成都市商务局;成都市财政局,2013-09-03,现行有效,地方政府规章及文件
'成都市人民政府办公厅转发市建委等部门关于《成都市淘汰落后小砖瓦厂及扶持绿色墙材产业工作方案》的通知',成都市人民政府办公厅,2013-08-29,现行有效,地方政府规章及文件
'四川省工商行政管理局关于转发《国家工商总局关于加快促进流通产业发展的若干意见》的通知',四川省工商行政管理局,2013-08-26,现行有效,地方政府规章及文件
'达州市人民政府关于加快推进文化产业发展的意见',达州市人民政府,2013-08-23,已失效,地方政府规章及文件
'成都市人民政府办公厅关于加快发展现代林业产业的意见',成都市人民政府办公厅,2013-08-16,已失效,地方政府规章及文件
'巴中市巴州区人民政府关于印发《巴中市巴州区人民政府关于〈区人大常委会关于林业产业发展和森林城市创建工作报告的审议意见〉的整改落实方案》的通知',巴中市巴州区人民政府,2013-08-09,现行有效,地方政府规章及文件
'宜宾市翠屏区人民政府办公室关于印发促进金秋湖茶叶产业发展的扶持办法的通知',宜宾市翠屏区人民政府办公室,2013-08-08,现行有效,地方政府规章及文件
'大竹县人民政府关于加快推进“千斤粮万元钱”粮经复合现代农业产业基地建设的实施意见',达州市大竹县人民政府,2013-07-30,现行有效,地方政府规章及文件
'四川省人民政府办公厅关于印发四川省“51025”重点产业园区发展计划的通知',四川省人民政府办公厅,2013-07-05,现行有效,地方政府规章及文件
'岳池县人民政府关于加快推进文化产业发展的意见',广安市岳池县人民政府,2013-07-02,现行有效,地方政府规章及文件
'富顺县人民政府办公室关于抓好2013年新建甜橙产业基地工作的通知',自贡市富顺县人民政府办公室,2013-06-25,现行有效,地方政府规章及文件
'四川省人民政府办公厅关于转发省发展改革委《四川省生物产业发展规划实施方案(2013—2015年)》的通知',四川省人民政府办公厅,2013-06-19,现行有效,地方政府规章及文件
'德阳市旌阳区人民政府办公室关于印发《高新技术产业园区与天元镇有关工作整合方案》的通知',德阳市旌阳区人民政府办公室,2013-06-09,现行有效,地方政府规章及文件
'四川省人民政府办公厅关于印发四川省节能环保产业发展规划的通知',四川省人民政府办公厅,2013-05-30,现行有效,地方政府规章及文件
'县农业局关于加快“221”工程蔬菜产业发展的实施方案',达州市开江县农业局,2013-05-29,现行有效,地方政府规章及文件
'成都市人民政府办公厅关于印发成都市粮经产业高产高效成片示范基地提升建设总体方案的通知',成都市人民政府办公厅,2013-05-27,现行有效,地方政府规章及文件
'成都市人民政府办公厅转发市农委关于《成都市2013年粮经产业双创双建示范工程实施方案》的通知',成都市人民政府办公厅,2013-05-24,现行有效,地方政府规章及文件
'中共四川自贡高新技术产业园区工作委员会关于印发《2013年全区党建工作要点》的通知',中共四川自贡高新技术产业园区工作委员会,2013-05-23,现行有效,地方政府规章及文件
'四川省工业化城镇化工作领导小组办公室关于印发《四川省战略性新兴产业2013年年度工作计划》的通知',四川省工业化城镇化工作领导小组办公室,2013-05-17,现行有效,地方政府规章及文件
'中共四川自贡高新技术产业园区工作委员会关于印发《向非公有制经济组织选派党建工作指导员工作方案》的通知',中共自贡高新技术产业园区工作委员会,2013-05-14,现行有效,地方政府规章及文件
'青川县畜牧食品局关于切实抓好当前畜牧产业发展的通知',广元市青川县畜牧食品局,2013-05-08,现行有效,地方政府规章及文件
'富顺县人民政府办公室关于切实抓好2013年甜橙产业基地管护工作的通知',自贡市富顺县人民政府办公室,2013-05-06,现行有效,地方政府规章及文件
'成都市旅游产业发展领导小组办公室关于“五一”小长假旅游安全暨加强免收门票旅游景区安全与服务管理的通知',成都市旅游产业发展领导小组办公室,2013-04-24,现行有效,地方政府规章及文件
'简阳市人民政府关于进一步加快发展水产业的意见',简阳市人民政府,2013-04-23,现行有效,地方政府规章及文件
'洪雅县人民政府办公室关于印发《洪雅县农村产业技术服务中心建设工作方案》的通知',眉山市洪雅县人民政府办公室,2013-04-23,已失效,地方政府规章及文件
'成都市人民政府办公厅关于确保家禽市场稳定促进家禽产业健康发展的通知',成都市人民政府办公厅,2013-04-19,现行有效,地方政府规章及文件
'四川省经济和信息化委员会关于印发四川省工艺美术千亿产业发展规划的通知',四川省经济和信息化委员会,2013-04-18,现行有效,地方政府规章及文件
'关于印发《<成都市人民政府办公厅关于加快全市蜀绣产业发展促进妇女居家灵活就业的意见>相关政策实施细则》的通知',成都市经济和信息化委员会;成都市妇女联合会;成都市财政局,2013-04-07,现行有效,地方政府规章及文件
'雷波县人民政府办公室关于做好我县大豆产业发展的实施意见',凉山彝族自治州雷波县人民政府办公室,2013-04-03,现行有效,地方政府规章及文件
'甘洛县人民政府关于2013年大春马铃薯产业发展的意见',凉山彝族自治州甘洛县人民政府,2013-03-27,现行有效,地方政府规章及文件
'四川省商务厅关于印发《四川省川菜产业发展规划(2013—2015)》的通知',四川省商务厅,2013-03-22,现行有效,地方政府规章及文件
'成都市人民政府转发市农委等部门关于《成都市农产品加工产业布局规划(2012—2020年)》的通知',成都市人民政府,2013-03-13,现行有效,地方政府规章及文件
'大寨乡关于大力发展畜牧产业的决定',巴中市平昌县大寨乡人民政府,2013-03-01,现行有效,地方政府规章及文件
'高县人民政府办公室关于印发高县2013年酿酒高粱产业发展及示范基地建设实施方案的通知',宜宾市高县人民政府办公室,2013-02-22,现行有效,地方政府规章及文件
'乐山市人民政府办公室关于转发市体育局《乐山市加快发展体育产业实施方案》的通知',乐山市人民政府办公室,2013-02-05,现行有效,地方政府规章及文件
'石棉县人民政府印发关于加快区域性文化中心建设推进文化产业发展的若干政策措施的通知',雅安市石棉县人民政府,2013-02-04,现行有效,地方政府规章及文件
'四川省经济和信息化委员会办公室关于印发全省2013年农产品加工业和食品饮料产业重点工作安排的通知',四川省经济和信息化委员会办公室,2013-01-25,现行有效,地方政府规章及文件
'四川省人民政府关于加快流通产业发展的意见',四川省人民政府,2013-01-24,现行有效,地方政府规章及文件
'兴文县人民政府办公室关于加快发展现代林业产业的意见',宜宾市兴文县人民政府办公室,2013-01-08,现行有效,地方政府规章及文件
'夹江县农业局2013年新农村建设产业发展项目实施方案',乐山市夹江县农业局,2013,现行有效,地方政府规章及文件
'2013年茶叶产业发展实施方案',巴中市平昌县得胜镇人民政府,2013,已失效,地方政府规章及文件
'关于印发《成都市新材料产业“十二五”发展规划》的通知',成都市经济和信息化委员会,2012-12-31,现行有效,地方政府规章及文件
'关于印发《成都市冶金产业“十二五”发展规划》的通知',成都市经济和信息化委员会,2012-12-31,现行有效,地方政府规章及文件
'关于印发《成都市建材产业“十二五”发展规划》的通知',成都市经济和信息化委员会,2012-12-31,现行有效,地方政府规章及文件
'苍溪县旅游产业发展领导小组办公室关于做好2013年“元旦”假日旅游工作的通知',广元市苍溪县旅游产业发展领导小组办公室,2012-12-28,现行有效,地方政府规章及文件
'射洪县人民政府办公室关于规范白羽肉鸡产业发展的通知',遂宁市射洪县人民政府办公室,2012-12-20,现行有效,地方政府规章及文件
'苍溪县旅游产业发展领导小组办公室关于印发《苍溪县旅游综合环境百日专项整治行动工作方案》的通知',广元市苍溪县旅游产业发展领导小组办公室,2012-11-28,已失效,地方政府规章及文件
'中共马鹿乡委员会、马鹿乡人民政府关于强力推进2012年银杏风景林产业发展的通知',中共广元市青川县马鹿乡委员会;广元市青川县马鹿乡人民政府,2012-11-08,现行有效,地方政府规章及文件
'大竹县人民政府办公室关于印发《大竹县“十二五”生物制药产业发展规划》的通知',达州市大竹县人民政府办公室,2012-11-07,现行有效,地方政府规章及文件
'宝兴县人民政府办公室转发《雅安市加快发展以生态文明为显著特征的文化产业若干政策措施》的通知',雅安市宝兴县人民政府办公室,2012-11-05,现行有效,地方政府规章及文件
'成都市人民政府办公厅关于加快推行合同能源管理促进节能服务产业发展的实施意见',成都市人民政府办公厅,2012-10-26,已失效,地方政府规章及文件
'四川省人民政府办公厅转发省知识产权局等部门《关于加强战略性新兴产业知识产权工作的意见》的通知',四川省人民政府办公厅,2012-10-16,现行有效,地方政府规章及文件
'富顺县人民政府办公室关于抓好2012年新建甜橙产业基地工作的通知',自贡市富顺县人民政府办公室,2012-10-15,现行有效,地方政府规章及文件
'富顺县人民政府办公室关于抓好2012年甜橙产业基地管护工作的通知',自贡市富顺县人民政府办公室,2012-10-15,现行有效,地方政府规章及文件
'四川省人民政府办公厅关于加快体育产业发展的实施意见',四川省人民政府办公厅,2012-10-12,现行有效,地方政府规章及文件
'苍溪县旅游产业发展领导小组关于印发《苍溪县旅游标准化工作委员会实施方案》的通知',广元市苍溪县旅游产业发展领导小组,2012-10-08,现行有效,地方政府规章及文件
'苍溪县旅游产业发展领导小组办公室关于印发《苍溪县公共信息标志体系建设实施方案》的通知',广元市苍溪县旅游产业发展领导小组办公室,2012-09-28,已失效,地方政府规章及文件
'成都市人民政府办公厅关于印发成都市“十二五”战略性新兴产业发展规划的通知',成都市人民政府办公厅,2012-09-25,现行有效,地方政府规章及文件
'射洪县人民政府办公室关于印发射洪县十二五清洁汽车产业发展规划的通知',遂宁市射洪县人民政府办公室,2012-09-17,现行有效,地方政府规章及文件
'四川省旅游产业发展领导小组办公室关于做好2012年中秋节、国庆节假日旅游工作的通知',四川省旅游产业发展领导小组办公室,2012-09-14,现行有效,地方政府规章及文件
'四川自贡高新技术产业园区管理委员会党政办公室关于印发《高新区群众举报违法犯罪线索奖励办法(试行)》的通知',自贡高新技术产业园区管理委员会党政办公室,2012-09-12,现行有效,地方政府规章及文件
'成都市人民政府办公厅关于促进全市生猪产业发展的意见',成都市人民政府办公厅,2012-09-01,已失效,地方政府规章及文件
'关于印发《成都市工业设计产业发展“十二五”规划》的通知',成都市经济和信息化委员会,2012-08-24,现行有效,地方政府规章及文件
'关于印发《成都市生物医药产业“十二五”发展规划》的通知',成都市经济和信息化委员会,2012-08-09,现行有效,地方政府规章及文件
'成都市商务局、成都市财政局关于印发《2012年度成都市服务外包产业发展专项资金实施细则》的通知',成都市商务局;成都市财政局,2012-08-06,现行有效,地方政府规章及文件
'成都市商务局、成都市财政局关于下发《成都市2012年度支持餐饮产业发展建设国际美食之都项目资金实施细则》的通知',成都市商务局;成都市财政局,2012-07-27,现行有效,地方政府规章及文件
'四川自贡高新技术产业园区管理委员会党政办公室关于印发《高新区园林绿化养护管理规定》的通知',自贡高新技术产业园区管理委员会党政办公室,2012-07-27,现行有效,地方政府规章及文件
"'沙坝场乡关于加强科技创新推进""一村一品""产业发展实施方案'",中共达州市开江县沙坝场乡委员会;达州市开江县沙坝场乡人民政府,2012-07-06,现行有效,地方政府规章及文件
'内江市人民政府办公室关于印发《内江市工业“产业、企业、产品”倍增计划(2012-2015)》的通知',内江市人民政府办公室,2012-07-05,现行有效,地方政府规章及文件
'内江市人民政府关于加快推进文化产业发展的实施意见',内江市人民政府,2012-07-03,现行有效,地方政府规章及文件
'四川省经济和信息化委员会关于印发《四川省“十二五”工业设计产业发展规划》的通知',四川省经济和信息化委员会,2012-06-15,现行有效,地方政府规章及文件
'成都市农业委员会关于加强粮经产业双创双建示范工程项目管理的通知',成都市农业委员会,2012-06-08,现行有效,地方政府规章及文件
'雅安市人民政府关于印发雅安市产业园区“十二五”发展规划的通知',雅安市人民政府,2012-06-08,现行有效,地方政府规章及文件
'达州市人民政府办公室关于印发达州市推广蜀宣花牛品种大力发展肉牛产业实施方案的通知',达州市人民政府办公室,2012-06-06,现行有效,地方政府规章及文件
'开江县人民政府办公室关于印发《开江县2012年新村建设产业规划》的通知',达州市开江县人民政府办公室,2012-06-05,现行有效,地方政府规章及文件
'四川自贡高新技术产业园区管理委员会关于加快推进标准化工作的意见',自贡高新技术产业开发区管理委员会,2012-06-04,现行有效,地方政府规章及文件
'四川省工业化城镇化工作领导小组关于印发《四川省战略性新兴产业发展专项资金使用和管理办法实施细则》的通知',四川省工业化城镇化工作领导小组,2012-06-04,现行有效,地方政府规章及文件
'成都市人民政府关于印发成都市文化产业发展“十二五”规划的通知',成都市人民政府,2012-06-01,现行有效,地方政府规章及文件
'雅安市人民政府关于印发雅安市“十二五”战略性新兴产业发展规划的通知',雅安市人民政府,2012-05-22,现行有效,地方政府规章及文件
'宝兴县人民政府办公室关于印发宝兴县林业产业发展奖励补助办法的通知',雅安市宝兴县人民政府办公室,2012-04-28,现行有效,地方政府规章及文件
'成都市人民政府办公厅关于加快全市蜀绣产业发展促进妇女居家灵活就业的意见',成都市人民政府办公厅,2012-04-18,已失效,地方政府规章及文件
'岳池县人民政府办公室关于加快晚熟柑桔产业发展的意见',广安市岳池县人民政府办公室,2012-04-13,现行有效,地方政府规章及文件
'大竹县人民政府办公室关于印发大竹县创建非地震灾区灾后重建示范区农业产业重建规划的通知',达州市大竹县人民政府办公室,2012-04-12,现行有效,地方政府规章及文件
'四川省人民政府办公厅关于印发四川省战略性新兴产业发展专项资金使用和管理办法的通知',四川省人民政府办公厅,2012-04-11,现行有效,地方政府规章及文件
'射洪县人民政府办公室关于进一步加快发展现代林业产业的通知',遂宁市射洪县人民政府办公室,2012-03-30,现行有效,地方政府规章及文件
'成都市人民政府办公厅转发市农委关于《成都市2012年粮经产业双创双建示范工程实施方案》的通知',成都市人民政府办公厅,2012-03-28,现行有效,地方政府规章及文件
'四川省发展和改革委员会关于印发《四川省“十二五”清洁汽车产业发展规划》的通知',四川省发展和改革委员会,2012-03-28,现行有效,地方政府规章及文件
'四川省人民政府关于加快推进文化产业发展的意见',四川省人民政府,2012-03-28,现行有效,地方政府规章及文件
'关于进一步加强农业产业发展的实施意见',中共绵阳市仙海水利风景区工作委员会;绵阳市仙海水利风景区管理委员会,2012-03-27,现行有效,地方政府规章及文件
'四川省人民政府办公厅关于印发四川省“十二五”旅游业发展规划暨四川省民族地区旅游产业发展规划(2008—2012年)、四川省红色旅游发展规划(2007—2015)2012年实施计划的通知',四川省人民政府办公厅,2012-03-27,现行有效,地方政府规章及文件
'石塘乡人民政府关于切实加强对去冬农业产业发展核桃栽植进行整改的通知',万源市石塘乡人民政府,2012-03-20,现行有效,地方政府规章及文件
'泸州市人民政府办公室关于推进2012年蔬菜产业发展的意见',泸州市人民政府办公室,2012-03-17,现行有效,地方政府规章及文件
'泸州市人民政府关于推进赤水河流域河谷地区特色产业发展的意见',泸州市人民政府,2012-03-16,现行有效,地方政府规章及文件
'开江县人民政府关于加快油橄榄产业发展的意见',达州市开江县人民政府,2012-03-13,现行有效,地方政府规章及文件
'开江县人民政府关于加快银杏产业发展的意见',达州市开江县人民政府,2012-03-13,现行有效,地方政府规章及文件
'泸州市人民政府办公室转发省政府安委会办公室《关于转发<双流县产业园区安全生产管理办法(试行)>的通知》的通知',泸州市人民政府办公室,2012-03-09,现行有效,地方政府规章及文件
'关于印发《〈关于加快工业设计产业发展的意见(试行)〉的实施细则》的通知',成都市经济和信息化委员会,2012-03-06,已失效,地方政府规章及文件
'广安市人民政府办公室关于切实抓好2012年蔬菜产业发展工作的通知',广安市人民政府办公室,2012-03-05,已失效,地方政府规章及文件
'乐山市五通桥区人民政府办公室关于做好2012年度茶产业发展工作的通知',乐山市五通桥区人民政府办公室,2012-03-05,现行有效,地方政府规章及文件
'仪陇县人民政府关于抓好2012年生猪产业发展的通知',南充市仪陇县人民政府,2012-02-29,现行有效,地方政府规章及文件
'广元市朝天区人民政府关于2012年蔬菜产业发展的实施意见',广元市朝天区人民政府,2012-02-27,现行有效,地方政府规章及文件
"'成都市知识产权局关于印发《2012年知识产权助推""产业倍增""战略实施方案》的通知'",成都市知识产权局,2012-02-24,现行有效,地方政府规章及文件
'凉山州人民政府关于抓好2012年马铃薯产业发展的意见',凉山彝族自治州人民政府,2012-02-21,现行有效,地方政府规章及文件
'四川自贡高新技术产业园区管理委员会党政办公室基层组织建设年实施意见',自贡高新技术产业园区管理委员会党政办公室,2012-02-20,现行有效,地方政府规章及文件
'四川省教育厅关于印发《2012年学校后勤与产业工作要点》的通知',四川省教育厅,2012-02-20,现行有效,地方政府规章及文件
'自贡市人民政府办公室转发《省政府办公厅关于促进电影产业繁荣发展的实施意见》的通知',自贡市人民政府办公室,2012-02-15,现行有效,地方政府规章及文件
'中共柏梓镇委员会、柏梓镇人民政府关于2012年绿色核桃产业建设及工业原料林管护意见',中共绵阳市盐亭县柏梓镇委员会;绵阳市盐亭县柏梓镇人民政府,2012-02-13,现行有效,地方政府规章及文件
'达州市人民政府办公室关于印发达州市创建全省非地震灾区灾后重建示范区工业和信息化产业发展规划的通知',达州市人民政府办公室,2012-02-11,现行有效,地方政府规章及文件
'雅安市人民政府办公室关于印发关于鼓励外来投资重点产业项目优惠政策的规定(暂行)的通知',雅安市人民政府办公室,2012-02-07,现行有效,地方政府规章及文件
'四川省经济和信息化委员会关于印发《四川省经济和信息化委员会战略性新兴产业(产品)发展指导目录(2012年)》的通知',四川省经济和信息化委员会,2012-02-07,现行有效,地方政府规章及文件
'绵阳市人民政府关于加快旅游产业发展的意见',绵阳市人民政府,2012-01-19,现行有效,地方政府规章及文件
'乐山市人民政府办公室关于做好2012年度茶产业发展工作的通知',乐山市人民政府办公室,2012-01-16,现行有效,地方政府规章及文件
'成都市人民政府关于印发成都市高新技术产业发展“十二五”规划的通知',成都市人民政府,2012-01-16,现行有效,地方政府规章及文件
'四川省旅游产业发展领导小组办公室关于做好2012年“春节”假日旅游工作的通知',四川省旅游产业发展领导小组办公室,2012-01-12,现行有效,地方政府规章及文件
'黑水县人民政府办公室关于印发黑水县2012年产业结构调整方案通知',阿坝藏族羌族自治州黑水县人民政府办公室,2012-01-10,现行有效,地方政府规章及文件
'广元市元坝区人民政府办公室关于做好2012年全区猕猴桃产业发展工作的通知',广元市元坝区人民政府办公室,2012-01-05,现行有效,地方政府规章及文件
'成都市人民政府安全生产委员会办公室关于转发《四川省人民政府安全生产委员会办公室关于转发双流县产业园区安全生产管理办法（试行）的通知》',成都市人民政府安全生产委员会办公室,2011-12-28,现行有效,地方政府规章及文件
'泸州市人民政府办公室关于加快发展现代林业产业的意见',泸州市人民政府办公室,2011-12-28,现行有效,地方政府规章及文件
'四川省食品药品监督管理局关于印发《关于加强政务服务促进医药产业发展的指导意见》的通知',四川省食品药品监督管理局,2011-12-26,已失效,地方政府规章及文件
'泸州市人民政府关于承接产业转移的实施意见',泸州市人民政府,2011-12-25,现行有效,地方政府规章及文件
'岳池县人民政府办公室关于加快发展现代林业产业的实施意见',广安市岳池县人民政府办公室,2011-12-19,现行有效,地方政府规章及文件
'四川省经济和信息化委员会办公室转发工业和信息化部关于印发《机械基础件基础制造工艺和基础材料产业“十二五”发展规划》的通知',四川省经济和信息化委员会办公室,2011-12-15,现行有效,地方政府规章及文件
'蓬溪商务局关于门业产业推进的实施方案',遂宁市蓬溪县商务局,2011-12-14,现行有效,地方政府规章及文件
'蓬溪商务局关于门业产业发展推进会议的贯彻意见',遂宁市蓬溪县商务局,2011-12-14,现行有效,地方政府规章及文件
'四川省经济和信息化委员会关于印发《创建四川省新型工业化产业示范基地管理暂行办法》的通知',四川省经济和信息化委员会,2011-12-14,现行有效,地方政府规章及文件
'自贡市自流井区人民政府办公室印发四川自贡高新技术产业园区自流井区工业集中区管理委员会主要职责内设机构和人员编制规定的通知',自贡市自流井区人民政府办公室,2011-12-08,现行有效,地方政府规章及文件
'泸州市人民政府办公室关于2012年现代林业产业基地建设的实施意见',泸州市人民政府办公室,2011-12-01,现行有效,地方政府规章及文件
'四川省人民政府办公厅关于印发四川省“十二五”战略性新兴产业发展规划的通知',四川省人民政府办公厅,2011-11-11,现行有效,地方政府规章及文件
'内江市人民政府办公室印发内江市“十二五”金融产业发展规划的通知',内江市人民政府办公室,2011-11-08,现行有效,地方政府规章及文件
'四川省人民政府办公厅关于加快发展现代林业产业的意见',四川省人民政府办公厅,2011-11-02,现行有效,地方政府规章及文件
'珙县人民政府办公室关于印发珙县特色农业产业集中连片示范基地建设奖补资金管理(试行)办法的通知',宜宾市珙县人民政府办公室,2011-10-11,现行有效,地方政府规章及文件
'成都市人民政府办公厅关于加快工业设计产业发展的意见',成都市人民政府办公厅,2011-10-10,已失效,地方政府规章及文件
'广安市广安区人民政府办公室关于促进电影产业繁荣发展的实施意见',广安市广安区人民政府办公室,2011-10-08,现行有效,地方政府规章及文件
'眉山市东坡区人民政府办公室关于促进电影产业繁荣发展的实施意见',眉山市东坡区人民政府办公室,2011-09-23,现行有效,地方政府规章及文件
'泸州市人民政府办公室关于促进电影产业繁荣发展的贯彻意见',泸州市人民政府办公室,2011-09-15,现行有效,地方政府规章及文件
'仪陇县人民政府办公室关于对县城房地产业用地开发建设管理的补充通知',南充市仪陇县人民政府办公室,2011-09-15,现行有效,地方政府规章及文件
'富顺县人民政府办公室关于印发《富顺县林业产业强县竹资源开发实施方案》《富顺县巩固竹产业强县新造麻竹林成果实施方案》的通知',自贡市富顺县人民政府办公室,2011-09-14,现行有效,地方政府规章及文件
'四川省旅游产业发展领导小组办公室关于做好2011年国庆节假日旅游工作的通知',四川省旅游产业发展领导小组办公室,2011-09-13,现行有效,地方政府规章及文件
'凉山州人民政府办公室关于转发《省政府办公厅<关于促进电影产业繁荣发展的实施意见>》的通知',凉山彝族自治州人民政府办公室,2011-09-06,现行有效,地方政府规章及文件
'内江市人民政府关于印发《内江市产业发展扶持资金管理办法(试行)》的通知',内江市人民政府,2011-08-31,现行有效,地方政府规章及文件
'四川省经济和信息化委员会关于印发《国家鼓励类产业政策确认暂行办法》的通知',四川省经济和信息化委员会,2011-08-15,现行有效,地方政府规章及文件
'成都市商务局、成都市财政局关于下发《成都市2011年度支持餐饮产业发展建设国际美食之都项目资金实施细则》的通知',成都市商务局;成都市财政局,2011-08-12,现行有效,地方政府规章及文件
'眉山市人民政府办公室关于促进电影产业繁荣发展的实施意见',眉山市人民政府办公室,2011-08-11,现行有效,地方政府规章及文件
'松潘县人民政府办公室关于印发松潘县镇江关生态产业园区管理委员会主要职责内设机构和人员编制规定的通知',阿坝藏族羌族自治州松潘县人民政府办公室,2011-08-11,现行有效,地方政府规章及文件
'富顺县人民政府办公室关于印发《富顺纺织服装产业园区小额担保贷款实施方案》的通知',自贡市富顺县人民政府办公室,2011-08-02,现行有效,地方政府规章及文件
'成都市农业委员会关于进一步加强粮经产业双创双建示范工程项目管理的通知',成都市农业委员会,2011-08-01,现行有效,地方政府规章及文件
'眉山市人民政府关于印发眉山市第三产业“十二五”发展规划的通知',眉山市人民政府,2011-07-29,现行有效,地方政府规章及文件
'广安市广安区人民政府关于印发广安市广安区加快招商引资促进产业升级优惠政策的通知',广安市广安区人民政府,2011-07-20,现行有效,地方政府规章及文件
'四川省人民政府办公厅关于促进电影产业繁荣发展的实施意见',四川省人民政府办公厅,2011-07-15,现行有效,地方政府规章及文件
'眉山市人民政府关于印发眉山市“十二五”文化、体育、广播电影电视、新闻出版事业和产业发展规划的通知',眉山市人民政府,2011-07-14,现行有效,地方政府规章及文件
'达县人民政府办公室关于杨柳工业配套园区产业发展与职业教育培训和失地农民就业互动工作的实施意见',达州市达县人民政府办公室,2011-07-14,现行有效,地方政府规章及文件
'成都市人民政府办公厅关于印发《成都市云计算应用与产业发展“十二五”规划纲要》的通知',成都市人民政府办公厅,2011-07-12,现行有效,地方政府规章及文件
'四川省人民政府办公厅关于印发四川省民族地区旅游产业发展规划(2008—2012年)2011年度实施计划的通知',四川省人民政府办公厅,2011-07-06,现行有效,地方政府规章及文件
'眉山市东坡区人民政府办公室关于印发眉山市东坡区文化体育新闻出版事业和产业“十二五”发展规划的通知',眉山市东坡区人民政府办公室,2011-07-05,现行有效,地方政府规章及文件
'关于印发攀枝花高新技术产业园区管理委员会主要职责内设机构和人员编制规定的通知',攀枝花市东区人民政府,2011-07-01,现行有效,地方政府规章及文件
'关于印发《成都市新能源产业“十二五”发展规划》的通知',成都市新能源产业功能区领导小组办公室,2011-06-28,现行有效,地方政府规章及文件
'开江县人民政府关于大力发展水禽产业的意见',达州市开江县人民政府,2011-06-27,现行有效,地方政府规章及文件
'四川省人民政府办公厅关于印发《中药现代化科技产业（四川）基地建设实施方案要点（2011—2015）》的通知',四川省人民政府办公厅,2011-06-22,现行有效,地方政府规章及文件
'达州市通川区人民政府关于加快蔬菜产业发展的意见',达州市通川区人民政府,2011-06-22,已失效,地方政府规章及文件
'达县人民政府办公室关于印发《达县粮食产业发展专项资金使用办法》的通知',达州市达县人民政府办公室,2011-06-22,已失效,地方政府规章及文件
'达县人民政府关于加快推行合同能源管理促进节能服务产业发展的通知',达州市达县人民政府,2011-06-15,现行有效,地方政府规章及文件
'四川省住房和城乡建设厅关于印发《四川省房地产业“十二五”发展规划》的通知',四川省住房和城乡建设厅,2011-06-09,现行有效,地方政府规章及文件
'四川省人民政府关于承接产业转移的实施意见',四川省人民政府,2011-06-03,已失效,地方政府规章及文件
'大竹县人民政府关于加快蔬菜产业发展的意见',达州市大竹县人民政府,2011-06-03,已失效,地方政府规章及文件
'关于印发泸县加快蔬菜产业发展意见的通知',泸州市泸县人民政府,2011-05-25,现行有效,地方政府规章及文件
'成都市商务局、成都市财政局关于印发《2011年度成都市服务外包产业发展专项资金实施细则》的通知',成都市商务局;成都市财政局,2011-05-24,现行有效,地方政府规章及文件
'巴塘县人民政府办公室关于加强我县文化产业统计工作的通知',甘孜藏族自治州巴塘县人民政府办公室,2011-05-20,现行有效,地方政府规章及文件
'成都市经济和信息化委员会关于转发《省经信委转发〈关于加强文化产业统计有关工作〉的通知》的通知',成都市经济和信息化委员会,2011-05-18,现行有效,地方政府规章及文件
'四川省经济和信息化委员会办公室关于转发工业和信息化部《关于抑制平板玻璃产能过快增长引导产业健康发展的通知》的通知',四川省经济和信息化委员会办公室,2011-05-18,现行有效,地方政府规章及文件
'泸州市人民政府办公室关于推进现代柑桔产业发展的意见',泸州市人民政府办公室,2011-05-04,现行有效,地方政府规章及文件
'中共观音店乡委员会、观音店乡人民政府关于印发《观音店乡大力发展风景林产业实施银杏富民工程实施方案》的通知',中共广元市青川县观音店乡委员会;广元市青川县观音店乡人民政府,2011-05-04,已失效,地方政府规章及文件
'中共曲河乡委员会、曲河乡人民政府关于印发《曲河乡大力发展风景林产业实施银杏富民工程实施方案》的通知',中共广元市青川县曲河乡委员会;广元市青川县曲河乡人民政府,2011-05-04,现行有效,地方政府规章及文件
'四川省财政厅关于印发《四川省省级财政产业技术成果产业化专项资金管理办法》的通知',四川省财政厅,2011-05-03,已失效,地方政府规章及文件
'中共建峰乡委员会、建峰乡人民政府关于印发《建峰乡大力发展风景林产业实施银杏富民工程实施方案》的通知',中共广元市青川县建峰乡委员会;广元市青川县建峰乡人民政府,2011-04-30,已失效,地方政府规章及文件
'成都市农业委员会关于印发成都市2011年粮经产业双创双建示范工程病虫害防控技术实施方案的通知',成都市农业委员会,2011-04-29,现行有效,地方政府规章及文件
'四川省商务厅关于加强全省商务系统文化产业统计有关工作的通知',四川省商务厅,2011-04-28,现行有效,地方政府规章及文件
'中共渠县县委办公室、渠县人民政府办公室关于工业园区产业发展与布局规划的实施意见',中共达州市渠县委员会办公室;达州市渠县人民政府办公室,2011-04-28,现行有效,地方政府规章及文件
'富顺县人民政府办公室关于抓好2011年新建甜橙产业基地工作的通知',自贡市富顺县人民政府办公室,2011-04-27,现行有效,地方政府规章及文件
'中共青川县委办公室、青川县人民政府办公室关于印发《青川县大力发展风景林产业实施银杏富民工程实施方案》的通知',中共广元市青川县委办公室;广元市青川县人民政府办公室,2011-04-27,已失效,地方政府规章及文件
'四川省文化厅关于转发《中共四川省委宣传部、四川省统计局关于加强文化产业统计有关工作的通知》的通知',四川省文化厅,2011-04-27,现行有效,地方政府规章及文件
'成都市农业委员会关于印发成都市2011年特色产业高效示范工程项目技术实施意见的通知',成都市农业委员会,2011-04-26,现行有效,地方政府规章及文件
'富顺县人民政府办公室关于印发《富顺县2011年现代农业产业(甜橙)基地建设考核办法》的通知',自贡市富顺县人民政府办公室,2011-04-25,现行有效,地方政府规章及文件
'四川省经济和信息化委员会关于印发《四川省经济和信息化委员会战略性新兴产业发展指导目录(2011年)》的通知',四川省经济和信息化委员会,2011-04-22,现行有效,地方政府规章及文件
'关于转发省经信委《关于印发创建省循环经济示范产业园区管理办法(暂行)的通知》的通知',成都市经济和信息化委员会,2011-04-20,现行有效,地方政府规章及文件
'成都市农业委员会关于《成都市2011年粮经产业双创双建示范工程千斤粮万元钱示范基地建设技术实施方案》的通知',成都市农业委员会,2011-04-19,现行有效,地方政府规章及文件
'成都市农业委员会关于印发《成都市2011年粮经产业双创双建示范工程蔬菜设施化栽培技术意见》的通知',成都市农业委员会,2011-04-19,现行有效,地方政府规章及文件
'宝兴县人民政府办公室关于转发县《宝兴县2011年林业产业厚朴中药材和柳杉用材林基地建设发展实施意见》的通知',雅安市宝兴县人民政府办公室,2011-04-19,现行有效,地方政府规章及文件
'宣汉县人民政府关于加快蔬菜产业发展的意见',达州市宣汉县人民政府,2011-04-17,现行有效,地方政府规章及文件
'乐山市人民政府办公室关于转发省政府办公厅《关于印发四川省八大产业调整和振兴行动计划2011年度计划的通知》',乐山市人民政府办公室,2011-04-14,现行有效,地方政府规章及文件
'乐山市人民政府办公室关于转发省政府办公厅《关于印发四川省工业“7+3”产业2011年度计划的通知》',乐山市人民政府办公室,2011-04-14,现行有效,地方政府规章及文件
'四川省经济和信息化委员会关于印发《创建省循环经济示范产业园区管理办法(暂行)》的通知',四川省经济和信息化委员会,2011-04-11,现行有效,地方政府规章及文件
'巴中市人民政府关于加快蔬菜产业发展的意见',巴中市人民政府,2011-04-06,已失效,地方政府规章及文件
'成都市人民政府办公厅转发市农委关于《成都市2011年粮经产业双创双建示范工程实施方案》的通知',成都市人民政府办公厅,2011-03-31,现行有效,地方政府规章及文件
'广元市朝天区人民政府关于2011年全区蔬菜产业发展的实施意见',广元市朝天区人民政府,2011-03-30,现行有效,地方政府规章及文件
'巴中市人民政府关于加快推进水产业发展的意见',巴中市人民政府,2011-03-29,已失效,地方政府规章及文件
'姚渡镇人民政府关于2011年特色产业发展安排意见的通知',广元市青川县姚渡镇人民政府,2011-03-25,现行有效,地方政府规章及文件
'关于2011年特色产业发展安排意见',广元市青川县姚渡镇人民政府,2011-03-25,现行有效,地方政府规章及文件
'攀枝花市仁和区人民政府办公室关于印发《攀枝花市仁和区加快推进核桃产业发展实施意见》的通知',攀枝花市仁和区人民政府办公室,2011-03-23,现行有效,地方政府规章及文件
'达州市人民政府关于加快蔬菜产业发展的意见',达州市人民政府,2011-03-11,已失效,地方政府规章及文件
'雷波县人民政府关于2011年马铃薯产业发展的意见',凉山彝族自治州雷波县人民政府,2011-03-10,现行有效,地方政府规章及文件
'五龙镇人民政府关于加快土鸡产业发展的实施意见',广元市苍溪县五龙镇人民政府,2011-03-08,现行有效,地方政府规章及文件
'富顺县人民政府办公室关于抓好2011年甜橙产业基地管护工作的通知',自贡市富顺县人民政府办公室,2011-03-03,现行有效,地方政府规章及文件
'成都市农业委员会关于印发《关于进一步加快灾区产业发展促进农民持续增收的意见》的通知',成都市农业委员会,2011-02-28,现行有效,地方政府规章及文件
'泸州市人民政府办公室关于加快热带作物产业发展的实施意见',泸州市人民政府办公室,2011-02-23,现行有效,地方政府规章及文件
'泸州市人民政府办公室关于印发泸州市蔬菜产业发展规划（2011—2020年）的通知',泸州市人民政府办公室,2011-02-23,现行有效,地方政府规章及文件
'凉山州人民政府关于抓好2011年马铃薯产业发展的意见',凉山彝族自治州人民政府,2011-02-21,现行有效,地方政府规章及文件
'苍溪县河地乡人民政府关于2011年度苍溪梨芋产业发展工作的指导性意见',广元市苍溪县河地乡人民政府,2011-02-21,现行有效,地方政府规章及文件
'泸州市人民政府办公室关于2011年蔬菜产业发展工作的意见',泸州市人民政府办公室,2011-02-16,现行有效,地方政府规章及文件
'雅安市人民政府关于加快蔬菜产业发展确保市场供应和价格基本稳定的实施意见',雅安市人民政府,2011-01-31,现行有效,地方政府规章及文件
'关于印发华蓥市2011年畜禽产业发展方案的通知',华蓥市人民政府,2011-01-24,现行有效,地方政府规章及文件
'四川省知识产权局关于组织开展第三批省级产业园区知识产权试点工作的通知',四川省知识产权局,2011-01-21,现行有效,地方政府规章及文件
'四川省人民政府办公厅关于加快热带作物产业发展的意见',四川省人民政府办公厅,2011,现行有效,地方政府规章及文件
'关于贯彻《环境保护部关于环保系统进一步推动环保产业发展的指导意见》的通知',四川省环境保护厅,2011,现行有效,地方政府规章及文件
'苍溪县白鹤乡人民政府关于印发加快土鸡产业发展的实施意见的通知',广元市苍溪县白鹤乡人民政府,2011,现行有效,地方政府规章及文件
'中共乔庄镇委员会、乔庄镇人民政府关于进一步加快产业发展的实施意见',中共广元市青川县乔庄镇委员会;广元市青川县乔庄镇人民政府,2011,现行有效,地方政府规章及文件
'成都市人民政府办公厅转发市农委《关于加快推进蔬菜产业发展意见》的通知',成都市人民政府办公厅,2010-12-10,现行有效,地方政府规章及文件
'内江市人民政府办公室关于加快蔬菜产业发展的实施意见',内江市人民政府办公室,2010-12-07,现行有效,地方政府规章及文件
'彭山县人民政府办公室关于印发《彭山县第三产业办公室主要职责、内设机构和人员编制规定》的通知',眉山市彭山县人民政府办公室,2010-12-06,现行有效,地方政府规章及文件
'成都市人民政府办公厅转发市经济和信息化委员会、市投资促进委员会《关于积极承接纺织服装产业转移实施意见》的通知',成都市人民政府办公厅,2010-11-26,现行有效,地方政府规章及文件
'广元市利州区人民政府办公室关于加快土鸡产业发展的实施意见',广元市利州区人民政府办公室,2010-11-23,现行有效,地方政府规章及文件
'中共绵阳市委、绵阳市人民政府关于加快绵阳地震灾区产业发展的实施意见',中共绵阳市委;绵阳市人民政府,2010-11-01,现行有效,地方政府规章及文件
'渠县蔡和乡人民政府关于规模发展花椒产业的实施意见',达州市渠县蔡和乡人民政府,2010-11,现行有效,地方政府规章及文件
'泸州市人民政府办公室贯彻省政府办公厅关于加快蔬菜产业发展意见的意见',泸州市人民政府办公室,2010-10-28,现行有效,地方政府规章及文件
'绵阳市人民政府关于进一步加快蔬菜产业发展的意见',绵阳市人民政府,2010-10-23,现行有效,地方政府规章及文件
'绵竹市人民政府办公室转发省发展改革委等部门《关于加快推进合同能源管理促进节能服务产业发展的实施意见》的通知',绵竹市人民政府办公室,2010-10-14,现行有效,地方政府规章及文件
'成都市农业委员会关于印发《推进农业高端产业和产业高端发展的实施方案(试行)》的通知',成都市农业委员会,2010-10-11,现行有效,地方政府规章及文件
'米易县人民政府办公室关于印发《米易县银行卡产业发展工作实施意见》的通知',攀枝花市米易县人民政府办公室,2010-10-11,现行有效,地方政府规章及文件
'市商务局、市财政局关于下发《2010年度支持餐饮产业发展建设国际美食之都项目资金实施意见》的通知',成都市商务局;成都市财政局,2010-09-30,现行有效,地方政府规章及文件
'转发省发展改革委等部门《关于加快推行合同能源管理促进节能服务产业发展的实施意见》的通知',广元市青川县人民政府办公室,2010-09-28,现行有效,地方政府规章及文件
'关于调整畜牧产业结构实施千万只土鸡工程的意见',广元市旺苍县人民政府,2010-09-19,现行有效,地方政府规章及文件
'成都市商务局、成都市财政局关于印发《进一步促进全市服务外包产业发展有关政策资金支持实施细则》的通知',成都市商务局;成都市财政局,2010-09-15,现行有效,地方政府规章及文件
'四川省旅游产业发展领导小组办公室关于做好2010年“中秋节”和“国庆节”假日旅游工作的通知',四川省旅游产业发展领导小组办公室,2010-09-14,现行有效,地方政府规章及文件
'四川省经济和信息化委员会、四川省科学技术厅关于印发支持成都新能源国家高技术产业基地建设工作措施的通知',四川省经济和信息化委员会;四川省科学技术厅,2010-09-07,现行有效,地方政府规章及文件
'广元市朝天区人民政府关于加快洪灾灾后产业恢复重建的通知',广元市朝天区人民政府,2010-08-25,现行有效,地方政府规章及文件
'省财政厅关于印发《四川省地方特色产业中小企业发展资金管理实施意见》的通知',四川省财政厅,2010-08-11,已失效,地方政府规章及文件
'乡城县人民政府关于印发《乡城县特色农牧和旅游产业开发招商引资若干优惠办法(试行)》的通知',甘孜藏族自治州乡城县人民政府,2010-07-26,现行有效,地方政府规章及文件
'南充市顺庆区人民政府办公室关于印发《南充市顺庆区农民产业园区建设与管理办法》的通知',南充市顺庆区人民政府办公室,2010-07-20,现行有效,地方政府规章及文件
'成都市商务局、成都市财政局关于实施进一步促进全市服务外包产业发展有关政策的通知',成都市商务局;成都市财政局,2010-07-19,现行有效,地方政府规章及文件
'关于加强产业园区统计监测工作的通知',华蓥市人民政府,2010-07-16,现行有效,地方政府规章及文件
'泸州市人民政府关于印发泸州市酿酒专用高粱产业基地建设发展规划（2011—2015年）的通知',泸州市人民政府,2010-07-14,现行有效,地方政府规章及文件
'绵竹市人民政府办公室关于印发绵竹市产业发展基金投资担保使用管理办法的通知',绵竹市人民政府办公室,2010-07-14,现行有效,地方政府规章及文件
'中共阿坝州委办公室、阿坝州人民政府办公室关于印发阿坝—红原第五届大草原国际牦牛文化节和中国·阿坝牦牛产业发展国际论坛筹备工作方案的通知',中共阿坝藏族羌族自治州委办公室;阿坝藏族羌族自治州人民政府办公室,2010-07-12,现行有效,地方政府规章及文件
'绵竹市人民政府办公室关于印发绵竹市灾后农业产业恢复重建资金管理办法的通知',绵竹市人民政府办公室,2010-06-30,已失效,地方政府规章及文件
'成都市锦江区人民政府关于印发锦江区进一步发挥科技支撑作用促进产业加快发展的若干政策的通知',成都市锦江区人民政府,2010-06-28,现行有效,地方政府规章及文件
'泸州市人民政府关于印发促进旅游产业发展财政奖励暂行办法的通知',泸州市人民政府,2010-06-22,现行有效,地方政府规章及文件
'绵竹市人民政府关于加快我市现代农业产业基地建设的意见',绵竹市人民政府,2010-06-22,现行有效,地方政府规章及文件
'宜宾市人民政府关于加速产业园区发展的意见',宜宾市人民政府,2010-06-21,现行有效,地方政府规章及文件
'巴中市人民政府办公室关于加快培育农民增收特色产业的通知',巴中市人民政府办公室,2010-06-17,现行有效,地方政府规章及文件
'广汉市人民政府办公室转发德阳市人民政府办公室《关于加快地震灾区农村产业发展促进农民增收的意见》的通知',广汉市人民政府办公室,2010-06-17,现行有效,地方政府规章及文件
'新津县人民政府办公室关于印发新津县2009年现代农业产业发展奖励补助项目实施方案的通知',成都市新津县人民政府办公室,2010-06-10,已失效,地方政府规章及文件
'关于印发攀枝花高新技术产业园区管理办法的通知',攀枝花市东区人民政府,2010-06-10,现行有效,地方政府规章及文件
'中共蓬溪县委办公室、蓬溪县人民政府办公室关于印发《蓬溪县2010-2011年食用菌产业招商引资政策》的通知',中共遂宁市蓬溪县委办公室;遂宁市蓬溪县人民政府办公室,2010-06-09,已失效,地方政府规章及文件
'巴中市人民政府关于加快旅游产业发展的意见',巴中市人民政府,2010-06-04,现行有效,地方政府规章及文件
'成都市农业委员会关于加强粮经产业双创双建示范工程项目管理的通知',成都市农业委员会,2010-06-03,现行有效,地方政府规章及文件
'犍为县人民政府关于加快推进现代林业产业基地和林业产业强县建设的实施意见',乐山市犍为县人民政府,2010-05-28,现行有效,地方政府规章及文件
'成都市温江区人民政府办公室关于开展文化产业统计监测工作的通知',成都市温江区人民政府办公室,2010-05-27,现行有效,地方政府规章及文件
'关于加快花卉及园林苗木产业发展的实施意见',达州市达县人民政府,2010-05-26,现行有效,地方政府规章及文件
'成都市商务局、成都市财政局关于印发《2010年度成都市服务外包产业发展专项资金实施细则》的通知',成都市商务局;成都市财政局,2010-05-25,现行有效,地方政府规章及文件
'眉山市人民政府关于进一步加强房地产市场管理促进房地产业健康发展的意见',眉山市人民政府,2010-05-21,已失效,地方政府规章及文件
'2009年退耕还林后续产业实施方案',自贡市自流井区仲权镇人民政府,2010-05-10,现行有效,地方政府规章及文件
'三台县人民政府关于加快现代农业产业基地建设的意见',绵阳市三台县人民政府,2010-04-27,现行有效,地方政府规章及文件
'中共新津县委、新津县人民政府关于加强产业功能区建设管理的意见（试行）',中共成都市新津县委;成都市新津县人民政府,2010-04-25,现行有效,地方政府规章及文件
'成都市人民政府关于印发《成都市金融产业发展规划（2010—2012年）》的通知',成都市人民政府,2010-04-22,现行有效,地方政府规章及文件
'大邑县人民政府办公室转发县农发局《大邑县2010年粮经产业双创双建示范工程实施意见》的通知',成都市大邑县人民政府办公室,2010-04-19,现行有效,地方政府规章及文件
'大竹县人民政府关于印发《大竹县机电产业发展规划(2009—2015年)》的通知',达州市大竹县人民政府,2010-04-16,现行有效,地方政府规章及文件
'射洪县人民政府办公室关于切实抓好2010年柑桔产业发展的通知',遂宁市射洪县人民政府办公室,2010-04-14,现行有效,地方政府规章及文件
'成都市人民政府办公厅转发市科技局关于《成都市重大产业技术平台开放共享暂行办法》的通知',成都市人民政府办公厅,2010-04-06,已失效,地方政府规章及文件
'成都市农业委员会关于印发市植保植检站《成都市粮经产业双创双建示范工程病虫害防治实施方案》的通知',成都市农业委员会,2010-04-06,现行有效,地方政府规章及文件
'汶川县人民政府办公室关于印发《汶川县产业恢复重建资金补助项目管理办法》的通知',阿坝藏族羌族自治州汶川县人民政府办公室,2010-04-02,现行有效,地方政府规章及文件
'转发市农村发展局关于《邛崃市2010年粮经产业双创双建示范工程实施方案》的通知',邛崃市人民政府办公室,2010-03-30,现行有效,地方政府规章及文件
'成都市农业委员会关于印发市农技总站《成都市2010年特色产业高效示范工程项目标准化技术实施方案》的通知',成都市农业委员会,2010-03-25,现行有效,地方政府规章及文件
'新津县人民政府办公室转发县农发局关于《新津县2010年粮经产业双创双建示范工程实施方案》的通知',成都市新津县人民政府办公室,2010-03-25,现行有效,地方政府规章及文件
'广安市人民政府办公室关于印发《广安市旅游产业发展“十一五”规划》的通知',广安市人民政府办公室,2007-11-20,现行有效,地方政府规章及文件
'广安市人民政府办公室转发市农业局《关于加快蔬菜产业发展的意见》的通知',广安市人民政府办公室,2006-03-21,现行有效,地方政府规章及文件
'德阳市人民政府关于加快发展新材料产业的实施意见',德阳市人民政府,2007-10-19,现行有效,地方政府规章及文件
'广安市人民政府办公室关于贯彻省政府关于加快林业产业发展的意见的通知',广安市人民政府办公室,2007-10-18,现行有效,地方政府规章及文件
'双流县人民政府办公室关于转发《双流县2010年粮经产业双创双建示范工程实施方案》的通知',成都市双流县人民政府办公室,2010-03-08,现行有效,地方政府规章及文件
'三台县人民政府办公室关于印发《三台县灾后产业恢复重建基金使用管理办法》的通知',绵阳市三台县人民政府办公室,2010-03-08,现行有效,地方政府规章及文件
'群力乡人民政府关于切实抓好2010年青刀豆产业发展工作的通知',遂宁市蓬溪县群力乡人民政府,2010-03-02,现行有效,地方政府规章及文件
'中共骑马乡委员会、骑马乡人民政府关于灾后农业产业恢复发展的实施方案',中共广元市青川县骑马乡委员会;广元市青川县骑马乡人民政府,2010-02-28,现行有效,地方政府规章及文件
'中共常乐镇委员会、常乐镇人民政府2010年农业产业发展工作实施意见',中共遂宁市蓬溪县常乐镇委员会;遂宁市蓬溪县常乐镇人民政府,2010-02-23,现行有效,地方政府规章及文件
'三台县刘营镇人民政府关于辣椒产业发展的实施意见',绵阳市三台县刘营镇人民政府,2010-02-22,现行有效,地方政府规章及文件
'凉山州人民政府关于2010年蚕桑产业发展的意见',凉山彝族自治州人民政府,2010-01-27,现行有效,地方政府规章及文件
'四川省旅游产业发展领导小组办公室关于做好2010年“春节”假日旅游工作的通知',四川省旅游产业发展领导小组办公室,2010-01-25,现行有效,地方政府规章及文件
'成都市人民政府办公厅转发市农委关于《成都市2010年粮经产业双创双建示范工程实施方案》的通知',成都市人民政府办公厅,2010-01-25,现行有效,地方政府规章及文件
'泸县人民政府关于发展柑桔龙眼及优质稻产业的意见',泸州市泸县人民政府,2010-01-22,现行有效,地方政府规章及文件
'达州市人民政府关于加强天然气能源化工产业区环境保护工作的意见',达州市人民政府,2010-01-12,已失效,地方政府规章及文件
'凉山州人民政府关于2010年马铃薯产业发展的意见',凉山彝族自治州人民政府,2010-01-06,现行有效,地方政府规章及文件
'四川省人民政府批转省发展改革委《关于抑制部分行业产能过剩和重复建设引导产业健康发展的意见》的通知',四川省人民政府,2010,现行有效,地方政府规章及文件
'四川省人民政府办公厅关于印发四川省工业八大产业调整和振兴行动计划2010年度计划的通知',四川省人民政府办公厅,2010,现行有效,地方政府规章及文件
'四川省人民政府办公厅关于印发四川省工业“7+3”产业2010年度工作计划的通知',四川省人民政府办公厅,2010,现行有效,地方政府规章及文件
'四川省人民政府办公厅转发省发展改革委等部门《关于加快推行合同能源管理促进节能服务产业发展的实施意见》的通知',四川省人民政府办公厅,2010,现行有效,地方政府规章及文件
'四川省人民政府办公厅关于进一步加大节能减排力度加快钢铁产业结构调整的实施意见',四川省人民政府办公厅,2010,现行有效,地方政府规章及文件
'关于加快推进乡村旅游产业发展工作通知',江油市青莲镇人民政府,2010,现行有效,地方政府规章及文件
'广元市朝天区人民政府关于2010年曾家山蔬菜产业建设的实施意见',广元市朝天区人民政府,2010,现行有效,地方政府规章及文件
'中共蓬溪县委办公室、蓬溪县人民政府办公室关于《加快食用菌(蔬菜)产业强县培育县基地建设的实施意见》的补充通知',中共遂宁市蓬溪县委办公室;遂宁市蓬溪县人民政府办公室,2010,现行有效,地方政府规章及文件
'大竹县人民政府关于促进全县食用植物油产业健康发展保障供给安全的实施意见',达州市大竹县人民政府,2009-12-23,现行有效,地方政府规章及文件
'成都市人民政府办公厅关于印发《成都市物流产业发展规划(2009－2012)》的通知',成都市人民政府办公厅,2009-12-22,现行有效,地方政府规章及文件
'四川省信息产业厅关于转发《关于信息系统工程监理单位资质认证的补充通知》的通知',四川省信息产业厅,2009-12-18,现行有效,地方政府规章及文件
'泸州市人民政府办公室关于2010年现代林业产业基地建设的实施意见',泸州市人民政府办公室,2009-12-14,现行有效,地方政府规章及文件
'关于转发环境保护部《关于贯彻落实抑制部分行业产能过剩和重复建设引导产业健康发展的通知》的通知',四川省环境保护局,2009-12-11,现行有效,地方政府规章及文件
'苍溪县人民政府办公室关于印发苍溪县农村特色产业园专合组织新村及清洁村庄灾后重建项目实施方案的通知',广元市苍溪县人民政府办公室,2009-12-11,已失效,地方政府规章及文件
'成都市武侯区人民政府批转区商务局《关于鼓励电子商务应用促进产业发展若干政策的实施意见》的通知',成都市武侯区人民政府,2009-12-08,现行有效,地方政府规章及文件
'成都市人民政府办公厅关于印发《成都市环保产业发展规划(2009－2012)》的通知',成都市人民政府办公厅,2009-12-04,已失效,地方政府规章及文件
'成都市人民政府办公厅关于印发《成都市新能源产业发展规划(2009—2012)》的通知',成都市人民政府办公厅,2009-11-26,现行有效,地方政府规章及文件
'巴中市人民政府关于贯彻落实《四川省人民政府关于加快现代农业产业基地建设的意见》的通知',巴中市人民政府,2009-11-23,现行有效,地方政府规章及文件
'成都市人民政府办公厅关于印发《成都市文化创意产业发展规划(2009—2012)》的通知',成都市人民政府办公厅,2009-11-19,现行有效,地方政府规章及文件
'成都市人民政府办公厅关于印发《成都市新材料产业发展规划(2009—2012)》的通知',成都市人民政府办公厅,2009-11-12,现行有效,地方政府规章及文件
'成都市人民政府办公厅关于印发成都市生物医药产业发展规划(2009－2012)的通知',成都市人民政府办公厅,2009-11-10,现行有效,地方政府规章及文件
'内江市人民政府关于加快现代农业产业基地建设的意见',内江市人民政府,2009-11-10,现行有效,地方政府规章及文件
'成都市经济委员会关于完善工业集中发展区(点)主导产业发展规划的通知',成都市经济委员会,2009-11-05,现行有效,地方政府规章及文件
'成都市食品药品监督管理局关于进一步做好医药产业品牌推进培育和保护工作的通知',成都市食品药品监督管理局,2009-10-28,现行有效,地方政府规章及文件
'关于加快现代林业产业基地和林业产业强县建设的意见',达州市达县人民政府,2009-10-27,现行有效,地方政府规章及文件
'乐山高新技术产业开发区管委会推进知识产权成果产业化的管理办法(试行)',乐山高新技术产业开发区管理委员会,2009-10-23,现行有效,地方政府规章及文件
'中共前锋镇委员会、前锋镇人民政府关于深化藤椒产业发展的实施意见',中共绵阳市三台县前锋镇委员会;绵阳市三台县前锋镇人民政府,2009-10-20,现行有效,地方政府规章及文件
'成都市人民政府办公厅转发市农委《关于加快推进泡菜产业发展实施意见》的通知',成都市人民政府办公厅,2009-10-15,现行有效,地方政府规章及文件
'四川省商务厅关于印发《关于推进外向型产业园区建设的工作方案》及组织外向型产业园区申报工作的通知',四川省商务厅,2009-10-14,现行有效,地方政府规章及文件
'四川省经济委员会、四川省质量技术监督局关于印发《四川省工业产品生产许可产业政策确认暂行办法》的通知',四川省经济委员会;四川省质量技术监督局,2009-10-13,现行有效,地方政府规章及文件
'郫县人民政府关于加快蔬菜产业基地建设的意见',成都市郫县人民政府,2009-10-12,现行有效,地方政府规章及文件
'成都市人民政府办公厅关于优化工业布局规划促进产业集约集群发展的通知',成都市人民政府办公厅,2009-09-30,已失效,地方政府规章及文件
'凉山州人民政府关于加快现代农业产业基地建设的实施意见',凉山彝族自治州人民政府,2009-09-23,现行有效,地方政府规章及文件
'四川省经济委员会关于加强全省汽车产业发展运行监测分析的通知',四川省经济委员会,2009-09-18,现行有效,地方政府规章及文件
'成都市人民政府办公厅转发市农委《关于加快推进伏季水果产业发展实施意见》的通知',成都市人民政府办公厅,2009-09-15,现行有效,地方政府规章及文件
'泸州市人民政府办公室关于印发泸州市清洁汽车产业2009—2015年发展规划的通知',泸州市人民政府办公室,2009-09-07,现行有效,地方政府规章及文件
'射洪县人民政府办公室关于切实抓好蔬菜产业发展的通知',遂宁市射洪县人民政府办公室,2009-09-07,现行有效,地方政府规章及文件
'四川省经济委员会关于加强产业园区(产业集中发展区)信息报送的通知',四川省经济委员会,2009-09-02,现行有效,地方政府规章及文件
'巴中市人民政府办公室关于印发《巴中市农业产业园区建设规划编制技术导则》的通知',巴中市人民政府办公室,2009-09-01,现行有效,地方政府规章及文件
'青神县人民政府关于加快蚕桑产业发展的实施意见',眉山市青神县人民政府,2009-08-18,现行有效,地方政府规章及文件
'市商务局、市财政局关于下发《成都市2009年度支持餐饮产业项目资金实施意见》的通知',成都市商务局;成都市财政局,2009-08-14,现行有效,地方政府规章及文件
'汶川县人民政府关于汶川县漩三环线特色产业发展经济圈实施意见',阿坝藏族羌族自治州汶川县人民政府,2009-08-13,现行有效,地方政府规章及文件
'成都市武侯区人民政府关于印发《武侯区关于促进鞋业产业发展的政策意见》的通知',成都市武侯区人民政府,2009-07-29,现行有效,地方政府规章及文件
'内江市人民政府关于大力发展奶牛产业的意见',内江市人民政府,2009-07-27,现行有效,地方政府规章及文件
'广元市人民政府关于印发《广元市循环经济产业园区发展规划》（2009—2015）的通知',广元市人民政府,2009-07-27,现行有效,地方政府规章及文件
'成都市人民政府办公厅转发市水务局关于《加快推进水产业发展实施意见》的通知',成都市人民政府办公厅,2009-07-22,现行有效,地方政府规章及文件
'成都市人民政府办公厅转发市农委关于《进一步规范奶产业发展意见》的通知',成都市人民政府办公厅,2009-07-15,现行有效,地方政府规章及文件
'成都市人民政府办公厅转发市农委关于《加快推进食用菌产业发展实施意见》的通知',成都市人民政府办公厅,2009-07-15,现行有效,地方政府规章及文件
'成都市人民政府办公厅转发市农委关于《加快推进生猪产业发展实施意见》的通知',成都市人民政府办公厅,2009-07-15,现行有效,地方政府规章及文件
'四川省信息产业厅关于印发《四川省信息产业厅规范无线电管理行政处罚自由裁量权的规定》的通知',四川省信息产业厅,2009-07-08,现行有效,地方政府规章及文件
'四川省人民政府办公厅关于开展成渝经济区(四川)重点产业发展战略环境评价工作的通知',四川省人民政府办公厅,2009-06-26,现行有效,地方政府规章及文件
'中共常乐镇委员会、常乐镇人民政府关于2009年农业产业实施工作的意见',中共遂宁市蓬溪县常乐镇委员会;遂宁市蓬溪县常乐镇人民政府,2009-06-03,现行有效,地方政府规章及文件
'关于印发《国家现代农业产业技术体系四川创新团队建设2009年项目申报指南》的通知',四川省农业厅,2009-05-31,现行有效,地方政府规章及文件
'关于印发《国家现代农业产业技术体系四川创新团队建设管理办法及绩效考核办法》的通知',四川省农业厅,2009-05-27,现行有效,地方政府规章及文件
'宜宾市人民政府关于进一步做强做大酒类产业的意见',宜宾市人民政府,2009-05-20,现行有效,地方政府规章及文件
'三锅乡产业恢复重建实施方案',广元市青川县三锅乡人民政府,2009-05-20,现行有效,地方政府规章及文件
'青川县瓦砾乡人民政府关于发展核桃产业实施方案',广元市青川县瓦砾乡人民政府,2009-05-19,现行有效,地方政府规章及文件
'江安县人民政府关于进一步加快竹产业发展的实施意见',宜宾市江安县人民政府,2009-05-19,现行有效,地方政府规章及文件
'阿坝州人民政府关于国家下达我州产业重建补助资金有关安排的通知',阿坝藏族羌族自治州人民政府,2009-05-18,现行有效,地方政府规章及文件
'宜宾市人民政府办公室转发《省旅游产业领导小组办公室关于做好“5·12”及近期旅游安全稳定工作的紧急通知》的通知',宜宾市人民政府办公室,2009-05-13,现行有效,地方政府规章及文件
'内江市人民政府办公室关于进一步加快柑桔产业发展的通知',内江市人民政府办公室,2009-04-27,现行有效,地方政府规章及文件
'乐山高新技术产业开发区管委会还房安置建设管理相关规定',乐山高新技术产业开发区管理委员会,2009-04-21,现行有效,地方政府规章及文件
'关于印发《成都市农业产业结构调整培训就业行动计划》的通知',成都市劳动和社会保障局;成都市财政局;成都市农业委员会,2009-03-31,现行有效,地方政府规章及文件
'泸州市龙马潭区人民政府办公室关于2009年高粱产业发展的实施意见',泸州市龙马潭区人民政府办公室,2009-03-24,已失效,地方政府规章及文件
'攀枝花市人民政府关于加快产业园区发展意见的补充规定',攀枝花市人民政府,2009-03-18,现行有效,地方政府规章及文件
'省财政厅、省经济委员会关于印发《四川省产业园区产业发展引导资金管理暂行办法》的通知',四川省财政厅;四川省经济委员会,2009-03-09,现行有效,地方政府规章及文件
'广元市人民政府办公室关于印发《广元青川—川浙合作产业园建设实施方案》的通知',广元市人民政府办公室,2009-03-06,现行有效,地方政府规章及文件
'四川省经济委员会办公室转发工业和信息化部关于当前形势下进一步做好产业政策工作的通知的通知',四川省经济委员会办公室,2009-03-05,现行有效,地方政府规章及文件
'广元市朝天区人民政府关于2009年曾家山蔬菜产业建设的实施意见',广元市朝天区人民政府,2009-02-24,现行有效,地方政府规章及文件
'泸州市龙马潭区人民政府关于2009年无公害生姜产业发展的实施意见',泸州市龙马潭区人民政府,2009-02-19,现行有效,地方政府规章及文件
'夹江县人民政府关于印发《夹江县优势茶叶产业发展规划》的通知',乐山市夹江县人民政府,2009-02-19,现行有效,地方政府规章及文件
'广元市人民政府办公室关于印发《广元市工业园区产业布局规划指导意见》(2009—2015年)的通知',广元市人民政府办公室,2009-02-16,现行有效,地方政府规章及文件
'雷波县人民政府关于加快2009年马铃薯产业发展的意见',凉山彝族自治州雷波县人民政府,2009-02-16,现行有效,地方政府规章及文件
'攀枝花市人民政府关于加快产业园区发展的意见',攀枝花市人民政府,2009-02-06,现行有效,地方政府规章及文件
'沿滩区人民政府关于加快适度规模肉牛产业发展的意见',自贡市沿滩区人民政府,2009-01-20,已失效,地方政府规章及文件
'射洪县人民政府办公室关于促进房地产业恢复发展扶持居民安居置业的补充意见',遂宁市射洪县人民政府办公室,2009-01-19,现行有效,地方政府规章及文件
'四川省旅游产业发展领导小组办公室关于做好2009年国庆节中秋节假日旅游工作的通知',四川省旅游产业发展领导小组办公室,2009,已失效,地方政府规章及文件
'四川省人民政府关于加快现代农业产业基地建设的意见',四川省人民政府,2009,现行有效,地方政府规章及文件
'巴中市人民政府关于印发《巴中市生产力布局与产业调整规划(2008—2015年)》的通知',巴中市人民政府,2008-12-31,现行有效,地方政府规章及文件
'资中县人民政府办公室转发内江市人民政府《关于加强自主创新促进高新技术产业发展实施意见的通知》的通知',内江市资中县人民政府办公室,2008-12-30,现行有效,地方政府规章及文件
'四川省经济委员会办公室关于贯彻执行国家工信部产业〔2008〕第15号公告的通知',四川省经济委员会办公室,2008-12-24,现行有效,地方政府规章及文件
'四川省旅游产业发展领导小组办公室关于做好2009年元旦节假日旅游工作的通知',四川省旅游产业发展领导小组办公室,2008-12-23,现行有效,地方政府规章及文件
'四川省旅游产业发展领导小组办公室关于实施重振旅游工程的指导意见',四川省旅游产业发展领导小组办公室,2008-12-18,现行有效,地方政府规章及文件
'四川省商务厅关于转发《四川省人民政府转发省科技厅等8部门关于促进高新技术产业发展的投融资政策与服务若干意见的通知》的通知',四川省商务厅,2008-12-11,现行有效,地方政府规章及文件
'四川省人民政府转发省科技厅等8部门关于促进高新技术产业发展的投融资政策与服务若干意见的通知',四川省人民政府,2008-12-03,现行有效,地方政府规章及文件
'成都市工商行政管理局关于促进震后产业恢复与发展工作的实施意见',成都市工商行政管理局,2008-10-31,现行有效,地方政府规章及文件
'攀枝花市人民政府办公室关于推进土地资产运营促进房地产业恢复发展的意见',攀枝花市人民政府办公室,2008-10-31,现行有效,地方政府规章及文件
'达州市人民政府关于加速培育精品旅游区推进旅游产业发展的实施意见',达州市人民政府,2008-10-31,现行有效,地方政府规章及文件
'雅安市人民政府关于抓住灾后重建重要战略机遇加快推进承接产业转移工作的意见',雅安市人民政府,2008-10-30,现行有效,地方政府规章及文件
'泸州市人民政府关于促进房地产业健康发展的若干意见',泸州市人民政府,2008-10-28,已失效,地方政府规章及文件
'资中县人民政府办公室转发内江市人民政府《关于印发内江市加强自主创新促进高新技术产业发展实施意见的通知》的通知',内江市资中县人民政府办公室,2008-10-28,现行有效,地方政府规章及文件
'德阳市人民政府关于促进我市房地产业恢复发展扶持居民安居置业的意见',德阳市人民政府,2008-10-21,已失效,地方政府规章及文件
'内江市人民政府关于印发内江市加强自主创新促进高新技术产业发展实施意见的通知',内江市人民政府,2008-10-10,现行有效,地方政府规章及文件
'凉山州人民政府办公室关于印发《凉山州落实〈四川省民族地区旅游产业发展规划（2008—2012）年〉工作方案暨2008年工作重点》的通知',凉山彝族自治州人民政府办公室,2008-10-10,现行有效,地方政府规章及文件
'达州市人民政府关于加快发展生猪和马铃薯产业的意见',达州市人民政府,2008-10-07,现行有效,地方政府规章及文件
'犍为县人民政府关于促进房地产业恢复发展扶持居民安居置业的意见',乐山市犍为县人民政府,2008-09-22,已失效,地方政府规章及文件
'内江市人民政府办公室关于做大做强担保融资平台推进产业发展的意见',内江市人民政府办公室,2008-09-19,现行有效,地方政府规章及文件
'自贡市人民政府办公室关于促进房地产业持续健康发展的意见',自贡市人民政府办公室,2008-09-05,已失效,地方政府规章及文件
'新津县人民政府办公室转发县房管局等部门《关于促进我县房地产业发展的优惠政策》的通知',成都市新津县人民政府办公室,2008-08-27,现行有效,地方政府规章及文件
'达州市人民政府关于进一步规范进入市天然气能源化工产业区工业项目收费行为的通知',达州市人民政府,2008-08-19,现行有效,地方政府规章及文件
'关于推进蚕桑产业发展的意见',达州市人民政府办公室,2008-08-18,现行有效,地方政府规章及文件
'关于加快发展生猪产业的实施意见',达州市人民政府办公室,2008-08-13,现行有效,地方政府规章及文件
'关于加快林业产业发展的意见',达州市达县人民政府,2008-08-13,现行有效,地方政府规章及文件
'大竹县人民政府办公室转发《达州市促进震后房地产业持续健康发展若干政策措施》的通知',达州市大竹县人民政府办公室,2008-08-06,现行有效,地方政府规章及文件
'关于印发《达州市促进震后房地产业持续健康发展若干政策措施》的通知',达州市人民政府办公室,2008-07-31,已失效,地方政府规章及文件
'泸州市人民政府关于印发泸州市酒类产业发展规划(2008—2010年)的通知',泸州市人民政府,2008-07-22,现行有效,地方政府规章及文件
'关于2008年支持成都市优势特色产业企业因公出国(境)的具体办法',成都市人民政府外事办公室,2008-07-18,现行有效,地方政府规章及文件
'关于转发《中华全国总工会关于印发全国产业工会工作会议重要文件的通知》的通知',四川省教科文卫工会,2008-07-16,现行有效,地方政府规章及文件
'成都市旅游局关于落实《成都市人民政府办公厅关于灾后促进旅游产业恢复发展的暂行意见》的通知',成都市旅游局,2008-07-15,现行有效,地方政府规章及文件
'南充市人民政府办公室关于促进房地产业健康稳定发展扶持居民安居置业的意见',南充市人民政府办公室,2008-07-15,已失效,地方政府规章及文件
'关于鼓励和支持电子信息产业企业上市的试行意见',成都市信息化办公室,2008-07-09,现行有效,地方政府规章及文件
'关于印发《成都优势特色产业国际化工程部门协作机制》及《成都优势特色产业国际化工程实施方案》的通知',成都市商务局;成都市经济委员会;成都市农业委员会;成都市人民政府外事办公室;成都市财政局;成都是食品药品监督管理局;成都市科技局;成都市工商业联合会,2008-06-23,现行有效,地方政府规章及文件
'成都市人民政府办公厅关于灾后促进旅游产业恢复发展的暂行意见',成都市人民政府办公厅,2008-06-17,现行有效,地方政府规章及文件
'珙县人民政府关于加快建设珙县竹产业发展的实施意见',宜宾市珙县人民政府,2008-06-16,现行有效,地方政府规章及文件
'成都市人民政府办公厅关于促进房地产业恢复发展扶持居民安居置业的意见',成都市人民政府办公厅,2008-06-15,现行有效,地方政府规章及文件
'成都市旅游局关于印发《成都旅游产业灾后重建工作意见》的通知',成都市旅游局,2008-06-12,现行有效,地方政府规章及文件
'三台县宝泉乡人民政府关于加快生猪产业发展的实施意见',绵阳市三台县宝泉乡人民政府,2008-05-25,现行有效,地方政府规章及文件
'四川省人民政府关于做强做大旅游企业加快旅游产业发展的实施意见',四川省人民政府,2008-04-22,现行有效,地方政府规章及文件
'四川省人民政府办公厅关于转发四川省民族地区旅游产业发展规划(2008—2012年)的通知',四川省人民政府办公厅,2008-04-22,现行有效,地方政府规章及文件
'四川省旅游产业发展领导小组办公室关于做好2008年“五一”假日旅游工作的通知',四川省旅游产业发展领导小组办公室,2008-04-22,现行有效,地方政府规章及文件
'四川省工商行政管理局、四川省个体私营经济协会关于印发《促进夹江百亿陶瓷产业集群发展工作方案》的通知',四川省工商行政管理局;四川省个体私营经济协会,2008-04-16,现行有效,地方政府规章及文件
'内江市承接产业转移优惠办法',内江市人民政府,2008-04-14,现行有效,地方政府规章及文件
'内江市承接产业转移优惠办法',内江市人民政府,2008-04-14,现行有效,地方政府规章及文件
'自贡市人民政府关于加快新材料产业发展的意见',自贡市人民政府,2008-04-10,现行有效,地方政府规章及文件
'攀枝花市人民政府关于加快林业产业发展的意见',攀枝花市人民政府,2008-03-31,现行有效,地方政府规章及文件
'中共盐亭县委、盐亭县人民政府关于加快生猪产业发展的决定',中共绵阳市盐亭县委;绵阳市盐亭县人民政府,2008-03-29,现行有效,地方政府规章及文件
'广元市朝天区人民政府关于2008年曾家山蔬菜产业建设的实施意见',广元市朝天区人民政府,2008-03-04,现行有效,地方政府规章及文件
'泸州市龙马潭区人民政府2008年无公害生姜产业发展实施意见',泸州市龙马潭区人民政府,2008-02-21,已失效,地方政府规章及文件
'泸州市龙马潭区人民政府关于2008年龙马乌鸡产业发展的意见',泸州市龙马潭区人民政府,2008-02-21,已失效,地方政府规章及文件
'成都市人民政府办公厅关于印发《成都市产业投资导向目录（2008年修订）》的通知',成都市人民政府办公厅,2008-02-13,现行有效,地方政府规章及文件
'四川省人民政府办公厅关于印发四川省加快中药产业发展实施意见的通知',四川省人民政府办公厅,2008-02-04,现行有效,地方政府规章及文件
'二〇〇八年苎麻、水果产业发展实施意见',达州市达县人民政府,2008-01-31,现行有效,地方政府规章及文件
'阿坝州人民政府关于进一步加快特色水果产业发展的意见',阿坝州人民政府,2008-01-14,现行有效,地方政府规章及文件
'自贡市人民政府关于加快林业产业发展的实施意见',自贡市人民政府,2008-01-09,现行有效,地方政府规章及文件
'乐山市物价局关于服务“产业提升年”和“八大民生工程”的实施意见',乐山市物价局,2008,现行有效,地方政府规章及文件
'内江市人民政府关于加快林业产业发展的意见',内江市人民政府,2007-12-26,现行有效,地方政府规章及文件
'夹江县人民政府办公室印发关于在全县开展文化产业统计工作的实施方案的通知',乐山市夹江县人民政府办公室,2007-12-24,现行有效,地方政府规章及文件
'内江市人民政府关于大力发展一村一品调整农业产业结构的实施意见',内江市人民政府,2007-12-14,现行有效,地方政府规章及文件
'泸州市人民政府关于完善粮食流通体制改革政策措施促进粮食产业发展的实施意见',泸州市人民政府,2007-11-27,现行有效,地方政府规章及文件
'四川省人民政府关于印发《四川省加快军民结合产业发展工作实施意见》的通知',四川省人民政府,2007-11-16,现行有效,地方政府规章及文件
'成都市锦江区人民政府关于印发《成都市锦江区文化创意产业发展规划（2007—2011）》的通知',成都市锦江区人民政府,2007-11-12,现行有效,地方政府规章及文件
'泸州市人民政府关于进一步加快高新技术产业及园区发展的意见',泸州市人民政府,2007-10-18,现行有效,地方政府规章及文件
'四川省人民政府关于加快林业产业发展的意见',四川省人民政府,2007-09-30,现行有效,地方政府规章及文件
'四川省旅游产业发展领导小组关于做好2007年“十一”黄金周旅游工作的通知',四川省旅游产业发展领导小组,2007-09-13,现行有效,地方政府规章及文件
'广元市人民政府办公室关于转发市农业局等3部门《关于推进集约化养殖沼气工程建设促进畜牧产业发展的意见》的通知',广元市人民政府办公室,2007-09-06,现行有效,地方政府规章及文件
'成都市农业委员会关于调整农经处、产业处部分职能的通知',成都市农业委员会,2007-08-09,现行有效,地方政府规章及文件
'大竹县人民政府办公室关于进一步做好2007年蔬菜产业发展的通知',达州市大竹县人民政府办公室,2007-08-08,现行有效,地方政府规章及文件
'关于转发《成都市旅游产业领导小组关于做好暑期旅游安全工作的通知》的通知',成都市旅游局,2007-07-31,现行有效,地方政府规章及文件
'美姑县2007年美姑山羊产业发展的实施方案',凉山彝族自治州美姑县人民政府办公室,2007-07-27,现行有效,地方政府规章及文件
'关于转发达州市天然气能源化工产业区达县协调领导小组办公室《关于开展产业区内农房现状普查工作的意见》的通知',中共达州市达县委员会办公室;达州市达县人民政府办公室,2007-07-23,现行有效,地方政府规章及文件
'达州市人民政府办公室关于切实抓好茶果产业发展的通知',达州市人民政府办公室,2007-07-17,现行有效,地方政府规章及文件
'关于印发《绵阳市山区县产业发展资金和项目监督管理暂行办法》的通知',绵阳市人民政府办公室,2007-07-06,现行有效,地方政府规章及文件
'成都市人民政府办公厅关于印发成都制鞋产业集群发展规划的通知',成都市人民政府办公厅,2007-06-29,已失效,地方政府规章及文件
'泸州市人民政府办公室转发市委农工办市财政局关于实施农业主导产业发展担保贷款意见的通知',泸州市人民政府办公室,2007-06-27,现行有效,地方政府规章及文件
'泸州市人民政府关于酒类产业发展担保贷款的实施意见（试行）',泸州市人民政府,2007-06-27,现行有效,地方政府规章及文件
'达州市人民政府办公室关于2007年蔬菜产业发展的意见',达州市人民政府办公室,2007-06-21,现行有效,地方政府规章及文件
'四川省人民政府关于加快发展服务外包产业的意见',四川省人民政府,2007-06-16,现行有效,地方政府规章及文件
'成都市武侯区人民政府关于印发《关于规范管理成都市软件产业发展专项资金新增资金（武侯区部分）的暂行办法》的通知',成都市武侯区人民政府,2007-06-12,现行有效,地方政府规章及文件
'中共绵阳市委、绵阳市人民政府关于加强劳务开发做强劳务产业的意见',中共绵阳市委;绵阳市人民政府,2007-06-11,现行有效,地方政府规章及文件
'宜宾市人民政府办公室关于银行卡产业发展的指导意见',宜宾市人民政府办公室,2007-05-30,现行有效,地方政府规章及文件
'甘孜藏族自治州人民政府批转州发改委《关于进一步加快甘孜州核桃花椒特色产业发展的实施意见》的通知',甘孜藏族自治州人民政府,2007-05-18,现行有效,地方政府规章及文件
'甘孜藏族自治州人民政府批转州发改委《关于进一步加快甘孜州核桃、花椒特色产业发展的实施意见》的通知',甘孜藏族自治州人民政府,2007-05-18,现行有效,地方政府规章及文件
'成都市武侯区人民政府办公室关于印发武侯区产业发展规划编制工作方案的通知',成都市武侯区人民政府办公室,2007-05-10,现行有效,地方政府规章及文件
'四川省人民政府关于印发四川省高新技术产业及园区发展实施方案的通知',四川省人民政府,2007-04-30,现行有效,地方政府规章及文件
'四川省人民政府关于印发加强自主创新促进高新技术产业发展若干政策的通知',四川省人民政府,2007-04-30,现行有效,地方政府规章及文件
'夹江县人民政府办公室关于印发夹江县外向型生猪产业发展实施方案的通知',乐山市夹江县人民政府办公室,2007-04-09,现行有效,地方政府规章及文件
'绵阳市人民政府办公室关于银行卡产业发展的实施意见',绵阳市人民政府办公室,2007-04-02,现行有效,地方政府规章及文件
'乐山市档案局关于做好“产业发展年”档案工作的通知',乐山市档案局,2007-04-02,现行有效,地方政府规章及文件
'遂宁市人民政府关于多方联动合作共赢推进畜牧产业快速发展的实施意见',遂宁市人民政府,2007-03-23,现行有效,地方政府规章及文件
'四川省人民政府办公厅关于印发《四川省“十一五”清洁汽车产业发展规划》的通知',四川省人民政府办公厅,2007-03-23,现行有效,地方政府规章及文件
'泸州市人民政府关于促进银行卡产业发展的指导意见',泸州市人民政府,2007-03-20,现行有效,地方政府规章及文件
'关于印发《达县旅游产业发展领导小组关于2007年全县旅游工作要点》的通知',达州市达县人民政府办公室,2007-03-20,现行有效,地方政府规章及文件
'广元市朝天区人民政府关于2007年曾家山蔬菜产业发展的实施意见',广元市朝天区人民政府,2007-03-12,现行有效,地方政府规章及文件
'广元市朝天区人民政府关于进一步加快食用菌产业发展的意见',广元市朝天区人民政府,2007-02-12,现行有效,地方政府规章及文件
'达州市人民政府办公室关于印发市旅游产业发展领导小组关于2007年全市旅游工作要点的通知',达州市人民政府办公室,2007-02-05,现行有效,地方政府规章及文件
'中共骑马乡委员会、骑马乡人民政府关于切实抓好2007年产业发展工作的通知',中共广元市青川县骑马乡委员会;广元市青川县骑马乡人民政府,2007-02-02,现行有效,地方政府规章及文件
'四川省人民政府办公厅关于印发四川省“十一五”高技术产业发展规划的通知',四川省人民政府办公厅,2007-01-26,现行有效,地方政府规章及文件
'关于加快梨产业发展的意见',华蓥市人民政府,2007-01-24,现行有效,地方政府规章及文件
'达县人民政府二○○七年蔬菜产业发展实施意见',达州市达县人民政府,2007-01-15,现行有效,地方政府规章及文件
'乐山市物价局关于构建和谐价格关系服务“产业发展年”和“十大惠民行动”的实施意见',乐山市物价局,2007,现行有效,地方政府规章及文件
'美姑县人民政府关于2007年马铃薯产业发展的实施意见',凉山彝族自治州美姑县人民政府,2007,现行有效,地方政府规章及文件
'四川省人民政府办公厅关于印发四川省“十一五”旅游产业发展规划的通知',四川省人民政府办公厅,2006-12-31,现行有效,地方政府规章及文件
'郫县人民政府关于印发郫县文化产业发展规划纲要的通知',成都市郫县人民政府,2006-12-16,现行有效,地方政府规章及文件
'宜宾市人民政府关于加快林业产业发展的意见',宜宾市人民政府,2006-12-09,已失效,地方政府规章及文件
'四川省人民政府办公厅转发省发展改革委等9部门关于四川省纺织服装产业发展指导意见的通知',四川省人民政府办公厅,2006-11-05,现行有效,地方政府规章及文件
'四川省人民政府办公厅关于银行卡产业发展的指导意见',四川省人民政府办公厅,2006-10-30,现行有效,地方政府规章及文件
'邛崃市人民政府关于印发邛崃市文化事业和文化产业“十一五”发展规划的通知',邛崃市人民政府,2006-10-10,现行有效,地方政府规章及文件
'达州市人民政府办公室关于印发达州市七大特色农业产业发展意见的通知',达州市人民政府办公室,2006-09-29,现行有效,地方政府规章及文件
'阿坝州人民政府关于加快酿酒葡萄产业发展的意见',阿坝藏族羌族自治州人民政府,2006-08-04,现行有效,地方政府规章及文件
'阿坝州人民政府关于发展生猪产业的意见',阿坝藏族羌族自治州人民政府,2006-08-04,现行有效,地方政府规章及文件
'大竹县人民政府关于加快发展蔬菜产业的意见',达州市大竹县人民政府,2006-06-19,现行有效,地方政府规章及文件
'南充市顺庆区人民政府转发《市政府关于加快旅游产业发展的若干政策意见》的通知',南充市顺庆区人民政府,2006-05-24,现行有效,地方政府规章及文件
'攀枝花市人民政府办公室转发市经委等部门《关于进一步加强国家产业政策导向促进攀枝花新型工业化发展的指导意见》的通知',攀枝花市人民政府办公室,2006-05-22,现行有效,地方政府规章及文件
'攀枝花市人民政府关于促进体育产业发展的意见',攀枝花市人民政府,2006-05-22,现行有效,地方政府规章及文件
'达州市人民政府关于加快特色农业产业发展的意见',达州市人民政府,2006-05-09,现行有效,地方政府规章及文件
'关于印发《成都市锦江区产业投资导向目录》的通知',成都市锦江区人民政府办公室,2006-05-08,现行有效,地方政府规章及文件
'双流县人民政府关于加快蔬菜产业发展的意见',成都市双流县人民政府,2006-04-28,现行有效,地方政府规章及文件
'凉山州人民政府办公室关于印发凉山州2006-2010年中药现代化科技产业基地建设实施方案的通知',凉山彝族自治州人民政府办公室,2006-04-06,现行有效,地方政府规章及文件
'甘孜藏族自治州人民政府办公室转发州旅游产业发展领导小组《2006年全州旅游工作要点》的通知',甘孜藏族自治州人民政府办公室,2006-03-22,现行有效,地方政府规章及文件
'甘孜藏族自治州人民政府办公室转发州旅游产业发展领导小组《2006年全州旅游工作要点》的通知',甘孜藏族自治州人民政府办公室,2006-03-22,现行有效,地方政府规章及文件
'巴中市人民政府关于转变畜牧业生产方式加快畜牧产业发展的意见',巴中市人民政府,2006-03-06,现行有效,地方政府规章及文件
'南充市顺庆区人民政府关于加快蚕桑产业发展的意见',南充市顺庆区人民政府,2006-02-16,现行有效,地方政府规章及文件
'成都市人民政府办公厅关于印发《成都市产业投资导向目录》的通知',成都市人民政府办公厅,2006-02-09,现行有效,地方政府规章及文件
'攀枝花市人民政府关于加快我市烟叶产业发展的意见',攀枝花市人民政府,2006-01-12,现行有效,地方政府规章及文件
