'安徽省促进战略性新兴产业集聚发展条例',安徽省人民代表大会常务委员会,2017-05-31,现行有效,地方性法规及文件
'安徽省促进皖江城市带承接产业转移示范区发展条例',安徽省人民代表大会常务委员会,2011-06-27,现行有效,地方性法规及文件
'安徽省人民政府办公厅关于印发《建设康复辅助器具特色产业园推动高质量发展行动方案》的通知',安徽省人民政府办公厅,2020-11-16,现行有效,地方政府规章及文件
'关于印发《安徽省人力资源服务产业园管理办法(试行)》的通知',安徽省人力资源和社会保障厅,2020-08-06,现行有效,地方政府规章及文件
'安徽省人民政府关于促进装配式建筑产业发展的意见',安徽省人民政府,2020-04-02,现行有效,地方政府规章及文件
'安徽省人民政府关于支持人工智能产业创新发展若干政策的通知',安徽省人民政府,2020-03-07,现行有效,地方政府规章及文件
'安徽省人民政府办公厅关于印发支持生物基新材料产业发展若干政策的通知',安徽省人民政府办公厅,2020-03-05,现行有效,地方政府规章及文件
'安徽省人民政府办公厅关于印发《加快推进粮食产业高质量发展行动计划》的通知',安徽省人民政府办公厅,2020-01-21,现行有效,地方政府规章及文件
'安庆市人民政府关于印发安庆市2019年促进文化体育旅游产业发展若干政策的通知',安庆市人民政府,2019-08-15,已失效,地方政府规章及文件
'安徽省人民政府关于推进重大新兴产业基地高质量发展若干措施的通知',安徽省人民政府,2019-04-22,现行有效,地方政府规章及文件
'安庆市人民政府关于印发安庆市进一步支持新能源汽车产业发展和推广应用若干政策的通知',安庆市人民政府,2019-04-19,已失效,地方政府规章及文件
'安庆市人民政府办公室关于印发安庆市2019年加快推进首位产业发展的实施方案的通知',安庆市人民政府办公室,2019-04-10,现行有效,地方政府规章及文件
'安庆市人民政府关于加快推进机器人产业发展和推广应用的实施意见',安庆市人民政府,2018-12-26,现行有效,地方政府规章及文件
'安徽省人民政府办公厅关于印发安徽省县域特色产业集群(基地)建设方案的通知',安徽省人民政府办公厅,2018-12-22,现行有效,地方政府规章及文件
'滁州市人民政府关于印发支持机器人产业发展若干政策(试行)的通知',滁州市人民政府,2018-11-14,现行有效,地方政府规章及文件
'滁州市人民政府办公室关于印发滁州市中药产业发展“十三五”规划的通知',滁州市人民政府办公室,2018-10-28,现行有效,地方政府规章及文件
'安庆市人民政府办公室关于做优做大做强茶产业助推脱贫攻坚和农民增收的实施意见',安庆市人民政府办公室,2018-09-12,现行有效,地方政府规章及文件
'安徽省人民政府办公厅关于印发保险支持淮河行蓄洪区适应性农业产业发展工作方案的通知',安徽省人民政府办公厅,2018-08-30,现行有效,地方政府规章及文件
'安庆市人民政府办公室关于印发安庆市加快推进农业高新技术产业示范区和农业科技园区建设发展实施方案的通知',安庆市人民政府办公室,2018-08-29,现行有效,地方政府规章及文件
'关于印发全面打造水清岸绿产业优美丽长江(安徽)经济带治砂实施方案的通知',安徽省水利厅,2018-07-31,现行有效,地方政府规章及文件
'安徽省人民政府关于印发支持现代医疗和医药产业发展若干政策的通知',安徽省人民政府,2018-07-09,现行有效,地方政府规章及文件
'安庆市人民政府办公室关于开展安庆市“首位产业招商年”活动的实施意见',安庆市人民政府办公室,2018-07-07,现行有效,地方政府规章及文件
'安徽省人民政府办公厅关于印发安徽省机器人产业发展规划(2018—2027年)的通知',安徽省人民政府办公厅,2018-07-05,现行有效,地方政府规章及文件
'安徽省人民政府关于印发支持机器人产业发展若干政策的通知',安徽省人民政府,2018-07-02,现行有效,地方政府规章及文件
'六安市人民政府关于印发六安市支持高新技术产业开发区发展的实施意见的通知',六安市人民政府,2018-06-29,现行有效,地方政府规章及文件
'滁州市人民政府关于印发《凤阳县花园湖行蓄洪区适应性产业发展规划(2018-2020年)》的通知',滁州市人民政府,2018-06-14,现行有效,地方政府规章及文件
'安徽省人民政府办公厅关于加快推进农业高新技术产业示范区和农业科技园区建设发展的实施意见',安徽省人民政府办公厅,2018-06-11,现行有效,地方政府规章及文件
'滁州市人民政府办公室关于促进家禽产业转型升级健康发展的实施意见',滁州市人民政府办公室,2018-06-11,现行有效,地方政府规章及文件
'合肥市人民政府办公厅关于印发合肥市培育新动能促进产业转型升级推动经济高质量发展若干政策实施细则的通知',合肥市人民政府办公厅,2018-05-11,已失效,地方政府规章及文件
'六安市人民政府办公室关于促进家禽产业转型升级健康发展的实施意见',六安市人民政府办公室,2018-05-10,现行有效,地方政府规章及文件
'安庆市人民政府关于印发安庆市2018年促进文化产业发展政策的通知',安庆市人民政府,2018-04-30,已失效,地方政府规章及文件
'安庆市人民政府关于实施安庆市静脉产业园—危险废弃物处理中心、有机废弃物处理中心项目建设的通告',安庆市人民政府,2018-04-19,现行有效,地方政府规章及文件
'滁州市人民政府关于印发支持新能源汽车产业创新发展和推广应用若干政策的通知',滁州市人民政府,2018-04-11,现行有效,地方政府规章及文件
'安庆市人民政府办公室关于大力发展粮食产业经济的实施意见',安庆市人民政府办公室,2018-04-02,现行有效,地方政府规章及文件
'安徽省人民政府办公厅关于修改加快集成电路产业发展意见部分内容的通知',安徽省人民政府办公厅,2018-03-16,现行有效,地方政府规章及文件
'安徽省人民政府办公厅关于做优做大做强茶产业助推脱贫攻坚和农民增收的意见',安徽省人民政府办公厅,2018-03-13,现行有效,地方政府规章及文件
'安庆市人民政府办公室关于印发安庆市促进家禽产业转型升级健康发展工作方案的通知',安庆市人民政府办公室,2018-02-28,现行有效,地方政府规章及文件
'蚌埠市人民政府办公室关于大力发展粮食产业经济的实施意见',蚌埠市人民政府办公室,2018-02-14,现行有效,地方政府规章及文件
'蚌埠市人民政府办公室关于促进家禽产业转型升级健康发展的实施意见',蚌埠市人民政府办公室,2018-02-14,现行有效,地方政府规章及文件
'安徽省人民政府办公厅关于印发安徽省半导体产业发展规划(2018—2021年)的通知',安徽省人民政府办公厅,2018-02-09,现行有效,地方政府规章及文件
'合肥市人民政府办公厅关于促进健康产业发展的实施意见',合肥市人民政府办公厅,2018-01-05,现行有效,地方政府规章及文件
'蚌埠市人民政府办公室关于印发蚌埠市中药产业发展“十三五”规划的通知',蚌埠市人民政府办公室,2018-01-04,现行有效,地方政府规章及文件
'合肥市人民政府办公厅关于加快发展健身休闲产业的实施意见',合肥市人民政府办公厅,2017-12-22,现行有效,地方政府规章及文件
'安徽省人民政府办公厅关于印发中国(合肥)智能语音及人工智能产业基地(中国声谷)发展规划(2018—2025年)的通知',安徽省人民政府办公厅,2017-12-21,现行有效,地方政府规章及文件
'铜陵市人民政府办公室关于加快健康产业发展的实施意见',铜陵市人民政府办公室,2017-12-14,现行有效,地方政府规章及文件
'安徽省人民政府办公厅关于印发安徽省行蓄洪区产业发展负面清单的通知',安徽省人民政府办公厅,2017-12-02,现行有效,地方政府规章及文件
'安徽省人民政府办公厅关于大力发展粮食产业经济的实施意见',安徽省人民政府办公厅,2017-12-01,现行有效,地方政府规章及文件
'亳州市人民政府办公室关于进一步促进全市粮食产业园区转型升级的实施意见',亳州市人民政府办公室,2017-12-01,现行有效,地方政府规章及文件
'关于加快发展健身休闲产业的实施意见',阜阳市人民政府办公室,2017-11-29,现行有效,地方政府规章及文件
'铜陵市人民政府办公室关于加快电子商务产业发展的实施意见',铜陵市人民政府办公室,2017-11-20,现行有效,地方政府规章及文件
'安徽省人民政府办公厅关于促进家禽产业转型升级健康发展的意见',安徽省人民政府办公厅,2017-11-09,现行有效,地方政府规章及文件
'铜陵市人民政府关于大力发展以农作物秸秆资源利用为基础的现代环保产业的实施意见',铜陵市人民政府,2017-10-19,现行有效,地方政府规章及文件
'关于促进全市粮食产业园区转型升级的实施意见',阜阳市人民政府办公室,2017-09-21,现行有效,地方政府规章及文件
'蚌埠市人民政府办公室关于印发蚌埠市脱贫攻坚期产业精准扶贫规划的通知',蚌埠市人民政府办公室,2017-09-13,现行有效,地方政府规章及文件
'安徽省人民政府办公厅关于支持油茶产业扶贫的意见',安徽省人民政府办公厅,2017-09-11,现行有效,地方政府规章及文件
'黄山市人民政府关于加强政府性资金引导促进重点产业发展的意见',黄山市人民政府,2017-09-08,现行有效,地方政府规章及文件
'黄山市人民政府办公厅关于印发黄山市产业发展投资基金管理办法的通知',黄山市人民政府办公厅,2017-09-08,现行有效,地方政府规章及文件
'黄山市人民政府办公厅关于印发黄山市政策性融资担保机构支持产业发展实施办法的通知',黄山市人民政府办公厅,2017-09-08,现行有效,地方政府规章及文件
'蚌埠市人民政府办公室关于支持返乡下乡人员创业创新促进农村一二三产业融合发展的实施意见',蚌埠市人民政府办公室,2017-09-08,现行有效,地方政府规章及文件
'安庆市人民政府关于印发安庆市2017年促进文化产业发展政策的通知',安庆市人民政府,2017-08-30,已失效,地方政府规章及文件
'安徽省人民政府办公厅关于印发安徽省重大新兴产业基地、重大新兴产业工程、重大新兴产业专项管理办法的通知',安徽省人民政府办公厅,2017-08-25,现行有效,地方政府规章及文件
'安徽省人民政府关于印发支持新能源汽车产业创新发展和推广应用若干政策的通知',安徽省人民政府,2017-08-15,现行有效,地方政府规章及文件
'蚌埠市人民政府办公室关于印发产业扶贫等6个方面存在问题整改落实方案的通知',蚌埠市人民政府办公室,2017-08-11,现行有效,地方政府规章及文件
'安徽省人民政府关于铜陵产业转型升级示范区建设方案的批复',安徽省人民政府,2017-08-02,现行有效,地方政府规章及文件
'蚌埠市人民政府办公室关于成立市军民融合产业发展工作协调领导小组的通知',蚌埠市人民政府办公室,2017-07-18,现行有效,地方政府规章及文件
'关于优化重大产业区域化布局的指导意见',阜阳市人民政府,2017-07-12,现行有效,地方政府规章及文件
'铜陵市人民政府办公室关于印发铜陵市支持返乡下乡人员创业创新促进农村一二三产业融合发展实施意见的通知',铜陵市人民政府办公室,2017-06-26,现行有效,地方政府规章及文件
'安徽省人民政府关于同意安徽宣州经济开发区更名为安徽宣城高新技术产业开发区的批复',安徽省人民政府,2017-06-26,现行有效,地方政府规章及文件
'安徽省人民政府关于同意安徽庐江经济开发区更名为安徽合肥庐江高新技术产业开发区的批复',安徽省人民政府,2017-06-26,现行有效,地方政府规章及文件
'中共蚌埠市委、蚌埠市人民政府关于将旅游业培育成为重要支柱产业的实施意见',中共蚌埠市委;蚌埠市人民政府,2017-06-20,现行有效,地方政府规章及文件
'蚌埠市人民政府办公室关于加快发展健身休闲产业的实施意见',蚌埠市人民政府办公室,2017-06-16,现行有效,地方政府规章及文件
'蚌埠市人民政府办公室关于成立蚌埠市工业设计产业特色小镇推进工作组的通知',蚌埠市人民政府办公室,2017-06-08,现行有效,地方政府规章及文件
'合肥市人民政府办公厅关于印发合肥市产业脱贫工程实施方案的通知',合肥市人民政府办公厅,2017-06-06,现行有效,地方政府规章及文件
'安徽省人民政府办公厅印发关于产业扶贫等6个方面存在问题整改落实方案的通知',安徽省人民政府办公厅,2017-05-29,现行有效,地方政府规章及文件
'合肥市人民政府关于印发2017年合肥市扶持产业发展“1+3+5”政策体系的通知',合肥市人民政府,2017-05-08,已失效,地方政府规章及文件
'安徽省食品药品监督管理局关于印发“十大皖药”产业示范基地建设工作方案的通知',安徽省食品药品监督管理局,2017-04-06,现行有效,地方政府规章及文件
'安徽省人民政府办公厅关于加快健康产业发展的指导意见',安徽省人民政府办公厅,2017-03-20,现行有效,地方政府规章及文件
'安徽省人民政府关于大力发展以农作物秸秆资源利用为基础的现代环保产业的实施意见',安徽省人民政府,2017-03-01,现行有效,地方政府规章及文件
'关于组织开展2016年度产业技术创新战略联盟(试点)信息采集工作的通知',安徽省科学技术厅,2017-02-24,现行有效,地方政府规章及文件
'安庆市人民政府办公室关于安庆市战略性新兴产业发展的实施意见',安庆市人民政府办公室,2017-02-20,现行有效,地方政府规章及文件
'安徽省人民政府办公厅关于印发安徽省脱贫攻坚期产业精准扶贫规划的通知',安徽省人民政府办公厅,2017-02-15,现行有效,地方政府规章及文件
'安徽省人民政府办公厅关于印发安徽省中药产业发展“十三五”规划的通知',安徽省人民政府办公厅,2017-01-26,现行有效,地方政府规章及文件
'安徽省人民政府办公厅关于加快发展健身休闲产业的实施意见',安徽省人民政府办公厅,2017-01-21,现行有效,地方政府规章及文件
'安庆市人民政府关于大力发展以农作物秸秆资源利用为基础的现代环保产业的实施意见',安庆市人民政府,2017,现行有效,地方政府规章及文件
'中共安徽省委、安徽省人民政府关于将旅游业培育成为重要支柱产业的意见',中共安徽省委;安徽省人民政府,2017,现行有效,地方政府规章及文件
'六安市人民政府关于加快建设战略性新兴产业集聚发展基地的意见',六安市人民政府,2016-12-30,现行有效,地方政府规章及文件
'安徽省人民政府办公厅关于进一步促进全省粮食产业园区转型升级的意见',安徽省人民政府办公厅,2016-12-30,现行有效,地方政府规章及文件
'亳州市人民政府关于印发《亳州市促进服务外包产业发展扶持政策》的通知',亳州市人民政府,2016-12-24,已失效,地方政府规章及文件
'亳州市人民政府办公室关于印发《亳州市现代中药产业集聚发展基地项目建设专项资金管理办法》的通知',亳州市人民政府办公室,2016-11-21,现行有效,地方政府规章及文件
'关于印发2016年巢湖市促进产业发展5个政策文件的通知',巢湖市人民政府,2016-11-08,已失效,地方政府规章及文件
'关于印发巢湖市产业引导扶持基金实施方案的通知',巢湖市人民政府办公室,2016-10-17,现行有效,地方政府规章及文件
'安庆市人民政府办公室关于推进农村一二三产业融合发展的贯彻实施意见',安庆市人民政府办公室,2016-07-20,现行有效,地方政府规章及文件
'安庆市人民政府关于加快发展体育产业促进体育消费的实施意见',安庆市人民政府,2016-05-10,现行有效,地方政府规章及文件
'亳州市人民政府关于印发《亳州市云计算产业发展规划(2016—2020年)》的通知',亳州市人民政府,2016-04-01,现行有效,地方政府规章及文件
'安庆市人民政府关于促进云计算创新发展培育信息产业新业态的实施意见',安庆市人民政府,2016-04-01,现行有效,地方政府规章及文件
'安庆市人民政府关于印发促进安庆市新能源汽车、机器人和化工新材料产业发展的实施方案的通知',安庆市人民政府,2016-02-29,现行有效,地方政府规章及文件
'关于印发《巢湖市十三五文化事业与文化产业发展规划》的通知',巢湖市人民政府办公室,2016-02-01,现行有效,地方政府规章及文件
'关于加快发展体育产业促进体育消费的实施意见',阜阳市人民政府,2016-01-25,现行有效,地方政府规章及文件
'亳州市人民政府关于加快发展体育产业促进体育消费的实施意见',亳州市人民政府,2015-12-28,现行有效,地方政府规章及文件
'关于印发巢湖市扶持产业发展政策体系的通知',巢湖市人民政府,2015-09-22,已失效,地方政府规章及文件
'关于印发《巢湖市新能源产业发展实施意见》的通知',巢湖市人民政府,2015-08-27,现行有效,地方政府规章及文件
'安庆市人民政府关于加快建设战略性新兴产业集聚发展基地的实施意见',安庆市人民政府,2015-07-30,现行有效,地方政府规章及文件
'关于印发《巢湖市推进文化创意和设计服务与相关产业融合发展的实施意见》的通知',巢湖市人民政府办公室,2015-07-23,现行有效,地方政府规章及文件
'迎江区人民政府办公室关于印发迎江区推动电商产业加快发展若干政策的通知',安庆市迎江区人民政府办公室,2015-07-17,现行有效,地方政府规章及文件
'安庆市人民政府办公室关于加快发展生产性服务业促进产业结构调整升级的实施意见',安庆市人民政府办公室,2015-07-03,现行有效,地方政府规章及文件
'亳州市人民政府关于印发《亳州市现代中药产业集聚发展实施方案》的通知',亳州市人民政府,2015,现行有效,地方政府规章及文件
'关于加快发展现代医药产业推进太和现代医药产业集聚发展基地建设的意见',阜阳市人民政府,2015,现行有效,地方政府规章及文件
'六安市人民政府关于改进和加强市级产业发展专项资金管理工作的意见',六安市人民政府,2014-12-02,现行有效,地方政府规章及文件
'六安市人民政府办公室关于印发六安市2015年市财政茶产业发展专项资金使用方案的通知',六安市人民政府办公室,2014-11-10,现行有效,地方政府规章及文件
'关于印发《2014年巢湖市促进文化产业发展政策》的通知',巢湖市人民政府办公室,2014-09-30,已失效,地方政府规章及文件
'安庆市人民政府办公室关于印发安庆高新技术产业开发区管理委员会主要职责内设机构和人员编制规定的通知',安庆市人民政府办公室,2014-09-12,现行有效,地方政府规章及文件
'关于印发《巢湖市重点产业推进方案》的通知',巢湖市人民政府,2014-09-11,现行有效,地方政府规章及文件
'关于发挥科技支撑作用促进农机产业发展的指导意见',安徽省科学技术厅;安徽省经济和信息化委员会;安徽省农业机械管理局,2014-02-28,现行有效,地方政府规章及文件
'亳州市人民政府关于加快亳州现代中药产业发展的实施意见',亳州市人民政府,2014,现行有效,地方政府规章及文件
'关于修订印发安徽省关于《国家高新技术产业开发区高新技术企业认定条件和办法》及《国家高新技术产业开发区外高新技术企业认定条件和办法》实施细则的通知',安徽省科学技术厅,2006-10-31,现行有效,地方政府规章及文件
'安徽省人民政府办公厅关于加快推进石化产业调结构促转型增效益的实施意见',安徽省人民政府办公厅,2016-11-18,现行有效,地方政府规章及文件
'安徽省系统推进全面创新改革试验建设创新型省份工作领导小组关于印发安徽省高新技术产业投资有限公司创新国有出资股权投资基金管理试点实施方案的通知',安徽省系统推进全面创新改革试验建设创新型省份工作领导小组,2016-11-16,现行有效,地方政府规章及文件
'安徽省人民政府关于印发皖江城市带承接产业转移示范区规划(修订)的通知',安徽省人民政府,2016-10-21,现行有效,地方政府规章及文件
'安徽省人民政府办公厅关于印发安徽省战略性新兴产业“十三五”发展规划的通知',安徽省人民政府办公厅,2016-09-13,现行有效,地方政府规章及文件
'蚌埠市人民政府办公室关于印发蚌埠市促进产业发展相关政策的通知',蚌埠市人民政府办公室,2016-09-09,已失效,地方政府规章及文件
'安徽省人民政府关于确定第二批省战略性新兴产业集聚发展基地的通知',安徽省人民政府,2016-08-18,现行有效,地方政府规章及文件
'合肥市人民政府关于促进光伏产业持续健康较快发展的若干意见',合肥市人民政府,2016-08-10,已失效,地方政府规章及文件
'安徽省人民政府关于安徽省江北产业集中区总体规划的批复',安徽省人民政府,2016-07-22,现行有效,地方政府规章及文件
'蚌埠市人民政府办公室关于印发蚌埠市战略性新兴产业集聚发展基地管理办法的通知',蚌埠市人民政府办公室,2016-07-11,现行有效,地方政府规章及文件
'安徽省人民政府办公厅关于印发促进医药产业健康发展实施方案的通知',安徽省人民政府办公厅,2016-07-07,现行有效,地方政府规章及文件
'合肥市人民政府关于大力实施全民健身战略推动体育产业发展的实施意见',合肥市人民政府,2016-06-16,现行有效,地方政府规章及文件
'合肥市人民政府办公厅关于印发2016年合肥市扶持产业发展“1+3+5”政策体系实施细则的通知',合肥市人民政府办公厅,2016-05-26,已失效,地方政府规章及文件
'关于转发《合肥市人民政府关于印发2016年合肥市扶持产业发展“1+3+5”政策体系的通知》',合肥市城乡建设委员会,2016-05-20,现行有效,地方政府规章及文件
'关于做好落实软件和集成电路产业企业所得税优惠政策有关工作的通知',安徽省经济和信息化委员会,2016-05-19,现行有效,地方政府规章及文件
'合肥市人民政府关于加快建设合肥市战略性新兴产业集聚发展基地的实施意见',合肥市人民政府,2016-05-11,现行有效,地方政府规章及文件
'蚌埠市人民政府关于印发蚌埠市硅基新材料产业投资基金组建方案的通知',蚌埠市人民政府,2016-04-15,现行有效,地方政府规章及文件
'安徽省人民政府办公厅关于推进农村一二三产业融合发展的实施意见',安徽省人民政府办公厅,2016-04-10,现行有效,地方政府规章及文件
'肥东县人民政府办公室印发关于促进中国(肥东)互联网生态产业园发展扶持政策的通知',合肥市肥东县人民政府办公室,2016-02-18,已失效,地方政府规章及文件
'安徽省粮食局关于印发《粮食流通产业加快调结构转方式促升级实施方案》的通知',安徽省粮食局,2015-12-31,现行有效,地方政府规章及文件
'蚌埠市人民政府关于确定第一批市战略性新兴产业集聚发展基地的通知',蚌埠市人民政府,2015-12-29,现行有效,地方政府规章及文件
'安徽省国土资源厅转发《国土资源部等部委关于支持新产业新业态发展促进大众创业万众创新用地意见》的通知',安徽省国土资源厅,2015-12-22,现行有效,地方政府规章及文件
'转发《工业和信息化部关于印发<产业关键共性技术发展指南(2015年)>的通知》',安徽省经济和信息化委员会,2015-12-08,现行有效,地方政府规章及文件
'肥东县人民政府办公室关于印发肥东县扶持产业发展政策体系实施细则的通知',合肥市肥东县人民政府办公室,2015-10-16,已失效,地方政府规章及文件
'安徽省人民政府办公厅关于加快应急产业发展的实施意见',安徽省人民政府办公厅,2015-10-09,现行有效,地方政府规章及文件
'肥东县人民政府关于印发扶持产业发展政策体系的通知',合肥市肥东县人民政府,2015-09-28,已失效,地方政府规章及文件
'安徽省人民政府关于促进云计算创新发展培育信息产业新业态的实施意见',安徽省人民政府,2015-09-02,现行有效,地方政府规章及文件
'安徽省国土资源厅关于加快发展体育产业促进体育消费贯彻意见的通知',安徽省国土资源厅,2015-08-26,现行有效,地方政府规章及文件
'中共肥东县委办公室、肥东县人民政府办公室关于实施肥东县“363”产业创新团队建设工程的意见',中共合肥市肥东县委办公室;合肥市肥东县人民政府办公室,2015-07-03,现行有效,地方政府规章及文件
'安徽省人民政府关于加快发展体育产业促进体育消费的实施意见',安徽省人民政府,2015-06-25,现行有效,地方政府规章及文件
'肥东县人民政府关于印发肥东县蔬菜产业发展规划(2015—2020年)和肥东县设施蔬菜以奖代补实施意见的通知',合肥市肥东县人民政府,2015-06-23,现行有效,地方政府规章及文件
'关于印发蚌埠高新技术产业开发区建设国家创新型特色园区考核办法的通知',蚌埠市人民政府,2015-06-04,现行有效,地方政府规章及文件
'蚌埠市人民政府关于支持蚌埠高新技术产业开发区建设国家创新型特色园区的若干意见',蚌埠市人民政府,2015-06-04,现行有效,地方政府规章及文件
'关于转发《合肥市人民政府关于印发合肥市扶持产业发展“1+3+5”政策体系及实施细则的通知》',合肥市城乡建设委员会,2015-05-06,现行有效,地方政府规章及文件
'合肥市人民政府办公厅关于印发2015年合肥市扶持产业发展“1+3+5”政策体系实施细则的通知',合肥市人民政府办公厅,2015-04-29,现行有效,地方政府规章及文件
'安徽省人民政府办公厅关于加快发展生产性服务业促进产业结构调整升级的实施意见',安徽省人民政府办公厅,2015-04-25,现行有效,地方政府规章及文件
'安徽省人民政府关于加快建设战略性新兴产业集聚发展基地的意见',安徽省人民政府,2015-04-25,现行有效,地方政府规章及文件
'安徽省人民政府办公厅关于加快木本油料产业发展的实施意见',安徽省人民政府办公厅,2015-03-29,现行有效,地方政府规章及文件
'安徽省人民政府办公厅关于加快新能源汽车产业发展和推广应用的实施意见',安徽省人民政府办公厅,2015-03-27,现行有效,地方政府规章及文件
'合肥市人民政府关于印发合肥市扶持产业发展“1+3+5”政策体系的通知',合肥市人民政府,2015-03-23,现行有效,地方政府规章及文件
'肥东县人民政府办公室关于印发肥东县促进光伏产业发展实施方案的通知',合肥市肥东县人民政府办公室,2015-02-10,现行有效,地方政府规章及文件
'安徽省人民政府办公厅关于加快推进建筑产业现代化的指导意见',安徽省人民政府办公厅,2014-12-03,现行有效,地方政府规章及文件
'关于印发安徽省智能语音产业技术发展指南(2014-2017)的通知',安徽省科学技术厅,2014-11-28,现行有效,地方政府规章及文件
'关于印发《安徽省产业集群专业镇中小企业专项贷款风险准备金暂行实施细则》的通知',安徽省财政厅;安徽省经济和信息化委员会,2014-11-27,现行有效,地方政府规章及文件
'安徽省人民政府办公厅关于印发安徽省推进文化创意和设计服务与相关产业融合发展行动计划的通知',安徽省人民政府办公厅,2014-11-26,现行有效,地方政府规章及文件
'安徽省人民政府办公厅关于印发安徽省智能语音产业发展规划(2014-2017)的通知',安徽省人民政府办公厅,2014-10-27,现行有效,地方政府规章及文件
'关于印发蚌埠市扶持产业发展“1+2+N”政策体系的通知',蚌埠市人民政府,2014-09-30,现行有效,地方政府规章及文件
'安徽省人民政府办公厅关于促进地理信息产业发展的实施意见',安徽省人民政府办公厅,2014-09-11,现行有效,地方政府规章及文件
'合肥市人民政府办公厅关于印发合肥市促进集成电路产业发展政策的通知',合肥市人民政府办公厅,2014-08-23,已失效,地方政府规章及文件
'合肥市人民政府办公厅关于印发合肥市促进集成电路产业发展政策的通知',合肥市人民政府办公厅,2014-08-23,已失效,地方政府规章及文件
'安徽省人民政府关于深入推进高成长性产业加快发展的意见',安徽省人民政府,2014-07-17,现行有效,地方政府规章及文件
'滁州市人民政府关于深化流通体制改革加快流通产业发展的实施意见',滁州市人民政府,2014-07-15,现行有效,地方政府规章及文件
'合肥市人民政府关于规范和促进报废汽车回收拆解利用产业发展的若干意见(试行)',合肥市人民政府,2014-06-29,现行有效,地方政府规章及文件
'关于鼓励支持蔬菜产业发展的实施意见',阜阳市人民政府,2014-06-17,现行有效,地方政府规章及文件
'安徽省人民政府关于同意安徽铜陵狮子山经济开发区更名为安徽铜陵狮子山高新技术产业开发区的批复',安徽省人民政府,2014-05-27,现行有效,地方政府规章及文件
"'合肥市人民政府关于印发合肥市扶持产业发展""1+3+5""政策体系的通知'",合肥市人民政府,2014-05-27,现行有效,地方政府规章及文件
'滁州市人民政府办公室关于印发滁州市2014年新能源(新材料)产业招商工作方案的通知',滁州市人民政府办公室,2014-05-22,现行有效,地方政府规章及文件
'关于在工业领域开展节能环保产业“五个一百”专项行动的实施意见',安徽省经济和信息化委员会,2014-05-15,现行有效,地方政府规章及文件
'安徽省农业委员会关于印发茶产业基本情况动态监测方案的通知',安徽省农业委员会,2014-05-09,现行有效,地方政府规章及文件
'铜陵市人民政府办公室关于印发铜陵市2014年战略性新兴产业发展目标和重点工作任务及重点项目投资计划分解表的通知',铜陵市人民政府办公室,2014-04-17,现行有效,地方政府规章及文件
'关于设立阜阳合肥现代产业园区配套化工集中区的批复',阜阳市人民政府,2014-04-08,现行有效,地方政府规章及文件
'铜陵市人民政府关于印发《铜陵市战略性新兴产业发展引导资金管理暂行办法》等五个办法的通知',铜陵市人民政府,2014-03-21,现行有效,地方政府规章及文件
'关于印发滁州市节能环保产业发展三年行动计划的通知',滁州市人民政府办公室,2014-01-12,现行有效,地方政府规章及文件
'安徽省经济和信息化委员会转发蚌埠市人民政府《关于鼓励软件动漫和服务外包产业发展若干政策(暂行)》的通知',安徽省经济和信息化委员会,2014-01-03,现行有效,地方政府规章及文件
'中共亳州市委、亳州市人民政府关于加快推进十大产业发展的实施意见',中共亳州市委;亳州市人民政府,2014,现行有效,地方政府规章及文件
'安徽省发展改革委关于印发主导产业投资导向目录和技术路线图(2013年本)和安徽省主导产业(制造业)基地管理办法(试行)的通知',安徽省发展和改革委员会,2013-12-31,现行有效,地方政府规章及文件
'铜陵市人民政府关于进一步促进流通产业发展的实施意见',铜陵市人民政府,2013-12-19,现行有效,地方政府规章及文件
'蚌埠市人民政府印发关于鼓励软件动漫和服务外包产业发展若干政策(暂行)的通知',蚌埠市人民政府,2013-12-03,现行有效,地方政府规章及文件
'宿州市人民政府办公室关于加快发展体育产业的实施意见',宿州市人民政府办公室,2013-11-08,现行有效,地方政府规章及文件
'合肥市人民政府转发《安徽省人民政府关于深化流通体制改革加快流通产业发展实施意见》的通知',合肥市人民政府,2013-11-07,现行有效,地方政府规章及文件
'蚌埠市人民政府关于加快中小企业产业园建设的意见',蚌埠市人民政府,2013-10-31,现行有效,地方政府规章及文件
'安庆市人民政府关于高新产业园A区工业标准化厂房项目建设的通告',安庆市人民政府,2013-10-24,现行有效,地方政府规章及文件
'安徽省财政厅关于印发安徽省特色产业中小企业发展资金管理办法暨2013年度申报工作的通知',安徽省财政厅,2013-10-21,现行有效,地方政府规章及文件
'安徽省供销合作社关于贯彻落实《安徽省人民政府办公厅关于印发深化流通体制改革加快流通产业发展重点工作分工方案的通知》的实施意见',安徽省供销合作社联合社,2013-09-17,现行有效,地方政府规章及文件
'安徽省文化厅关于印发《安徽省文化产业示范基地评选命名管理办法》(2013年修订版)的通知',安徽省文化厅,2013-09-16,现行有效,地方政府规章及文件
'关于设立阜阳煤基新材料产业园区的批复',阜阳市人民政府,2013-09-16,现行有效,地方政府规章及文件
'铜陵市人民政府办公室关于印发铜陵市促进油用牡丹产业发展若干政策的通知',铜陵市人民政府办公室,2013-09-16,现行有效,地方政府规章及文件
'合肥市人民政府关于印发合肥市支持文化产业发展若干政策(试行)的通知',合肥市人民政府,2013-09-03,已失效,地方政府规章及文件
'安徽省人民政府办公厅关于加快肉牛肉羊产业发展的意见',安徽省人民政府办公厅,2013-09-02,现行有效,地方政府规章及文件
'黄山市人民政府办公厅关于加快发展体育产业的实施意见',黄山市人民政府办公厅,2013-09-02,现行有效,地方政府规章及文件
'安徽省人民政府关于设立安徽黄山现代服务业产业园的批复',安徽省人民政府,2013-08-27,现行有效,地方政府规章及文件
'安徽省人民政府办公厅关于印发深化流通体制改革加快流通产业发展重点工作分工方案的通知',安徽省人民政府办公厅,2013-08-09,现行有效,地方政府规章及文件
'汉寿县人民政府办公室关于印发《汉寿县推进粮油深加工及物流产业工程建设实施方案》的通知',常德市汉寿县人民政府办公室,2013-07-18,现行有效,地方政府规章及文件
'滁州市人民政府关于苏滁现代产业园区、市集中示范园区和高铁站区道路水系命名更名的通告',滁州市人民政府,2013-07-18,现行有效,地方政府规章及文件
'安徽省人民政府关于深化流通体制改革加快流通产业发展的实施意见',安徽省人民政府,2013-07-04,现行有效,地方政府规章及文件
'阜阳市人民政府办公室关于印发阜阳市对外招商引资产业指导目录的通知',阜阳市人民政府办公室,2013-07-04,现行有效,地方政府规章及文件
'合肥市人民政府关于加快光伏推广应用促进光伏产业发展的意见',合肥市人民政府,2013-06-05,已失效,地方政府规章及文件
'印发《关于加快槐林渔网及中垾锚链产业发展的若干意见》的通知',巢湖市人民政府,2013-05-10,已失效,地方政府规章及文件
'转发工业和信息化部、环境保护部、商务部、发展改革委、财政部《关于促进铅酸蓄电池和再生铅产业规范发展意见》的通知',安徽省经济和信息化委员会;安徽省环境保护厅;安徽省商务厅;安徽省发展和改革委员会;安徽省财政厅,2013-05-09,现行有效,地方政府规章及文件
'滁州市人民政府关于加快汽车产业发展的指导意见',滁州市人民政府,2013-04-18,现行有效,地方政府规章及文件
'关于加快发展体育产业的实施意见',阜阳市人民政府办公室,2013-04-11,现行有效,地方政府规章及文件
'怀远县人民政府关于停止执行房地产业财税优惠政策的通知',蚌埠市怀远县人民政府,2013-03-18,现行有效,地方政府规章及文件
'安徽省食品药品监督管理局、省发展改革委、省经信委、省卫生厅、省物价局转发国家食品药品监督管理局、国家发展改革委、工业和信息化部、卫生部《关于加快实施新修订药品生产质量管理规范促进医药产业升级有关问题的通知》',安徽省食品药品监督管理局;安徽省发展和改革委员会;安徽省经济和信息化委员会;安徽省卫生厅;安徽省物价局,2013-01-29,现行有效,地方政府规章及文件
'安徽省食品药品监督管理局转发国家食品药品监督管理局、国家发展改革委、工业和信息化部、卫生部《关于加快实施新修订药品生产质量管理规范促进医药产业升级有关问题的通知》',安徽省食品药品监督管理局,2013-01-18,现行有效,地方政府规章及文件
'安徽省人民政府关于苏滁现代产业园总体规划的批复',安徽省人民政府,2013-01-09,现行有效,地方政府规章及文件
'安徽省人民政府办公厅转发省科技厅等部门《关于加强战略性新兴产业知识产权工作实施意见》的通知',安徽省人民政府办公厅,2013-01-04,现行有效,地方政府规章及文件
'滁州市人民政府关于苏滁现代产业园财政管理体制的实施意见',滁州市人民政府,2013-01-04,现行有效,地方政府规章及文件
'宣城市关于加快发展体育产业的实施意见',宣城市人民政府办公室,2013,现行有效,地方政府规章及文件
'安庆市人民政府办公室关于加快发展体育产业的实施意见',安庆市人民政府办公室,2012-12-28,现行有效,地方政府规章及文件
'关于加快新材料产业发展的实施意见',安徽省经济和信息化委员会,2012-12-26,现行有效,地方政府规章及文件
'中共蚌埠市委、蚌埠市人民政府关于实施“5116”工程加快重点产业发展的若干意见',中共蚌埠市委;蚌埠市人民政府,2012-12-19,现行有效,地方政府规章及文件
'滁州市人民政府办公室关于加快发展体育产业的实施意见',滁州市人民政府办公室,2012-12-18,现行有效,地方政府规章及文件
'安徽省人民政府办公厅关于印发加强茶叶品牌建设进一步做大做强茶产业目标任务分解方案的通知',安徽省人民政府办公厅,2012-12-10,现行有效,地方政府规章及文件
'铜陵市人民政府办公室关于加快发展体育产业的实施意见',铜陵市人民政府办公室,2012-12-06,现行有效,地方政府规章及文件
'安徽省人民政府关于设立池州承接产业转移集中示范园区的批复',安徽省人民政府,2012-11-20,现行有效,地方政府规章及文件
'安徽省人民政府关于设立马鞍山郑蒲港新区现代产业园区的批复',安徽省人民政府,2012-11-12,现行有效,地方政府规章及文件
'关于贯彻《安徽省人民政府办公厅关于促进我省化工产业健康发展的意见》的通知',安徽省安全生产监督管理局,2012-11-09,现行有效,地方政府规章及文件
'亳州市人民政府办公室关于加快发展体育产业的实施意见',亳州市人民政府办公室,2012-11-02,现行有效,地方政府规章及文件
'六安市人民政府关于进一步加快茶产业发展的意见',六安市人民政府,2012-11-01,现行有效,地方政府规章及文件
'安徽省人民政府办公厅关于促进我省化工产业健康发展的意见',安徽省人民政府办公厅,2012-10-10,现行有效,地方政府规章及文件
'安徽省人民政府关于设立滁州承接产业转移集中示范园区的批复',安徽省人民政府,2012-09-29,现行有效,地方政府规章及文件
'铜陵市人民政府办公室关于印发2012年9—12月份全市战略性新兴产业发展目标和任务分解表的通知',铜陵市人民政府办公室,2012-09-27,现行有效,地方政府规章及文件
'安徽省人民政府关于加快做大做强主导产业的若干意见',安徽省人民政府,2012-09-10,现行有效,地方政府规章及文件
'关于转发《中国林业产业特色区域认定管理办法(试行)》的通知',安徽省林业厅,2012-09-05,现行有效,地方政府规章及文件
'安徽省人民政府关于设立合肥承接产业转移集中示范园区的批复',安徽省人民政府,2012-09-05,现行有效,地方政府规章及文件
'亳州市人民政府关于加快培育和发展战略性新兴产业的实施意见',亳州市人民政府,2012-09-03,现行有效,地方政府规章及文件
'黄山市人民政府办公厅关于加快我市茧丝绸产业发展的若干意见',黄山市人民政府办公厅,2012-08-31,现行有效,地方政府规章及文件
'关于印发《安徽省引进培养战略性新兴产业技术领军人才实施意见》的通知',安徽省人力资源和社会保障厅,2012-08-30,现行有效,地方政府规章及文件
'六安市人民政府办公室关于加快发展体育产业的实施意见',六安市人民政府办公室,2012-08-29,现行有效,地方政府规章及文件
'蚌埠市人民政府办公室印发关于加快发展体育产业实施意见的通知',蚌埠市人民政府办公室,2012-08-27,现行有效,地方政府规章及文件
'六安市人民政府办公室关于印发六安市蔬菜产业发展规划(2011—2015年)的通知',六安市人民政府办公室,2012-08-22,现行有效,地方政府规章及文件
'黄山市人民政府办公厅关于印发黄山市加强茶叶品牌建设进一步做大做强茶产业实施方案的通知',黄山市人民政府办公厅,2012-08-20,现行有效,地方政府规章及文件
'关于印发《2012年合肥市承接产业转移促进现代农业发展若干政策土地流转奖补(验收类)操作规程》的通知',合肥市农业委员会,2012-08-14,现行有效,地方政府规章及文件
'关于印发《2012年合肥市承接产业转移促进现代农业发展若干政策农民专业合作社奖补(验收类)操作规程》的通知',合肥市农业委员会,2012-08-14,现行有效,地方政府规章及文件
'怀远县人民政府关于印发怀远县加快蔬菜产业发展实施意见的通知',蚌埠市怀远县人民政府,2012-08-10,现行有效,地方政府规章及文件
'蚌埠市人民政府办公室关于印发蚌埠市战略性新兴产业重大项目固定资产投资贷款贴息支持办法的通知',蚌埠市人民政府办公室,2012-08-02,现行有效,地方政府规章及文件
'关于加强房地产业企业所得税管理的通告',蚌埠市地方税务局;蚌埠市国家税务局,2012-07-31,现行有效,地方政府规章及文件
'关于印发《2012年合肥市承接产业转移促进现代农业发展若干政策种植业(验收类)操作规程》的通知',合肥市农业委员会,2012-07-26,现行有效,地方政府规章及文件
'铜陵市人民政府关于印发《铜陵市培育和发展战略性新兴产业专项考核办法》的通知',铜陵市人民政府,2012-07-23,现行有效,地方政府规章及文件
'安徽省人民政府办公厅关于加快数字出版产业发展的意见',安徽省人民政府办公厅,2012-07-02,现行有效,地方政府规章及文件
'安徽省经济和信息化委员会关于印发安徽省“十二五”产业集群专业镇发展规划的通知',安徽省经济和信息化委员会,2012-06-21,现行有效,地方政府规章及文件
'安徽省人民政府关于同意设立安庆化工新材料产业集中区的批复',安徽省人民政府,2012-06-16,现行有效,地方政府规章及文件
'安徽省人民政府关于同意设立铜陵承接产业转移集中示范园区的批复',安徽省人民政府,2012-06-16,现行有效,地方政府规章及文件
'关于印发《安徽省特色产业基地和科技型中小企业专项贷款风险准备金实施细则》的通知',安徽省财政厅,2012-06-11,现行有效,地方政府规章及文件
'关于印发合肥市促进数字出版产业发展若干规定(试行)的通知',合肥市人民政府,2012-05-31,已失效,地方政府规章及文件
'关于印发安庆市“十二五”皖江城市带承接产业转移示范区人力资源发展规划的通知',安庆市人民政府办公室,2012-05-30,现行有效,地方政府规章及文件
'关于贯彻落实省政府《关于加强茶叶品牌建设进一步做大做强茶产业的意见》的通知',安庆市人民政府,2012-05-16,现行有效,地方政府规章及文件
'关于印发合肥市承接产业转移促进现代农业发展若干政策(试行)的通知',合肥市人民政府,2012-05-11,已失效,地方政府规章及文件
'安徽省人民政府办公厅关于促进电影产业繁荣发展的意见',安徽省人民政府办公厅,2012-05-03,现行有效,地方政府规章及文件
'宣城市人民政府关于印发《<皖江城市带承接产业转移示范区职业教育发展规划(2010—2015年)>实施意见》的通知',宣城市人民政府,2012-05-02,现行有效,地方政府规章及文件
'关于印发2012年水稻产业提升行动和玉米振兴计划实施方案的通知',安徽省农业委员会,2012-04-28,现行有效,地方政府规章及文件
'宣城市人民政府办公室关于加快推进茶产业发展的实施意见',宣城市人民政府办公室,2012-04-11,现行有效,地方政府规章及文件
'关于印发合肥市承接产业转移加快新型工业化发展若干政策(试行)的通知',合肥市人民政府,2012-04-07,已失效,地方政府规章及文件
'关于印发合肥市承接产业转移进一步推进自主创新若干政策措施(试行)的通知',合肥市人民政府,2012-04-07,已失效,地方政府规章及文件
'关于印发安徽省战略性新兴产业发展引导资金项目管理办法(修订稿)的通知',安徽省发展和改革委员会;安徽省财政厅,2012-04-05,现行有效,地方政府规章及文件
'关于印发合肥市承接产业转移促进服务业发展若干政策(试行)的通知',合肥市人民政府,2012-03-31,已失效,地方政府规章及文件
'关于印发合肥市蔬菜产业发展“十二五”规划的通知',合肥市农业委员会,2012-03-27,现行有效,地方政府规章及文件
'中共池州市委、池州市人民政府关于加快江南产业集中区建设发展的意见',中共池州市委;池州市人民政府,2012-03-23,现行有效,地方政府规章及文件
'关于印发《关于促进宣城高新技术产业开发区(筹)科技创新若干政策规定(试行)》的通知',宣城市人民政府,2012-03-20,已失效,地方政府规章及文件
'安徽省人民政府关于加快推进军民结合产业发展的意见',安徽省人民政府,2012-03-02,现行有效,地方政府规章及文件
'六安市人民政府关于印发《六安市“十二五”农产品加工产业发展规划》的通知',六安市人民政府,2012-02-27,现行有效,地方政府规章及文件
'安徽省人民政府关于加强茶叶品牌建设进一步做大做强茶产业的意见',安徽省人民政府,2012-02-26,现行有效,地方政府规章及文件
'安徽省人民政府办公厅关于印发皖江城市带承接产业转移示范区环境保护规划的通知',安徽省人民政府办公厅,2012-02-17,现行有效,地方政府规章及文件
'铜陵市人民政府关于优化产业布局提升园区发展水平的指导意见',铜陵市人民政府,2012-01-21,现行有效,地方政府规章及文件
'安徽省人民政府关于设立亳州芜湖现代产业园区的批复',安徽省人民政府,2012-01-18,现行有效,地方政府规章及文件
'转发《国家质检总局关于在生产许可工作中严格执行国家产业政策的通知》',安徽省质量技术监督局,2012-01-18,现行有效,地方政府规章及文件
'关于印发《安徽省省级体育产业专项扶持资金管理暂行办法》的通知',安徽省财政厅,2012,现行有效,地方政府规章及文件
'关于印发安庆市农产品加工(食品)产业发展规划的通知',安庆市人民政府,2011-12-31,现行有效,地方政府规章及文件
'关于印发韩柏泉、程鹏同志在全省林业产业大会上讲话和报告的通知',安徽省林业厅,2011-12-29,现行有效,地方政府规章及文件
'安徽省人民政府办公厅关于印发“十二五”皖江城市带承接产业转移示范区人力资源发展规划的通知',安徽省人民政府办公厅,2011-12-22,现行有效,地方政府规章及文件
'池州市人民政府办公室关于加快茶产业发展的实施意见',池州市人民政府办公室,2011-12-12,现行有效,地方政府规章及文件
'关于印发《安徽省住宅产业现代化“十二五”发展规划》的通知',安徽省住房和城乡建设厅,2011-12-08,现行有效,地方政府规章及文件
'宣城市人民政府办公室转发市林业局《关于加快“141”苗木花卉产业发展意见》的通知',宣城市人民政府办公室,2011-12-05,现行有效,地方政府规章及文件
'宣城市人民政府办公室转发市林业局《关于推进“761”竹产业发展意见》的通知',宣城市人民政府办公室,2011-12-05,现行有效,地方政府规章及文件
'关于印发肥东县2011年现代农业生产发展肉禽产业项目实施方案的通知',合肥市肥东县人民政府办公室,2011-11-25,现行有效,地方政府规章及文件
'关于印发安庆市产业承载平台与园区建设规划的通知',安庆市人民政府,2011-11-16,现行有效,地方政府规章及文件
'印发《关于加快电子信息产业发展的若干政策》的通知',中共蚌埠市委办公室;蚌埠市人民政府办公室,2011-11-01,已失效,地方政府规章及文件
'关于组织开展第二批省级产业技术创新战略联盟试点工作的通知',安徽省科学技术厅,2011-10-18,现行有效,地方政府规章及文件
'安徽省人民政府办公厅关于加快发展体育产业的实施意见',安徽省人民政府办公厅,2011-09-21,现行有效,地方政府规章及文件
'关于印发《第三届中国（合肥）住宅产业博览会暨首届安徽省城乡规划与建筑展示会实施方案》的通知',安徽省住房和城乡建设厅,2011-08-26,现行有效,地方政府规章及文件
'关于印发安庆市战略性新兴产业发展引导资金项目管理办法的通知',安庆市人民政府,2011-08-17,现行有效,地方政府规章及文件
'关于印发《2011年合肥市承接产业转移促进现代农业发展若干政策农民专业合作社奖补（验收类）操作规程》的通知',合肥市农业委员会,2011-08-08,现行有效,地方政府规章及文件
'关于加快培育和发展战略性新兴产业的实施意见的通知',芜湖市人民政府,2011-08-08,现行有效,地方政府规章及文件
'关于加快我市墙体材料产业转型升级工作的实施意见',合肥市墙体材料革新和建筑节能办公室,2011-07-30,现行有效,地方政府规章及文件
'关于转发《产业关键共性技术发展指南(2011年)》的通知',安徽省经济和信息化委员会,2011-07-22,现行有效,地方政府规章及文件
'铜陵市人民政府关于印发《铜陵市战略性新兴产业发展引导资金管理办法》的通知',铜陵市人民政府,2011-07-18,已失效,地方政府规章及文件
'转发市发改委《关于加快推进我市战略性新兴产业发展当前重点工作及任务分解方案》的通知',铜陵市人民政府办公室,2011-07-15,现行有效,地方政府规章及文件
'关于转发科技部火炬中心《关于印发<创新型产业集群建设工程实施方案>并组织开展集群建设试点工作的通知》的通知',安徽省科学技术厅,2011-07-14,现行有效,地方政府规章及文件
'关于进一步加快滁菊产业发展的实施意见',滁州市人民政府,2011-07-11,现行有效,地方政府规章及文件
'关于印发《2011年合肥市承接产业转移促进现代农业发展若干政策实施细则种植业（验收类）操作规程》的通知',合肥市农业委员会,2011-06-14,现行有效,地方政府规章及文件
'关于印发怀远县2011年水稻产业提升行动和玉米振兴计划实施方案的通知',蚌埠市怀远县人民政府办公室,2011-05-24,现行有效,地方政府规章及文件
'关于转发工信部《关于抑制平板玻璃产能过快增长引导产业健康发展的通知》',安徽省经济和信息化委员会,2011-05-13,现行有效,地方政府规章及文件
'中共宿州市委、宿州市人民政府关于加快中国中部(宿州)制鞋产业基地建设的意见',中共宿州市委;宿州市人民政府,2011-05-09,现行有效,地方政府规章及文件
'转发工业和信息化部等九部委《关于遏制电解铝行业产能过剩和重复建设引导产业健康发展的紧急通知》',安徽省经济和信息化委员会;安徽省发展和改革委员会;安徽省监察厅;安徽省国土资源厅;安徽省环境保护厅;中国人民银行合肥中心支行;中国银行业监督管理委员会安徽监管局;国家电力监管委员会华东监管局;安徽省能源局,2011-05-06,现行有效,地方政府规章及文件
'关于印发《安徽省旅游产业发展大会申办办法（试行）》的通知',安徽省旅游局,2011-04-28,现行有效,地方政府规章及文件
'关于印发滁州市加快战略性新兴产业和工业发展的若干政策(试行)的通知',滁州市人民政府,2011-04-28,现行有效,地方政府规章及文件
'铜陵市人民政府办公室转发《省民政厅关于印发<关于支持皖江城市带承接产业转移示范区建设推进社会组织改革创新意见>的通知》',铜陵市人民政府办公室,2011-04-28,现行有效,地方政府规章及文件
'关于印发合肥市承接产业转移加快新型工业化发展的若干政策（试行）的通知',合肥市人民政府,2011-04-26,已失效,地方政府规章及文件
'关于印发合肥市承接产业转移促进现代农业发展若干政策（试行）的通知',合肥市人民政府,2011-04-26,已失效,地方政府规章及文件
'关于印发合肥市承接产业转移促进服务业发展若干政策（试行）的通知',合肥市人民政府,2011-04-26,已失效,地方政府规章及文件
'关于印发合肥市承接产业转移进一步推进自主创新若干政策措施（试行）的通知',合肥市人民政府,2011-04-26,现行有效,地方政府规章及文件
'安徽省人民政府关于省江北江南产业集中区财政体制有关问题的通知',安徽省人民政府,2011-04-26,现行有效,地方政府规章及文件
'关于印发宿州市林木产业发展规划的通知',宿州市人民政府,2011-04-25,现行有效,地方政府规章及文件
'中共蚌埠市委、蚌埠市人民政府关于加快培育和发展战略性新兴产业的实施意见',中共蚌埠市委;蚌埠市人民政府,2011-04-25,现行有效,地方政府规章及文件
'关于印发《宣城市承接产业转移示范区规划》的通知',宣城市人民政府,2011-04-19,现行有效,地方政府规章及文件
'宣城市人民政府办公室关于印发《宣城市战略性新兴产业发展引导资金管理暂行办法》的通知',宣城市人民政府办公室,2011-04-18,现行有效,地方政府规章及文件
'宣城市人民政府办公室关于印发宣城市战略性新兴产业发展引导资金项目管理办法》的通知',宣城市人民政府办公室,2011-04-18,现行有效,地方政府规章及文件
'安徽省人民政府办公厅关于印发皖江城市带承接产业转移示范区职业教育发展规划（2010—2015年）的通知',安徽省人民政府办公厅,2011-04-14,现行有效,地方政府规章及文件
'安徽省人民政府办公厅关于印发2011年水稻产业提升行动和玉米振兴计划实施方案的通知',安徽省人民政府办公厅,2011-04-08,现行有效,地方政府规章及文件
'安徽省人民政府办公厅转发《国务院办公厅印发贯彻落实国务院关于中西部地区承接产业转移指导意见重点工作分工方案的通知》',安徽省人民政府办公厅,2011-04-06,现行有效,地方政府规章及文件
'安徽省人民政府办公厅关于印发安徽省战略性新兴产业发展引导资金项目管理办法的通知',安徽省人民政府办公厅,2011-03-31,现行有效,地方政府规章及文件
'关于建立产业招商推进机制的实施意见',巢湖市人民政府办公室,2011-03-29,现行有效,地方政府规章及文件
'宣城市人民政府关于加快油茶产业发展的意见',宣城市人民政府,2011-03-28,现行有效,地方政府规章及文件
'中共肥东县委、肥东县人民政府关于加快承接产业转移示范区建设的实施方案',中共合肥市肥东县委;合肥市肥东县人民政府,2011-03-15,现行有效,地方政府规章及文件
'安徽省人民政府办公厅关于印发皖江城市带承接产业转移示范区开发园区发展规划纲要的通知',安徽省人民政府办公厅,2011-03-10,现行有效,地方政府规章及文件
'安徽省人民政府办公厅关于印发皖江城市带承接产业转移示范区基础设施规划的通知',安徽省人民政府办公厅,2011-03-10,现行有效,地方政府规章及文件
'关于进一步促进产学研结合支持产业技术创新战略联盟发展的意见',安徽省科学技术厅,2011-03-03,现行有效,地方政府规章及文件
'印发关于加快我省墙体材料产业调整升级的工作意见的通知',安徽省经济和信息化委员会;安徽省国土资源厅;安徽省工商行政管理局,2011-03-02,现行有效,地方政府规章及文件
'蚌埠市人民政府办公室关于加快杨树产业发展的意见',蚌埠市人民政府办公室,2011-02-17,现行有效,地方政府规章及文件
'安徽省人民政府关于同意筹建安徽寿县新桥国际产业园的批复',安徽省人民政府,2011-01-16,现行有效,地方政府规章及文件
'关于印发安徽省现代农业产业技术体系首批16个产业技术体系组织架构及岗位人选名单的通知',安徽省农业委员会;安徽省财政厅,2011-01-06,现行有效,地方政府规章及文件
'关于印发《合肥市承接产业转移促进服务业发展若干政策实施细则》的通知',合肥市财政局;合肥市金融工作办公室;合肥市商务局;合肥市旅游局;合肥市文化广电新闻出版局;合肥市民政局;合肥市城乡建设委员会;合肥市房地产管理局,2011,现行有效,地方政府规章及文件
'关于在承接产业转移示范区建设中进一步加强环境保护工作的意见',中共宣城市委;宣城市人民政府,2010-12-31,现行有效,地方政府规章及文件
'关于印发李明阳总督学在皖江城市带承接产业转移示范区第一届教育督导工作协作会上的讲话和会议纪要的通知',安徽省教育厅,2010-12-27,现行有效,地方政府规章及文件
'中共池州市委、池州市人民政府关于进一步加强环境保护工作促进承接产业转移示范区又好又快发展的意见',中共池州市委;池州市人民政府,2010-12-22,现行有效,地方政府规章及文件
'关于转发《科技部产业技术创新战略联盟试点工作座谈会主要精神和李学勇书记讲话》的通知',安徽省科学技术厅,2010-12-14,现行有效,地方政府规章及文件
'铜陵市人民政府转发市发展和改革委员会《关于金融支持铜陵承接产业转移示范市建设若干意见》的通知',铜陵市人民政府,2010-11-15,现行有效,地方政府规章及文件
'铜陵市人民政府转发市发展和改革委员会《关于金融支持铜陵承接产业转移示范市建设若干意见》的通知',铜陵市人民政府,2010-11-15,现行有效,地方政府规章及文件
'安徽省人民政府转发《国务院关于中西部地区承接产业转移指导意见》的通知',安徽省人民政府,2010-11-01,现行有效,地方政府规章及文件
'转发《国家发展改革委关于印发加强区域产业创新基础能力建设工作指导意见的通知》',安徽省发展和改革委员会,2010-11-01,现行有效,地方政府规章及文件
'关于做好促进服务外包产业发展有关工作的通知',安徽省人力资源和社会保障厅,2010-10-29,现行有效,地方政府规章及文件
'关于发布安徽省半导体照明产业技术发展指南的通知',安徽省科学技术厅,2010-10-27,现行有效,地方政府规章及文件
'关于加快推进承接产业转移示范区合作共建的意见',滁州市人民政府,2010-09-30,现行有效,地方政府规章及文件
'关于印发《安徽省江北产业集中区起步区控制性详细规划专家研讨会会议纪要》的函',安徽省住房和城乡建设厅,2010-09-29,现行有效,地方政府规章及文件
'池州市人民政府办公室关于转发《银行业支持皖江城市带承接产业转移示范区发展意见的通知》',池州市人民政府办公室,2010-09-27,现行有效,地方政府规章及文件
'安徽省人民政府办公厅关于印发皖江城市带承接产业转移示范区考核评价办法（试行）的通知',安徽省人民政府办公厅,2010-09-11,现行有效,地方政府规章及文件
'安徽省人民政府办公厅关于印发皖江城市带承接产业转移示范区产业发展指导目录的通知',安徽省人民政府办公厅,2010-09-03,现行有效,地方政府规章及文件
'安徽省人民政府办公厅转发省发展改革委等单位《关于加快推行合同能源管理促进节能服务产业发展实施意见》的通知',安徽省人民政府办公厅,2010-08-21,现行有效,地方政府规章及文件
'池州市人民政府办公室转发市物价局《关于运用价格政策促进承接产业转移示范区建设实施意见》的通知',池州市人民政府办公室,2010-08-16,现行有效,地方政府规章及文件
'安徽省人民政府转发《国务院法制办公室关于支持安徽省人民政府推进皖江城市带承接产业转移示范区法治政府建设意见》的通知',安徽省人民政府,2010-08-05,现行有效,地方政府规章及文件
'中共巢湖市委、巢湖市人民政府关于加快推进皖江城市带承接产业转移示范区建设的若干政策措施的意见',中共巢湖市委;巢湖市人民政府,2010-07-28,现行有效,地方政府规章及文件
'安徽省人民政府办公厅转发人行合肥中心支行《关于银行业支持皖江城市带承接产业转移示范区发展意见》的通知',安徽省人民政府办公厅,2010-07-21,现行有效,地方政府规章及文件
'印发包河区承接产业转移加快楼宇经济发展若干政策的通知',合肥市包河区人民政府,2010-07-18,已失效,地方政府规章及文件
'印发包河区承接产业转移加快先进制造业发展若干政策的通知',合肥市包河区人民政府,2010-07-18,已失效,地方政府规章及文件
'关于印发《合肥市承接产业转移促进现代农业发展若干政策农民专业合作社奖补操作规程（试行）》的通知',合肥市农业委员会,2010-07-08,现行有效,地方政府规章及文件
'关于为皖江城市带承接产业转移示范区建设提供法律服务的意见',安徽省司法厅;安徽省推进皖江城市带承接产业转移示范区建设领导小组办公室,2010-07-08,现行有效,地方政府规章及文件
'关于推进产业结构调整加快淘汰落后产能的若干意见',宣城市人民政府,2010-07-06,现行有效,地方政府规章及文件
'关于印发推进皖江城市带承接产业转移示范区自主创新若干政策措施的通知',安徽省科学技术厅;安徽省发展和改革委员会;安徽省经济和信息化委员会;安徽省财政厅;安徽省人民政府国有资产监督管理委员会,2010-07-05,现行有效,地方政府规章及文件
'关于印发省物价局促进皖江城市带承接产业转移示范区发展领导小组工作制度的通知',安徽省物价局,2010-06-30,现行有效,地方政府规章及文件
'转发省地税局《关于进一步优化纳税服务强化税收征管促进皖江城市带承接产业转移示范区建设的若干意见》的通知',合肥市地方税务局,2010-06-29,现行有效,地方政府规章及文件
'安徽省人民政府办公厅转发省政府金融办等部门《关于支持皖江城市带承接产业转移示范区企业上市融资实施意见》的通知',安徽省人民政府办公厅,2010-06-18,现行有效,地方政府规章及文件
'安徽省人民政府办公厅关于印发皖江城市带承接产业转移示范区省级开发区扩区暂行办法的通知',安徽省人民政府办公厅,2010-06-17,现行有效,地方政府规章及文件
'铜陵市人民政府办公室转发市物价局《关于促进铜陵市承接产业转移示范区建设若干价格政策实施意见》的通知',铜陵市人民政府办公室,2010-06-17,现行有效,地方政府规章及文件
'关于印发《安徽省人力资源和社会保障厅关于加快推进皖江城市带承接产业转移示范区建设的若干政策意见的实施细则》的通知',安徽省人力资源和社会保障厅,2010-06-10,现行有效,地方政府规章及文件
'关于印发《承接产业转移促进服务业发展的若干政策实施细则》的通知',合肥市财政局;合肥市商务局;合肥市旅游局;合肥市卫生局;合肥市文化广电新闻出版局;合肥市民政局;合肥市城乡建设委员会;合肥市国土资源局,2010-06-04,现行有效,地方政府规章及文件
'关于印发蚌埠市培育工业大产业实施方案的通知',蚌埠市人民政府,2010-06-03,已失效,地方政府规章及文件
'关于发挥价格认证职能作用促进皖江城市带承接产业转移示范区建设的指导意见',安徽省物价局,2010-05-31,现行有效,地方政府规章及文件
'黄山市人民政府办公厅关于加快油茶产业发展的意见',黄山市人民政府办公厅,2010-05-27,现行有效,地方政府规章及文件
'关于印发《2010年合肥市承接产业转移促进现代农业发展若干政策实施细则种植业操作规程》的通知',合肥市农业委员会,2010-05-20,现行有效,地方政府规章及文件
'关于印发创建安徽省新型工业化产业示范基地管理暂行办法的通知',安徽省经济和信息化委员会,2010-05-17,现行有效,地方政府规章及文件
'关于《承接产业转移推进工业小企业振兴计划解决企业流动资金问题的若干政策》兑现办法的通知',合肥市经济和信息化委员会;合肥市财政局;合肥市审计局,2010-05-14,现行有效,地方政府规章及文件
'安徽省人民政府关于设立安徽马鞍山高新技术产业开发区的批复',安徽省人民政府,2010-05-13,现行有效,地方政府规章及文件
'安徽省人民政府关于设立安徽铜陵高新技术产业开发区的批复',安徽省人民政府,2010-05-13,现行有效,地方政府规章及文件
'关于印发《合肥市承接产业转移促进现代农业发展若干政策实施细则》的通知',合肥市财政局;合肥市农业委员会;合肥市畜牧水产局;合肥市林业和园林局;合肥市水务局,2010-05-11,现行有效,地方政府规章及文件
'关于促进皖江城市带承接产业转移示范区建设若干价格政策措施的通知',安徽省物价局,2010-05-10,现行有效,地方政府规章及文件
'中共宣城市委、宣城市人民政府关于促进承接产业转移示范区建设的四十条政策意见',中共宣城市委;宣城市人民政府,2010-04-20,现行有效,地方政府规章及文件
'关于贯彻落实《合肥市承接产业转移促进服务业发展若干政策》的通知',合肥市旅游局,2010-04-14,现行有效,地方政府规章及文件
'关于合肥市农业系统承接产业转移工作的实施意见',合肥市农业委员会,2010-04-14,现行有效,地方政府规章及文件
'关于充分发挥工商行政管理职能作用加快推进合肥承接产业转移示范区建设的若干意见',合肥市工商行政管理局,2010-04-12,现行有效,地方政府规章及文件
'中共安徽省委、安徽省人民政府关于加快推进皖江城市带承接产业转移示范区建设的若干政策意见',中共安徽省委;安徽省人民政府,2010-04-02,现行有效,地方政府规章及文件
'关于印发合肥市承接产业转移进一步推进自主创新若干政策措施（试行）的通知',合肥市人民政府,2010-03-31,已失效,地方政府规章及文件
'关于印发合肥市承接产业转移促进服务业发展若干政策（试行）的通知',合肥市人民政府,2010-03-31,已失效,地方政府规章及文件
'关于印发合肥市承接产业转移促进现代农业发展若干政策（试行）的通知',合肥市人民政府,2010-03-31,已失效,地方政府规章及文件
'关于加强环境保护，促进皖江城市带承接产业转移示范区科学发展的意见',安徽省环境保护厅,2010-03-31,现行有效,地方政府规章及文件
'转发《关于印发承接产业转移加快新型工业化发展的若干政策的通知》和《关于印发推进工业小企业振兴计划解决企业流动资金问题的若干政策(修订试行)的通知》',合肥市人民政府国有资产监督管理委员会,2010-03-24,现行有效,地方政府规章及文件
'关于发布安徽省新兴产业优势领域技术发展指南(第二批)的通知',安徽省科学技术厅,2010-03-23,现行有效,地方政府规章及文件
'关于印发承接产业转移推进工业小企业振兴计划解决企业流动资金问题的若干政策的通知',合肥市人民政府,2010-03-18,已失效,地方政府规章及文件
'关于服务承接产业转移示范区建设工作具体实施方案',安庆市物价局,2010-03-18,现行有效,地方政府规章及文件
'关于修订印发安徽省关于《国家高新技术产业开发区高新技术企业认定条件和办法》及《国家高新技术产业开发区外高新技术企业认定条件和办法》实施细则的通知',安徽省科学技术厅,2006-10-31,现行有效,地方政府规章及文件
'关于印发承接产业转移加快新型工业化发展的若干政策的通知',合肥市人民政府,2010-03-17,已失效,地方政府规章及文件
'关于促进服务外包产业发展的实施意见',合肥市人民政府,2010-03-12,现行有效,地方政府规章及文件
'关于认真谋划和参与实施“皖江城市带承接产业转移示范区”规划的通知',安徽省林业厅,2010-02-28,现行有效,地方政府规章及文件
'关于印发《安徽省“十二五”电子信息产业发展规划编制工作方案》的函',安徽省经济和信息化委员会,2010-02-26,现行有效,地方政府规章及文件
'关于印发巢湖市电缆产业发展规划的通知',巢湖市人民政府,2010-02-26,现行有效,地方政府规章及文件
'关于印发巢湖市食品加工产业发展规划的通知',巢湖市人民政府,2010-02-26,现行有效,地方政府规章及文件
'关于印发巢湖市船舶产业发展规划的通知',巢湖市人民政府,2010-02-26,现行有效,地方政府规章及文件
'关于印发巢湖市采掘加工产业发展规划的通知',巢湖市人民政府,2010-02-26,现行有效,地方政府规章及文件
'关于印发巢湖市化工产业发展规划的通知',巢湖市人民政府,2010-02-26,现行有效,地方政府规章及文件
'省经济和信息化委关于印发《安徽省工业领域新兴产业发展培育计划（2010-2012）》的通知',安徽省经济和信息化委员会,2010-02-24,现行有效,地方政府规章及文件
'关于发布安徽省新兴产业优势领域技术发展指南(第一批)的通知',安徽省科学技术厅,2010-02-11,现行有效,地方政府规章及文件
'印发关于加快林业产业发展意见的通知',蚌埠市人民政府办公室,2010-02-11,现行有效,地方政府规章及文件
'六安市人民政府办公室关于抓紧做好我市承接皖江城市带产业转移示范区建设起步工作对口衔接的通知',六安市人民政府办公室,2010-02-09,现行有效,地方政府规章及文件
'中共安徽省委、安徽省人民政府关于推进皖江城市带承接产业转移示范区建设的决定',中共安徽省委;安徽省人民政府,2010-02-01,现行有效,地方政府规章及文件
'中共安徽省委、安徽省人民政府关于皖江城市带承接产业转移示范区规划的实施方案',中共安徽省委;安徽省人民政府,2010-02-01,现行有效,地方政府规章及文件
'关于加快蔬菜产业发展的意见',阜阳市临泉县人民政府,2010-01-26,现行有效,地方政府规章及文件
'铜陵市人民政府关于贯彻落实国家和省十大产业调整振兴规划的工作意见',铜陵市人民政府,2010-01-12,现行有效,地方政府规章及文件
'关于运用价格政策促进我省医药产业发展的通知',安徽省物价局,2009-12-15,现行有效,地方政府规章及文件
'关于印发促进产学研结合构建和发展产业技术创新战略联盟实施意见的通知',安徽省科学技术厅;安徽省发展和改革委员会;安徽省经济和信息化委员会;安徽省财政厅;安徽省教育厅;徽省人民政府国有资产监督管理委员会;安徽省总工会;国家开发银行安徽省分行,2009-12-14,现行有效,地方政府规章及文件
'关于印发产业技术创新战略联盟厅内审核工作程序的通知',安徽省科学技术厅,2009-12-14,现行有效,地方政府规章及文件
'关于印发第三产业发展若干扶持政策的通知',芜湖市人民政府办公室,2009-11-24,已失效,地方政府规章及文件
'安徽省人民政府关于加快新能源和节能环保产业发展的意见',安徽省人民政府,2009-11-13,现行有效,地方政府规章及文件
'转发《国土资源部贯彻落实抑制部分行业产能过剩和重复建设引导产业健康发展若干意见的通知》',安徽省国土资源厅,2009-11-13,现行有效,地方政府规章及文件
'安徽省人民政府关于加快生物产业发展的实施意见',安徽省人民政府,2009-11-10,现行有效,地方政府规章及文件
'关于印发《关于加快推进皖江城市带承接产业转移示范区巢湖集中区建设的意见》的通知',中共巢湖市委办公室;巢湖市人民政府办公室,2009-11-10,现行有效,地方政府规章及文件
'安徽省人民政府办公厅关于加快油茶产业发展的意见',安徽省人民政府办公厅,2009-11-06,现行有效,地方政府规章及文件
'关于发挥地税职能大力推进我市第三产业发展的意见',芜湖市地方税务局,2009-11-05,现行有效,地方政府规章及文件
'平和县人民政府关于印发平和县对台产业（工业）对接工作方案的通知',漳州市平和县人民政府,2009-10-20,现行有效,地方政府规章及文件
'关于加强乡镇工业集聚区建设促进产业集群发展的意见',阜阳市颍上县人民政府,2009-10-15,现行有效,地方政府规章及文件
'安徽省人民政府办公厅关于加强文化产业统计工作的通知',安徽省人民政府办公厅,2009-09-28,现行有效,地方政府规章及文件
'关于第二届中国国际动漫创意产业交易会期间对相关服务业实行临时价格干预措施的通知',安徽省物价局,2009-09-22,已失效,地方政府规章及文件
'关于印发赵炳云主任在全省重点产业调整振兴和企业技术改造工作电视电话会议上讲话的通知',安徽省经济和信息化委员会,2009-09-18,现行有效,地方政府规章及文件
'转发《国家发展改革委办公厅、工业和信息化部办公厅关于进一步做好电子信息产业振兴和技术改造项目组织工作的通知》',安徽省发展和改革委员会,2009-09-14,现行有效,地方政府规章及文件
'芜湖市人民政府关于印发芜湖市关于落实国家九大产业调整和振兴规划的实施意见的通知',芜湖市人民政府,2009-09-10,现行有效,地方政府规章及文件
'关于发布2009-2010年度安徽省语音产业科技创新专项资金项目申报指南的通知',安徽省科学技术厅,2009-09-07,现行有效,地方政府规章及文件
'安徽省人民政府关于印发安徽省有色金属产业调整和振兴规划的通知',安徽省人民政府,2009-09-01,现行有效,地方政府规章及文件
'转发省经济和信息化委员会《关于加快产业集群专业镇发展的若干意见》的通知',蚌埠市经济和信息化委员会,2009-08-27,现行有效,地方政府规章及文件
'关于进一步明确省级开发区产业定位促进产业集聚的意见',蚌埠市人民政府,2009-08-25,现行有效,地方政府规章及文件
'转发财政部、国家税务总局《关于扶持动漫产业发展有关税收政策问题的通知》',合肥市地方税务局,2009-08-25,现行有效,地方政府规章及文件
'安徽省人民政府关于印发安徽省石化产业调整和振兴规划的通知',安徽省人民政府,2009-07-30,现行有效,地方政府规章及文件
'关于印发《安徽省现代农业产业技术体系专家管理办法(试行)》的通知',安徽省农业委员会,2009-07-16,现行有效,地方政府规章及文件
'关于贯彻省农委稳定生猪生产视频会议精神促进生猪产业健康发展的通知',合肥市畜牧水产局,2009-06-25,现行有效,地方政府规章及文件
'安徽省人民政府关于印发安徽省汽车产业调整和振兴规划的通知',安徽省人民政府,2009-05-06,现行有效,地方政府规章及文件
'安徽省人民政府关于印发安徽省钢铁产业调整和振兴规划的通知',安徽省人民政府,2009-05-06,现行有效,地方政府规章及文件
'安徽省人民政府关于印发安徽省电子信息产业调整和振兴规划的通知',安徽省人民政府,2009-05-05,现行有效,地方政府规章及文件
'关于做好各市重点产业调整与振兴规划工作的通知',安徽省农业委员会,2009-05-04,现行有效,地方政府规章及文件
'关于印发《合肥市2009年度现代特色农业产业园区建设实施方案》的通知',合肥市农业委员会,2009-04-14,现行有效,地方政府规章及文件
'关于印发《安徽省现代农业产业技术体系建设实施方案(试行)》的通知',安徽省农业委员会,2009-04-10,现行有效,地方政府规章及文件
'芜湖市人民政府办公室转发市统计局关于《芜湖市文化产业统计实施方案》的通知',芜湖市人民政府办公室,2009-03-18,现行有效,地方政府规章及文件
'省信息产业厅关于反馈抓好基础设施建设落实工作方案的函',安徽省信息产业厅,2009-03-16,现行有效,地方政府规章及文件
'六安市人民政府办公室印发关于加快农业特色产业发展实施方案的通知',六安市人民政府办公室,2009-03-13,现行有效,地方政府规章及文件
'安徽省人民政府办公厅关于加快茶产业发展的意见',安徽省人民政府办公厅,2009-03-12,现行有效,地方政府规章及文件
'关于转发《安徽省人民政府办公厅关于促进服务外包产业发展的意见》的通知',合肥市对外贸易经济合作局,2009-03-12,现行有效,地方政府规章及文件
'安徽省发展和改革委员会关于印发《安徽省高技术产业发展项目管理暂行办法》的通知',安徽省发展和改革委员会,2009-03-10,现行有效,地方政府规章及文件
'关于印发《合肥市农业产业布局指导意见》的通知',合肥市农业委员会,2009-03-05,现行有效,地方政府规章及文件
'滁州市2009年水稻产业提升行动实施意见',滁州市人民政府办公室,2009-03-05,现行有效,地方政府规章及文件
'关于组织实施彩电产业战略转型产业化专项有关问题的通知',合肥市发展和改革委员会高技术处,2009-03-02,现行有效,地方政府规章及文件
'铜陵市人民政府办公室关于印发铜陵市推进城乡一体化产业发展体系建设实施方案的通知',铜陵市人民政府办公室,2009-03-02,现行有效,地方政府规章及文件
'关于组织实施彩电产业战略转型产业化专项有关问题的通知',安徽省发展和改革委员会高技术处,2009-02-26,现行有效,地方政府规章及文件
'安徽省人民政府办公厅关于促进服务外包产业发展的意见',安徽省人民政府办公厅,2009-02-23,现行有效,地方政府规章及文件
'关于对计划生育家庭发展林业产业给予扶持的通知',阜阳市林业局,2009-02-19,现行有效,地方政府规章及文件
'关于印发安徽省信息产业厅2009年党风廉政建设和反腐败工作要点的通知',安徽省信息产业厅,2009-02-12,现行有效,地方政府规章及文件
'关于印发《安庆市第二次全国经济普查建筑业、房地产业普查登记实施细则》的通知',安庆市第二次全国经济普查领导小组办公室,2009-02-03,现行有效,地方政府规章及文件
'安徽省人民政府办公厅关于进一步加快电子信息产业发展的意见',安徽省人民政府办公厅,2009-02-01,现行有效,地方政府规章及文件
'安徽省发改委关于印发安徽省高新技术产业发展项目管理暂行办法的通知',安徽省发展和改革委员会,2009,现行有效,地方政府规章及文件
'关于印发安徽省信息产业厅澄清虚假或不完整信息工作制度的通知',安徽省信息产业厅,2008-12-25,现行有效,地方政府规章及文件
'关于下达优质粮食产业工程2008年新增中央预算内投资计划的通知',安徽省发展和改革委员会;安徽省农业委员会,2008-12-04,现行有效,地方政府规章及文件
'转发安徽省人民政府关于认定井岗等57个镇为安徽省产业集群专业镇的通知',芜湖市人民政府,2008-11-24,现行有效,地方政府规章及文件
'池州市人民政府办公室转发《市发展改革委关于推进市583工程重点产业链项目建设意见》的通知',池州市人民政府办公室,2008-11-13,现行有效,地方政府规章及文件
'关于印发《合肥市巢湖流域水生蔬菜产业基地2008-2012年建设规划》的通知',合肥市农业委员会,2008-10-30,现行有效,地方政府规章及文件
'批转《市经委关于滁州市工业产业发展规划编制工作方案》的通知',滁州市人民政府,2008-10-21,现行有效,地方政府规章及文件
'关于印发《合肥文化产业发展规划(2008-2015)》的通知',中共合肥市委办公厅;合肥市人民政府办公厅,2008-10-16,现行有效,地方政府规章及文件
'铜陵市第三产业发展引导资金管理办法',铜陵市人民政府办公室,2008-10-14,已失效,地方政府规章及文件
'亳州市人民政府关于加快蔬菜产业发展的意见',亳州市人民政府,2008-09-15,现行有效,地方政府规章及文件
'关于加快推进现代粮食流通产业发展的实施意见',宣城市人民政府,2008-08-18,现行有效,地方政府规章及文件
'关于切实加快土地及宅基地整理和新农村建设项目区农业产业发展的紧急通知',合肥市新农村建设领导小组办公室;合肥市国土资源局,2008-07-23,现行有效,地方政府规章及文件
'关于印发颍河工业经济增长带产业发展规划和首太工业走廊产业发展规划的通知',阜阳市人民政府办公室,2008-07-10,已失效,地方政府规章及文件
'关于要求加快项目建设、引导产业优化升级的通知',芜湖市发展和改革委员会,2008-07-05,现行有效,地方政府规章及文件
'关于印发《合肥市现代蔬菜产业发展规划》的通知',合肥市农业委员会,2008-06-26,现行有效,地方政府规章及文件
'关于加快现代粮食流通产业发展的意见',滁州市人民政府,2008-06-23,现行有效,地方政府规章及文件
'关于印发安徽省信息产业厅政府信息发布保密审查暂行规定的通知',安徽省信息产业厅,2008-06-18,现行有效,地方政府规章及文件
'关于印发2008年水稻产业提升行动核心示范区建设方案和良种良法配套补贴资金发放工作方案的通知',蚌埠市怀远县人民政府办公室,2008-05-14,现行有效,地方政府规章及文件
'关于印发怀远县2008年水稻产业提升行动实施意见的通知',蚌埠市怀远县人民政府办公室,2008-05-14,现行有效,地方政府规章及文件
'芜湖市人民政府办公室关于贯彻落实市委市政府关于大力提高自主创新能力加快产业结构优化升级的若干意见的通知',芜湖市人民政府办公室,2008-05-09,现行有效,地方政府规章及文件
'安徽省财政厅、安徽省国防科工办关于印发《安徽省军民结合高技术产业发展专项资金使用管理暂行办法》的通知',安徽省财政厅;安徽省国防科学技术工业办公室,2008-05-08,现行有效,地方政府规章及文件
'转发市农委关于2008年度水稻产业提升行动工作方案的通知',宣城市人民政府办公室,2008-03-31,现行有效,地方政府规章及文件
'关于印发《阜阳市粮食产业园区建设攻坚年活动方案》的通知',阜阳市粮食局,2008-03-26,已失效,地方政府规章及文件
'安徽省林业厅关于做好全省林业产业特色村核实和反馈工作的通知',安徽省林业厅,2008-03-24,现行有效,地方政府规章及文件
'中共宣城市委、宣城市人民政府关于进一步加快旅游产业发展的若干意见',中共宣城市委;宣城市人民政府,2008-03-20,现行有效,地方政府规章及文件
'池州市人民政府办公室转发《市农委关于池州市2008年水稻产业提升行动实施意见》的通知',池州市人民政府办公室,2008-03-07,现行有效,地方政府规章及文件
'关于印发《粮食产业园区建设攻坚年活动方案》的通知',安徽省粮食局,2008-03-04,现行有效,地方政府规章及文件
'关于印发六安市国家优质粮食产业示范基地项目建设方案的通知',六安市人民政府办公室,2008-03-03,现行有效,地方政府规章及文件
'关于印发巢湖市电子信息产业和信息化“十一五”发展规划的通知',巢湖市人民政府,2008-02-21,现行有效,地方政府规章及文件
'转发国家发展改革委关于印发“十一五”重大技术装备研制和重大产业技术开发专项规划的通知',安徽省经济委员会,2008-02-19,现行有效,地方政府规章及文件
'安徽省人民政府办公厅关于加快国防科技工业民用产业发展的意见',安徽省人民政府办公厅,2008-01-22,现行有效,地方政府规章及文件
'关于做好生物产业发展规划有关工作的通知',安徽省经济委员会,2008-01-08,现行有效,地方政府规章及文件
'转发财政部、农业部关于印发《现代农业产业技术体系建设专项资金管理试行办法》的通知',安徽省财政厅,2008,现行有效,地方政府规章及文件
'芜湖市人民政府关于印发鼓励扶持动漫产业发展暂行规定的通知',芜湖市人民政府,2007-11-10,现行有效,地方政府规章及文件
'安徽省人民政府关于发布安徽省社会资本和外资投资文化产业指导目录的通告',安徽省人民政府,2007-11-02,现行有效,地方政府规章及文件
'安徽省人民政府办公厅关于加快推进现代粮食流通产业发展的意见',安徽省人民政府办公厅,2007-11-01,现行有效,地方政府规章及文件
'安徽省人民政府办公厅关于加快我省茧丝绸产业发展的意见',安徽省人民政府办公厅,2007-10-09,现行有效,地方政府规章及文件
'宿州市人民政府关于促进我市生猪产业发展的意见',宿州市人民政府,2007-09-27,现行有效,地方政府规章及文件
'关于稳定苎麻生产巩固苎麻产业的通知',常德市汉寿县人民政府办公室,2007-09-06,现行有效,地方政府规章及文件
'六安市人民政府办公室关于印发六安市蔬菜产业融入省会经济圈商品蔬菜基地项目实施方案的通知',六安市人民政府办公室,2007-07-18,现行有效,地方政府规章及文件
'安徽省人民政府关于进一步鼓励软件产业发展的若干意见',安徽省人民政府,2007-05-15,已失效,地方政府规章及文件
'六安市人民政府关于加快油茶产业发展的意见',六安市人民政府,2007-04-29,已失效,地方政府规章及文件
'六安市人民政府办公室转发《市农委关于六安市2007年水稻产业提升行动实施意见》的通知',六安市人民政府办公室,2007-04-29,已失效,地方政府规章及文件
'关于印发怀远县2007年水稻产业提升行动良种良法配套补贴资金实施方案的通知',蚌埠市怀远县人民政府办公室,2007-04-20,现行有效,地方政府规章及文件
'池州市人民政府办公室转发人民银行池州市中心支行等十一部门关于促进银行卡产业发展工作实施意见的通知',池州市人民政府办公室,2007-03-29,现行有效,地方政府规章及文件
'池州市人民政府办公室转发人民银行池州市中心支行等十一部门关于促进银行卡产业发展工作实施意见的通知',池州市人民政府办公室,2007-03-29,现行有效,地方政府规章及文件
'池州市人民政府关于加快推进全市林业产业发展的意见',池州市人民政府,2007-01-09,现行有效,地方政府规章及文件
'安徽省人民政府关于印发安徽省“十一五”高新技术产业发展规划的通知',安徽省人民政府,2006-12-31,已失效,地方政府规章及文件
'六安市人民政府关于支持和促进我市文化产业发展的意见',六安市人民政府,2006-12-07,现行有效,地方政府规章及文件
'黄山市人民政府办公厅关于印发加快黄山市茶产业发展实施方案（2006——2007）的通知',黄山市人民政府办公厅,2006-11-09,现行有效,地方政府规章及文件
'蚌埠市人民政府办公室转发人民银行蚌埠市中心支行等部门关于促进银行卡产业发展实施意见的通知',蚌埠市人民政府办公室,2006-11-02,现行有效,地方政府规章及文件
'池州市人民政府办公室关于印发《池州市花卉苗木业发展规划》、《池州市中药材产业化发展规划》、《池州市竹业发展规划》、《池州市食用菌产业发展规划》（2006——2010年）的通知',池州市人民政府办公室,2006-10-30,现行有效,地方政府规章及文件
'池州市人民政府办公室关于印发《池州市花卉苗木业发展规划》、《池州市中药材产业化发展规划》、《池州市竹业发展规划》、《池州市食用菌产业发展规划》(2006—2010年)的通知',池州市人民政府办公室,2006-10-30,现行有效,地方政府规章及文件
'六安市人民政府关于搞活住房二、三级市场促进房地产业持续健康发展的通知',六安市人民政府,2006-10-26,已失效,地方政府规章及文件
'安徽省人民政府办公厅转发人民银行合肥中心支行等部门关于促进银行卡产业发展实施意见的通知',安徽省人民政府办公厅,2006-08-25,现行有效,地方政府规章及文件
'六安市人民政府办公室关于印发六安瓜片产业“十一五”发展规划的通知',六安市人民政府办公室,2006-06-21,现行有效,地方政府规章及文件
'蚌埠市人民政府办公室转发水稻产业提升行动实施方案的通知',蚌埠市人民政府办公室,2006-05-19,现行有效,地方政府规章及文件
'六安市人民政府办公室转发市农委关于实施水稻产业提升行动意见的通知',六安市人民政府办公室,2006-05-12,已失效,地方政府规章及文件
'安徽省人民政府办公厅关于加快建设粮食产业园区的通知',安徽省人民政府办公厅,2006-03-31,现行有效,地方政府规章及文件
'黄山市人民政府办公厅关于进一步促进中心城区房地产业健康发展的若干意见',黄山市人民政府办公厅,2006-03-29,现行有效,地方政府规章及文件
'中共安徽省委办公厅、安徽省人民政府办公厅关于转发《省人才工作领导小组关于实施“115”产业创新团队建设工程的意见》的通知',中共安徽省委办公厅;安徽省人民政府办公厅,2006-03-23,现行有效,地方政府规章及文件
'安徽省人民政府办公厅转发省农委关于实施水稻产业提升行动意见的通知',安徽省人民政府办公厅,2006-03-16,现行有效,地方政府规章及文件
