'广东省荔枝产业保护条例',广东省人民代表大会常务委员会,2017-01-13,现行有效,地方性法规及文件
'东莞市推动产业结构调整和转型升级实施“三旧”改造土地管理暂行办法',东莞市人民代表大会常务委员会,2009-03-10,现行有效,地方性法规及文件
'深圳市文化产业促进条例',深圳市人民代表大会常务委员会,2008-10-14,现行有效,地方性法规及文件
'广东省人民代表大会常务委员会关于批准《深圳市文化产业促进条例》的决定',广东省人民代表大会常务委员会,2008-09-26,现行有效,地方性法规及文件
'深圳经济特区高新技术产业园区条例',深圳市人民代表大会常务委员会,2006-10-16,现行有效,地方性法规及文件
'关于提高自主创新能力提升产业竞争力的决定',中共汕头市龙湖区委,2008,现行有效,团体规定
'关于做好沙糖桔产业灾后复产工作的通知',广东省沙糖桔协会,2008-02-21,现行有效,行业规定
'广东省人民政府办公厅关于印发《广东省推动化妆品产业高质量发展实施方案》的通知',广东省人民政府办公厅,2020-12-29,现行有效,地方政府规章及文件
'广东省人力资源和社会保障厅、广东省农业农村厅关于印发《农村电商产业园建设标准(试行)》《农村电商基层示范站建设标准(试行)》的通知',广东省人力资源和社会保障厅;广东省农业农村厅,2020-11-18,现行有效,地方政府规章及文件
'广州市人民政府办公厅关于大力发展装配式建筑加快推进建筑产业现代化的实施意见',广州市人民政府办公厅,2020-07-17,现行有效,地方政府规章及文件
'广东省人民政府关于培育发展战略性支柱产业集群和战略性新兴产业集群的意见',广东省人民政府,2020-05-18,现行有效,地方政府规章及文件
'广州市工业和信息化局关于印发《广州市推动区块链产业创新发展的实施意见(2020-2022年)》的通知',广州市工业和信息化局,2020-05-06,现行有效,地方政府规章及文件
'广东省人民政府关于加强生猪和生猪产品质量安全全程监管推进屠宰产业高质量发展的意见',广东省人民政府,2020-04-23,现行有效,地方政府规章及文件
'广州市人民政府关于印发广州市加快生物医药产业发展若干规定(修订)的通知',广州市人民政府,2020-02-22,现行有效,地方政府规章及文件
'广州市住房和城乡建设局关于加强写字楼和产业园区新冠肺炎疫情防控工作的通知',广州市住房和城乡建设局,2020-02-21,现行有效,地方政府规章及文件
'广东省人民政府办公厅关于印发广东省加快半导体及集成电路产业发展若干意见的通知',广东省人民政府办公厅,2020-02-03,现行有效,地方政府规章及文件
'广东省人民政府关于加快推进农业机械化和农机装备产业转型升级的实施意见',广东省人民政府,2019-12-29,现行有效,地方政府规章及文件
'广东省人民政府办公厅关于加快推进生猪家禽产业转型升级的意见',广东省人民政府办公厅,2019-12-24,现行有效,地方政府规章及文件
'广东省人民政府办公厅印发关于支持省级现代农业产业园建设政策措施的通知',广东省人民政府办公厅,2019-08-30,现行有效,地方政府规章及文件
'梅州市人民政府关于加快推动绿色产业发展的意见',梅州市人民政府,2019-06-03,现行有效,地方政府规章及文件
'广东省人民政府办公厅关于印发广东省加快5G产业发展行动计划(2019-2022年)的通知',广东省人民政府办公厅,2019-05-08,现行有效,地方政府规章及文件
'广东省人民政府办公厅关于印发广东省超高清视频产业发展行动计划(2019-2022年)的通知',广东省人民政府办公厅,2019-04-23,现行有效,地方政府规章及文件
'阳江市人民政府印发关于加快新能源汽车产业创新发展的实施方案的通知',阳江市人民政府,2019-04-08,现行有效,地方政府规章及文件
'广东省人民政府关于促进高新技术产业开发区高质量发展的意见',广东省人民政府,2019-03-18,现行有效,地方政府规章及文件
'横琴新区管委会办公室关于印发《横琴新区支持粤澳合作中医药科技产业园发展的专项措施》的通知',珠海市横琴新区管理委员会办公室,2019-03-12,现行有效,地方政府规章及文件
'广东省工业和信息化厅关于加快推进生物医药产业发展的实施意见',广东省工业和信息化厅,2019-03-06,现行有效,地方政府规章及文件
'广东省市场监督管理局、广东省工业和信息化厅、广东省广播电视局关于发布《广东省4K电视网络应用与产业标准体系规划与路线图(2018-2022年)》的通知',广东省市场监督管理局;广东省工业和信息化厅;广东省广播电视局,2019-01-17,现行有效,地方政府规章及文件
'韶关市人民政府办公室关于加快推进农业供给侧结构性改革大力发展粮食产业经济的实施意见',韶关市人民政府办公室,2019-01-08,现行有效,地方政府规章及文件
'梅州市人民政府办公室关于印发梅州市贯彻落实加快推进农业供给侧结构性改革大力发展粮食产业经济实施方案的通知',梅州市人民政府办公室,2018-12-30,现行有效,地方政府规章及文件
'广州市人民政府办公厅关于印发广州市加快超高清视频产业发展行动计划(2018—2020年)的通知',广州市人民政府办公厅,2018-12-29,现行有效,地方政府规章及文件
'广州市人民政府办公厅关于加快文化产业创新发展的实施意见',广州市人民政府办公厅,2018-12-26,现行有效,地方政府规章及文件
'广东省市场监督管理局关于印发《广东省市场监督管理局关于省级产业计量测试中心的验收考核细则(试行)》的通知',广东省市场监督管理局,2018-12-06,现行有效,地方政府规章及文件
'关于印发《2019-2020年全省现代农业产业园建设工作方案》的通知',广东省农业农村厅,2018-11-29,现行有效,地方政府规章及文件
'揭阳市人民政府关于印发揭阳市加快新能源汽车产业创新发展工作方案的通知',揭阳市人民政府,2018-11-06,现行有效,地方政府规章及文件
'广东省住房和城乡建设厅关于印发装配式建筑产业基地管理暂行办法的通知',广东省住房和城乡建设厅,2018-10-26,现行有效,地方政府规章及文件
'关于印发《广东省现代农业产业园绩效评价办法》(试行)的通知',广东省农业农村厅,2018-10-18,现行有效,地方政府规章及文件
'关于印发《广东省现代农业产业园建设指引》(试行)的通知',广东省农业农村厅,2018-10-18,现行有效,地方政府规章及文件
'关于印发《广东省现代农业产业园财政资金管理规定》(试行)的通知',广东省农业农村厅,2018-10-18,现行有效,地方政府规章及文件
'东莞市人民政府办公室关于印发《东莞市旅游产业发展专项资金管理办法》的通知',东莞市人民政府办公室,2018-09-27,现行有效,地方政府规章及文件
'广州市人民政府办公厅关于印发广州市扶持电影产业发展暂行规定的通知',广州市人民政府办公厅,2018-09-13,现行有效,地方政府规章及文件
'东莞市人民政府关于印发东莞市新型产业用地(M0)管理暂行办法的通知',东莞市人民政府,2018-09-11,现行有效,地方政府规章及文件
'深圳市人民政府关于农村城市化历史遗留产业类和公共配套类违法建筑的处理办法',深圳市人民政府,2018-09-04,现行有效,地方政府规章及文件
'韶关市人民政府关于加快发展体育产业促进体育消费的实施意见',韶关市人民政府,2018-08-28,现行有效,地方政府规章及文件
'广州市人民政府关于加快工业和信息化产业发展的扶持意见',广州市人民政府,2018-08-28,现行有效,地方政府规章及文件
'广东省住房和城乡建设厅关于转发《广东省人民政府关于加快新能源汽车产业创新发展的意见》的通知',广东省住房和城乡建设厅,2018-08-13,现行有效,地方政府规章及文件
'韶关市人民政府办公室关于印发韶关市推进现代农业产业发展优惠政策的通知',韶关市人民政府办公室,2018-07-25,现行有效,地方政府规章及文件
'清远市人民政府办公室关于印发2018年清远市创建现代农业产业园工作方案的通知',清远市人民政府办公室,2018-07-12,现行有效,地方政府规章及文件
'深圳市前海深港现代服务业合作区管理局关于印发《深圳前海深港现代服务业合作区产业投资引导基金管理办法》的通知',深圳市前海深港现代服务业合作区管理局,2018-07-06,现行有效,地方政府规章及文件
'关于印发《珠海市产业核心和关键技术攻关方向项目实施暂行办法》的通知',珠海市科技和工业信息化局,2018-06-25,已失效,地方政府规章及文件
'关于印发《2018年全省现代农业产业园建设工作方案》的通知',广东省农业厅,2018-06-24,现行有效,地方政府规章及文件
'阳江市人民政府关于印发阳江高新区产业转移工业园企业投资项目建设直接落地改革试点工作实施方案的通知',阳江市人民政府,2018-06-21,已失效,地方政府规章及文件
'东莞市人民政府关于印发东莞市产业发展与科技创新人才经济贡献奖励实施办法的通知',东莞市人民政府,2018-06-20,现行有效,地方政府规章及文件
'惠州市人民政府关于印发惠州市支持中韩(惠州)产业园加快发展若干政策措施的通知',惠州市人民政府,2018-06-08,现行有效,地方政府规章及文件
'东莞市人民政府办公室关于印发《深入推进“筑云惠企”工程发展工业互联网促进东莞产业高质量发展实施方案》的通知',东莞市人民政府办公室,2018-05-28,现行有效,地方政府规章及文件
'茂名市人民政府办公室印发《关于开展新数字家庭行动推动4K电视网络应用与产业发展的实施方案》的通知',茂名市人民政府办公室,2018-05-09,现行有效,地方政府规章及文件
'广东省人民政府办公厅关于印发落实国家广播电视总局、广东省人民政府《推动广东省4K超高清电视应用与产业发展合作备忘录》工作方案的通知',广东省人民政府办公厅,2018-04-25,现行有效,地方政府规章及文件
'深圳市人民政府办公厅关于印发深圳市加快发展康复辅助器具产业实施方案的通知',深圳市人民政府办公厅,2018-04-10,现行有效,地方政府规章及文件
'广州市人民政府办公厅关于印发广州市汽车产业2025战略规划的通知',广州市人民政府办公厅,2018-03-29,现行有效,地方政府规章及文件
'广州市人民政府办公厅关于印发广州市产业发展资金管理办法的通知',广州市人民政府办公厅,2018-02-09,现行有效,地方政府规章及文件
'广州市人民政府办公厅关于构建促进产业发展政策体系的意见',广州市人民政府办公厅,2018-01-25,现行有效,地方政府规章及文件
'韶关市人民政府关于印发韶关市促进新兴支柱产业发展若干措施的通知',韶关市人民政府,2018-01-12,已失效,地方政府规章及文件
'广东省人民政府办公厅关于印发广东省产业园建设发展绩效评价办法的通知',广东省人民政府办公厅,2018-01-08,现行有效,地方政府规章及文件
'云浮市人民政府办公室关于印发云浮市推进落实氢能产业发展和推广应用工作方案的通知',云浮市人民政府办公室,2017-12-21,现行有效,地方政府规章及文件
'广州市人民政府办公厅关于印发广州市开展新数字家庭行动推动4K电视网络应用与产业发展工作方案的通知',广州市人民政府办公厅,2017-12-11,现行有效,地方政府规章及文件
'阳江市人民政府关于印发《阳江市文化体育产业发展“十三五”规划》的通知',阳江市人民政府,2017-12-08,现行有效,地方政府规章及文件
'揭阳市人民政府关于印发揭阳市降低制造业企业成本支持实体经济发展促进产业共建政策措施的通知',揭阳市人民政府,2017-11-30,现行有效,地方政府规章及文件
'广东省人民政府办公厅关于印发开展新数字家庭行动推动4K电视网络应用与产业发展若干扶持政策(2017-2020年)的通知',广东省人民政府办公厅,2017-11-22,现行有效,地方政府规章及文件
'梅州市人民政府办公室关于印发梅州世界客属青年创新创业基地产业规划(2017—2021年)的通知',梅州市人民政府办公室,2017-11-02,现行有效,地方政府规章及文件
'广州市人民政府办公厅关于印发广州市推进文化创意和设计服务与相关产业融合发展行动方案(2016—2020年)的通知',广州市人民政府办公厅,2017-10-25,现行有效,地方政府规章及文件
'梅州市人民政府办公室印发关于开展新数字家庭行动推动4K电视网络应用与产业发展实施方案的通知',梅州市人民政府办公室,2017-10-23,现行有效,地方政府规章及文件
'惠州市人民政府办公室关于印发惠州市开展新数字家庭行动推动4K电视网络应用与产业发展试点工作方案的通知',惠州市人民政府办公室,2017-10-22,现行有效,地方政府规章及文件
'广州市发展改革委关于组织开展2018年广州市新兴产业发展补助资金项目(第一批)申报工作的通知',广州市发展和改革委员会,2017-10-16,现行有效,地方政府规章及文件
'广州市人民政府办公厅关于大力发展装配式建筑加快推进建筑产业现代化的实施意见',广州市人民政府办公厅,2017-09-06,已失效,地方政府规章及文件
'广东省经济和信息化委印发应急产业培育与发展三年行动计划的通知',广东省经济和信息化委员会,2017-08-31,现行有效,地方政府规章及文件
'关于转发《国家农村产业融合发展示范园创建工作方案》的通知',广东省发展和改革委员会,2017-08-30,现行有效,地方政府规章及文件
'广东省发展改革委关于印发政府出资产业投资基金信用信息登记工作流程的通知',广东省发展和改革委员会,2017-08-29,现行有效,地方政府规章及文件
'珠海市人民政府关于印发珠海市推进建筑产业现代化发展管理办法(试行)的通知',珠海市人民政府,2017-08-25,已失效,地方政府规章及文件
'广东省发展改革委关于印发广东省加快战略性新兴产业发展实施方案的通知',广东省发展和改革委员会,2017-08-18,现行有效,地方政府规章及文件
'广东省人民政府办公厅关于印发广东省战略性新兴产业发展“十三五”规划的通知',广东省人民政府办公厅,2017-08-17,现行有效,地方政府规章及文件
'广州市帮扶办关于印发《广州市鼓励企业到广州(梅州)产业转移工业园投资实施办法(2017年再次修订)》的通知',广州市对口帮扶梅州市、清远市工作领导小组办公室,2017-08-17,已失效,地方政府规章及文件
'广州市旅游局关于参加2017宁波国际旅游展和2017中国旅游产业博览会(天津)的通知',广州市旅游局,2017-08-16,现行有效,地方政府规章及文件
'广州市发展改革委关于组织开展我市农村一二三产业融合发展情况调研的预通知',广州市发展和改革委员会,2017-08-14,现行有效,地方政府规章及文件
'关于印发珠海市信息产业发展规划(2017-2021年)的通知',珠海市科技和工业信息化局,2017-08-07,现行有效,地方政府规章及文件
'关于印发《珠海市2017年新生代产业工人“圆梦计划”工作实施方案》的通知',共青团珠海市委;珠海市人力资源和社会保障局;珠海市财政局;珠海市教育局;珠海市科技和工业信息化局,2017-07-20,现行有效,地方政府规章及文件
'广东省科学技术厅关于印发《广东省高新技术产业开发区创新发展战略提升行动实施方案(2017-2020年)》的通知',广东省科学技术厅,2017-07-13,现行有效,地方政府规章及文件
'东莞市人民政府办公室关于印发《东莞市“倍增计划”试点企业产业政策倍增扶持实施细则》的通知',东莞市人民政府办公室,2017-07-06,现行有效,地方政府规章及文件
'云浮市人民政府办公室关于印发云浮市促进云计算大数据产业发展优惠办法(试行)的通知',云浮市人民政府办公室,2017-06-22,已失效,地方政府规章及文件
'云浮市人民政府办公室关于印发云浮市促进呼叫中心产业发展优惠办法(试行)的通知',云浮市人民政府办公室,2017-06-22,已失效,地方政府规章及文件
'广州市发展改革委关于印发广州市新兴产业发展资金管理办法配套实施细则的通知',广州市发展和改革委员会,2017-06-02,现行有效,地方政府规章及文件
'广东省人民政府办公厅关于加快发展健身休闲产业的实施意见',广东省人民政府办公厅,2017-05-31,现行有效,地方政府规章及文件
'广州市旅游局关于参加2017第五届澳门国际旅游(产业)博览会的通知',广州市旅游局,2017-05-22,现行有效,地方政府规章及文件
'广州市人民政府办公厅关于印发广州市新兴产业发展资金管理办法的通知',广州市人民政府办公厅,2017-05-18,现行有效,地方政府规章及文件
'广东省发展改革委关于印发《广东省国家重点生态功能区产业准入负面清单(试行)》的通知',广东省发展和改革委员会,2017-05-09,现行有效,地方政府规章及文件
'珠海市人民政府关于印发珠海市进一步加强产业园区发展建设若干政策措施的通知',珠海市人民政府,2017-05-06,现行有效,地方政府规章及文件
'广州市发展改革委转发《广东省发展改革委关于做好政府出资产业投资基金信用信息登记工作的通知》',广州市发展和改革委员会,2017-04-28,现行有效,地方政府规章及文件
'珠海市人民政府办公室关于加快发展健身休闲产业的实施意见',珠海市人民政府办公室,2017-04-21,现行有效,地方政府规章及文件
'广东省发展改革委关于做好政府出资产业投资基金信用信息登记工作的通知',广东省发展和改革委员会,2017-04-18,现行有效,地方政府规章及文件
'广东省大数据管理局关于开展第二批省级大数据产业园培育工作的通知',广东省大数据管理局,2017-03-28,现行有效,地方政府规章及文件
'梅州市人民政府办公室关于印发广东梅兴华丰产业集聚带2017年度工作方案的通知',梅州市人民政府办公室,2017-03-24,现行有效,地方政府规章及文件
'广东省经济和信息化委、广东省财政厅关于下达2017年省级工业和信息化专项资金(支持产业园扩能增效)项目计划的通知',广东省经济和信息化委员会;广东省财政厅,2017-03-24,现行有效,地方政府规章及文件
'广东省经济和信息化委、广东省财政厅关于下达2017年广东省工业和信息化专项资金(支持信息化和信息产业发展)项目计划的通知',广东省经济和信息化委员会;广东省财政厅,2017-03-24,现行有效,地方政府规章及文件
'广东省经济和信息化委关于开展珠三角与粤东西北产业共建财政扶持资金申报工作的通知',广东省经济和信息化委员会,2017-03-19,现行有效,地方政府规章及文件
'广东省科学技术厅关于开展产业技术创新与科技金融结合专项资金无偿资助项目中期评估的通知',广东省科学技术厅,2017-03-14,现行有效,地方政府规章及文件
'广东省经济和信息化委关于公开遴选珠江西岸先进装备制造产业带建设管理服务平台建设机构的通告',广东省经济和信息化委员会,2017-03-13,现行有效,地方政府规章及文件
'广东省经济和信息化委转发《工业和信息化部印发<国家新型工业化产业示范基地管理办法>的通知》',广东省经济和信息化委员会,2017-03-08,现行有效,地方政府规章及文件
'广东省经济和信息化委关于公开遴选开展珠江西岸先进装备制造产业链现状调查及产业链招商目录编制工作机构的通告',广东省经济和信息化委员会,2017-02-28,现行有效,地方政府规章及文件
'广东省经济和信息化委印发粤东西北省产业园发展“十三五”规划的通知',广东省经济和信息化委员会,2017-02-08,现行有效,地方政府规章及文件
'揭阳市人民政府转发《广东省促进粤东西北地区产业园区提质增效若干政策措施的通知》',揭阳市人民政府,2017-01-25,现行有效,地方政府规章及文件
'广东省经济和信息化委关于组织申报第二批国家应急产业示范基地的通知',广东省经济和信息化委员会,2017-01-25,现行有效,地方政府规章及文件
'东莞市人民政府关于加快发展体育产业促进体育消费的实施意见',东莞市人民政府,2017-01-23,现行有效,地方政府规章及文件
'广东省经济和信息化委关于组织申报2017年省工业和信息化发展专项资金支持大数据产业发展项目库的通知',广东省经济和信息化委员会,2017-01-22,现行有效,地方政府规章及文件
'广州市帮扶办关于印发《广州市鼓励企业到广州(梅州)产业转移工业园投资实施办法(2017年修订)》的通知',广州市对口帮扶梅州市、清远市工作领导小组办公室,2017-01-20,已失效,地方政府规章及文件
'广东省住房和城乡建设厅关于印发《广东省建筑产业“十三五”发展规划纲要》的通知',广东省住房和城乡建设厅,2017-01-16,现行有效,地方政府规章及文件
'广东省经济和信息化委关于公布2016年广东省战略性新兴产业骨干(培育)企业(智能制造领域)名单的通知',广东省经济和信息化委员会,2017-01-13,现行有效,地方政府规章及文件
'广东省经济和信息化委、广东省财政厅关于下达汕头市潮阳区贵屿环境综合整治和贵屿循环经济产业园区建设补助资金项目计划的通知',广东省经济和信息化委员会;广东省财政厅,2017-01-02,现行有效,地方政府规章及文件
'云浮市人民政府办公室关于印发云浮市先进装备制造产业“十三五”专项规划(2016—2020年)的通知',云浮市人民政府办公室,2016-12-30,现行有效,地方政府规章及文件
'广东省经济和信息化委印发广东省工业优势传统产业转型升级“十三五”规划的通知',广东省经济和信息化委员会,2016-12-20,现行有效,地方政府规章及文件
'广东省经济和信息化委关于加快发展我省空气净化器产业的意见',广东省经济和信息化委员会,2016-12-13,现行有效,地方政府规章及文件
'茂名市人民政府办公室关于印发《茂名市培育壮大工业主导产业五年行动计划(2016-2020年)》的通知',茂名市人民政府办公室,2016-12-06,现行有效,地方政府规章及文件
'广东省国土资源厅转发《国土资源部办公厅关于印发<产业用地政策实施工作指引>的通知》',广东省国土资源厅,2016-11-23,现行有效,地方政府规章及文件
'揭阳市人民政府关于设立中德合作产业发展专项资金的实施意见',揭阳市人民政府,2016-11-21,现行有效,地方政府规章及文件
'惠州市人民政府关于加快新能源汽车产业发展的实施意见',惠州市人民政府,2016-09-04,现行有效,地方政府规章及文件
'揭阳市人民政府关于彻底治理电镀污染培育发展绿色电镀产业的八条意见',揭阳市人民政府,2016-07-18,现行有效,地方政府规章及文件
'横琴新区管委会办公室印发《关于促进横琴新区广告产业发展的若干措施》的通知',珠海市横琴新区管理委员会办公室,2016-07-12,现行有效,地方政府规章及文件
'阳江市人民政府关于印发《阳江市战略性新兴产业发展“十三五”规划》的通知',阳江市人民政府,2016-06-29,现行有效,地方政府规章及文件
'东莞市人民政府办公室关于加快发展生产性服务业全面推进产业转型升级的实施意见',东莞市人民政府办公室,2016-06-02,现行有效,地方政府规章及文件
'云浮市人民政府办公室关于印发《云浮市促进电子商务产业发展暂行办法》的通知',云浮市人民政府办公室,2016-05-20,已失效,地方政府规章及文件
'阳江市人民政府关于促进五金刀剪产业发展上水平的实施意见',阳江市人民政府,2016-02-25,已失效,地方政府规章及文件
'关于印发《关于大力发展机器人智能装备产业打造有全球影响力的先进制造基地实施方案》的通知',东莞市人民政府办公室,2016-01-22,现行有效,地方政府规章及文件
'关于大力发展机器人智能装备产业打造有全球影响力的先进制造基地的意见',东莞市人民政府,2016-01-22,现行有效,地方政府规章及文件
'清远市人民政府办公室关于印发广东省清远市材料产业发展规划(2015-2020年)的通知',清远市人民政府办公室,2015-12-22,现行有效,地方政府规章及文件
'关于印发《东莞市旅游产业发展专项资金管理暂行办法》的通知',东莞市人民政府办公室,2015-11-23,已失效,地方政府规章及文件
'关于印发《东莞市关于加快发展服务外包产业的指导意见》的通知',东莞市人民政府办公室,2015-08-06,现行有效,地方政府规章及文件
'关于印发《东莞市服务外包产业发展规划(2015—2020年)》的通知',东莞市人民政府办公室,2015-08-06,现行有效,地方政府规章及文件
'关于印发《东莞市创意产业园区认定管理办法》的通知',东莞市人民政府办公室,2015-06-08,现行有效,地方政府规章及文件
'揭阳市人民政府办公室关于印发揭阳市推动新一轮技术改造促进产业转型升级工作方案的通知',揭阳市人民政府办公室,2015-06-01,现行有效,地方政府规章及文件
'关于印发《关于加快推进新开工重大产业项目建设的实施办法》的通知',东莞市人民政府办公室,2015-01-07,已失效,地方政府规章及文件
'阳江市人民政府办公室关于印发珠海(阳江万象)产业转移工业园管理办法通知',阳江市人民政府办公室,2014-12-18,已失效,地方政府规章及文件
'揭阳市人民政府办公室转发市环境保护局《关于加强重点产业园区环保工作意见》的通知',揭阳市人民政府办公室,2014-12-08,现行有效,地方政府规章及文件
'关于印发《东莞市关于促进节能服务与金融产业融合加快推进节能减排典型示范项目建设工作方案》通知',东莞市人民政府办公室,2014-11-27,已失效,地方政府规章及文件
'关于印发《东莞市建设金融、科技、产业融合创新综合试验区责任分工表》的通知',东莞市人民政府办公室,2014-08-08,现行有效,地方政府规章及文件
'关于加快推动工业机器人智能装备产业发展的实施意见',东莞市人民政府,2014-08-04,现行有效,地方政府规章及文件
'关于印发《东莞市创新财政投入方式促进科技金融产业融合工作方案》的通知',东莞市人民政府办公室,2014-05-30,已失效,地方政府规章及文件
'关于印发《东莞市鼓励优质企业项目落户莞韶产业园暂行办法》的通知',东莞市人民政府办公室,2014-05-27,现行有效,地方政府规章及文件
'揭阳市人民政府办公室关于印发揭阳市产业“登高”工程实施方案的通知',揭阳市人民政府办公室,2014-05-21,现行有效,地方政府规章及文件
'关于印发《东莞市产业转型升级基地开发企业准入认定和入驻企业管理试行办法》的通知',东莞市人民政府办公室,2014-03-26,已失效,地方政府规章及文件
'惠州市人民政府办公室关于促进我市北斗装备制造及应用产业发展的若干意见',惠州市人民政府办公室,2014-03-13,现行有效,地方政府规章及文件
'关于印发《东莞市产业技术进步专项资金管理办法》的通知',东莞市人民政府办公室,2013-12-31,已失效,地方政府规章及文件
'关于印发《东莞市国家、省产业发展专项资金项目配套资助管理办法》的通知',东莞市人民政府办公室,2013-12-20,已失效,地方政府规章及文件
'惠州市人民政府办公室关于加快我市体育产业发展的实施意见',惠州市人民政府办公室,2013-12-02,现行有效,地方政府规章及文件
'关于印发《东莞生态产业园区引进项目优惠暂行办法》的通知',东莞市人民政府办公室,2013-11-26,已失效,地方政府规章及文件
'关于印发《东莞市产业转型升级基地认定和管理试行办法》的通知',东莞市人民政府办公室,2013-11-04,已失效,地方政府规章及文件
'清远市人民政府办公室关于印发《清远市主体功能区产业发展政策实施办法》的通知',清远市人民政府办公室,2013-10-31,现行有效,地方政府规章及文件
'揭阳市人民政府关于保障工业项目用地促进产业发展的意见',揭阳市人民政府,2013-09-21,现行有效,地方政府规章及文件
'关于印发《东莞市“三旧”改造产业类项目操作办法》的通知',东莞市人民政府办公室,2013-08-16,已失效,地方政府规章及文件
'广州市发展改革委、广州市国土房管局关于印发《广州市产业用地指南(2013年版)》的通知',广州市发展和改革委员会;广州市国土资源和房屋管理局,2013-08-01,现行有效,地方政府规章及文件
'关于印发《东莞市合作共建产业转移工业园工作方案》的通知',东莞市人民政府办公室,2013-07-30,现行有效,地方政府规章及文件
'关于印发东莞市镇村产业升级补贴奖励专项资金管理办法(试行)的通知',东莞市人民政府办公室,2013-06-27,已失效,地方政府规章及文件
'清远市人民政府办公室关于印发《清远市推动陶瓷产业转型升级实施办法》的通知',清远市人民政府办公室,2013-06-26,现行有效,地方政府规章及文件
'关于印发《东莞市促进LED产业发展实施办法》的通知',东莞市人民政府办公室,2013-06-08,已失效,地方政府规章及文件
'惠州市人民政府办公室关于加快我市设计产业发展的实施意见',惠州市人民政府办公室,2013-06-04,现行有效,地方政府规章及文件
'关于印发《东莞市促进玩具及文体用品产业发展和转型升级实施方案》的通知',东莞市人民政府办公室,2013-04-16,现行有效,地方政府规章及文件
'关于印发《东莞市促进纺织服装鞋帽产业发展和转型升级实施方案》的通知',东莞市人民政府办公室,2013-04-16,现行有效,地方政府规章及文件
'关于印发《东莞市促进造纸及纸制品产业发展和转型升级实施方案》的通知',东莞市人民政府办公室,2013-04-16,现行有效,地方政府规章及文件
'关于印发《东莞市促进食品饮料加工产业发展和转型升级实施方案》的通知',东莞市人民政府办公室,2013-04-16,现行有效,地方政府规章及文件
'关于印发《东莞市促进家具产业发展和转型升级实施方案》的通知',东莞市人民政府办公室,2013-04-16,现行有效,地方政府规章及文件
'揭阳市人民政府办公室关于印发揭阳市文化产业振兴规划的通知',揭阳市人民政府办公室,2013-04-08,现行有效,地方政府规章及文件
'清远市人民政府关于印发清远市加快再生金属产业转型升级实施方案的通知',清远市人民政府,2013-04-03,现行有效,地方政府规章及文件
'清远市人民政府办公室关于印发清远市加快茶叶产业发展实施方案的通知',清远市人民政府办公室,2013-03-15,现行有效,地方政府规章及文件
'关于印发《关于加快文化产业发展的若干意见》和《东莞市文化产业发展专项资金管理暂行办法》的通知',东莞市人民政府办公室,2012-10-26,已失效,地方政府规章及文件
'揭阳市人民政府办公室关于印发揭阳市加快金属产业转型升级行动计划的通知',揭阳市人民政府办公室,2012-10-26,现行有效,地方政府规章及文件
'转发《广东省人民政府关于加快发展服务外包产业意见》的通知',东莞市人民政府,2012-10-10,现行有效,地方政府规章及文件
'关于印发加快推进“三旧”改造促进产业转型升级若干意见的通知',东莞市人民政府办公室,2012-08-10,已失效,地方政府规章及文件
'关于印发《东莞市产业升级转型及创业投资引导基金管理暂行办法》的通知',东莞市人民政府办公室,2012-07-13,已失效,地方政府规章及文件
'关于扶持我市民营经济发展促进产业转型升级的意见',揭阳市人民政府,2012-06-27,现行有效,地方政府规章及文件
'关于印发《<加强科技创新推进产业结构调整升级的议案>办理方案》的通知',东莞市人民政府办公室,2012-05-23,现行有效,地方政府规章及文件
'关于印发《东莞市2012年合作共建产业转移工业园工作方案》的通知',东莞市人民政府办公室,2012-05-23,现行有效,地方政府规章及文件
'关于印发《东莞市战略性新兴产业发展“十二五”规划》的通知',东莞市人民政府办公室,2012-01-19,现行有效,地方政府规章及文件
'关于印发《东莞市实施珠江三角洲地区产业布局一体化规划2011－2012年工作方案》的通知',东莞市人民政府办公室,2011-11-24,现行有效,地方政府规章及文件
'关于印发促进优势传统产业发展和转型升级指导意见的通知',东莞市人民政府办公室,2011-11-23,现行有效,地方政府规章及文件
'关于加快培育和发展战略性新兴产业的意见',揭阳市人民政府,2010-11-23,现行有效,地方政府规章及文件
'关于促进我市纺织服装产业发展的意见',揭阳市人民政府办公室,2009-09-08,现行有效,地方政府规章及文件
'转发市质监局《关于进一步规范我市不锈钢产业加工生产的意见》的通知',揭阳市人民政府办公室,2009-01-13,现行有效,地方政府规章及文件
'关于促进我市不锈钢产业发展的意见',揭阳市人民政府,2008-11-24,现行有效,地方政府规章及文件
'印发《揭阳市承接珠三角地区产业转移规划》的通知',揭阳市人民政府办公室,2008-07-07,现行有效,地方政府规章及文件
'印发揭阳市2008年产业质量和食品安全专项整治工作方案的通知',揭阳市人民政府办公室,2008-04-16,现行有效,地方政府规章及文件
'关于促进我市产业结构调整的实施意见',揭阳市人民政府,2008-02-22,现行有效,地方政府规章及文件
'汕头经济特区现代产业用地使用权出让办法',汕头市人民政府,2016-12-03,现行有效,地方政府规章及文件
'广东省人民政府办公厅关于推进我省农村一二三产业融合发展的实施意见',广东省人民政府办公厅,2016-12-02,现行有效,地方政府规章及文件
'广东省质量技术监督局关于省级产业计量测试中心授权的管理规定(试行)',广东省质量技术监督局,2016-11-28,已失效,地方政府规章及文件
'广东省人民政府关于印发广东省促进粤东西北地区产业园区提质增效若干政策措施的通知',广东省人民政府,2016-11-25,现行有效,地方政府规章及文件
'深圳市财政委员会、深圳市经济贸易和信息化委员会关于印发《深圳市产业转型升级专项资金管理办法》的通知',深圳市财政委员会;深圳市经济贸易和信息化委员会,2016-11-22,现行有效,地方政府规章及文件
'广东省财政厅、广东省经济和信息化委关于进一步完善扶持珠江西岸先进装备制造产业发展财政政策措施的通知',广东省财政厅;广东省经济和信息化委员会,2016-11-10,现行有效,地方政府规章及文件
'广东省科学技术厅关于印发2016年度广东省产业技术创新联盟认定名单的通知',广东省科学技术厅,2016-11-10,现行有效,地方政府规章及文件
'蕉岭县人民政府办公室关于印发蕉岭县创建广东省水泥产业知名品牌示范区筹建规划的通知',梅州市蕉岭县人民政府办公室,2016-11-09,现行有效,地方政府规章及文件
'广东省经济和信息化委关于开展2016年省战略性新兴产业骨干(培育)企业申报的通知',广东省经济和信息化委员会,2016-11-02,现行有效,地方政府规章及文件
'深圳市文体旅游局关于印发《深圳市体育产业园区和基地管理暂行办法》的通知',深圳市文体旅游局,2016-10-27,已失效,地方政府规章及文件
'深圳市人民政府关于印发深圳市产业发展与创新人才奖实施办法的通知',深圳市人民政府,2016-10-26,现行有效,地方政府规章及文件
'广东省经济和信息化委关于组织申报2017年省工业和信息化发展专项资金支持省产业园扩能增效项目库的通知',广东省经济和信息化委员会,2016-10-21,现行有效,地方政府规章及文件
'深圳市人民政府关于印发工业及其他产业用地供应管理办法(试行)的通知',深圳市人民政府,2016-10-20,已失效,地方政府规章及文件
'广东省大数据管理局关于公布第一批省级大数据产业园、大数据创业创新孵化园名单的通知',广东省大数据管理局,2016-10-20,现行有效,地方政府规章及文件
'广东省人民政府办公厅转发《国务院办公厅关于石化产业调结构促转型增效益指导意见》的通知',广东省人民政府办公厅,2016-10-08,现行有效,地方政府规章及文件
'深圳市发展和改革委员会关于印发《深圳市产业结构调整优化和产业导向目录(2016年修订)》的通知',深圳市发展和改革委员会,2016-09-28,现行有效,地方政府规章及文件
'广东省人民政府关于2015年度省产业园建设管理考评情况的通报',广东省人民政府,2016-09-26,现行有效,地方政府规章及文件
'深圳市文体旅游局关于印发《深圳市体育产业园区和基地奖励操作规程》的通知',深圳市文体旅游局,2016-09-18,现行有效,地方政府规章及文件
'深圳市文体旅游局关于印发《深圳市体育产业领军企业认定奖励操作规程》的通知',深圳市文体旅游局,2016-09-18,现行有效,地方政府规章及文件
'深圳市文体旅游局关于印发《深圳市原创体育产业项目研发资助操作规程》的通知',深圳市文体旅游局,2016-09-18,现行有效,地方政府规章及文件
'广东省人民政府办公厅关于印发广东省促进医药产业健康发展实施方案的通知',广东省人民政府办公厅,2016-09-14,现行有效,地方政府规章及文件
'深圳市前海深港现代服务业合作区管理局关于印发《深圳前海深港现代服务业合作区总部企业认定及产业扶持资金申报指南》的通知',深圳市前海深港现代服务业合作区管理局,2016-09-07,现行有效,地方政府规章及文件
'梅州市人民政府关于印发梅州市推进文化创意和设计服务与相关产业融合发展行动计划(2016—2020年)的通知',梅州市人民政府,2016-09-05,现行有效,地方政府规章及文件
'博罗县人民政府关于扶持中医药产业发展实施意见',惠州市博罗县人民政府,2016-08-29,现行有效,地方政府规章及文件
'梅州市人民政府办公室关于印发梅兴华丰产业集聚带水务环保基础设施“1963”工程建设工作方案的通知',梅州市人民政府办公室,2016-08-19,现行有效,地方政府规章及文件
'关于印发紫金县加快茶产业发展促进精准脱贫工作实施方案(2016-2018年)的通知',河源市紫金县人民政府办公室,2016-08-08,现行有效,地方政府规章及文件
'关于印发紫金县加快茶产业发展促进精准脱贫工作实施方案(2016-2018年)的通知',河源市紫金县人民政府办公室,2016-08-08,现行有效,地方政府规章及文件
'深圳市文体旅游局、深圳市发展和改革委员会、深圳市财政委员会关于印发深圳市体育产业发展专项资金管理办法的通知',深圳市文体旅游局;深圳市发展和改革委员会;深圳市财政委员会,2016-07-25,现行有效,地方政府规章及文件
'关于印发《珠海市2016年新生代产业工人“圆梦计划”工作实施方案》的通知',共青团珠海市委;珠海市人力资源和社会保障局;珠海市财政局;珠海市教育局;珠海市科技和工业信息化局,2016-07-14,现行有效,地方政府规章及文件
'深圳市前海深港现代服务业合作区管理局关于印发《深圳前海深港现代服务业合作区产业投资引导基金管理暂行办法》的通知',深圳市前海深港现代服务业合作区管理局,2016-07-07,已失效,地方政府规章及文件
'深圳市人民政府办公厅印发关于促进体育产业发展若干措施的通知',深圳市人民政府办公厅,2016-07-01,现行有效,地方政府规章及文件
'蕉岭县人民政府办公室关于印发蕉岭县加快养蜂产业发展实施方案的通知',梅州市蕉岭县人民政府办公室,2016-06-27,现行有效,地方政府规章及文件
'广东省人民政府办公厅关于加快应急产业发展的实施意见',广东省人民政府办公厅,2016-06-22,现行有效,地方政府规章及文件
'广东省人民政府办公厅关于推动卫星导航应用产业发展的指导意见',广东省人民政府办公厅,2016-06-20,现行有效,地方政府规章及文件
'转发环境保护部办公厅《关于开展产业园区规划环境影响评价清单式管理试点工作的通知》',广东省环境保护厅办公室,2016-06-16,现行有效,地方政府规章及文件
'梅州市人民政府办公室关于印发广东梅兴华丰产业集聚带2016年度工作方案的通知',梅州市人民政府办公室,2016-04-16,现行有效,地方政府规章及文件
'梅州市人民政府关于印发广东梅兴华丰产业集聚带发展总体规划(2015—2030年)实施方案的通知',梅州市人民政府,2016-04-14,现行有效,地方政府规章及文件
'关于印发《汕头华侨经济文化合作试验区管理委员会关于促进华侨试验区产业发展的若干意见》的通知',汕头华侨经济文化合作试验区管理委员会,2016-03-31,已失效,地方政府规章及文件
'关于印发丰顺县加快电子商务产业发展实施意见的通知',梅州市丰顺县人民政府办公室,2016-03-23,现行有效,地方政府规章及文件
'深圳市经济贸易和信息化委员会、深圳市财政委员会关于印发《深圳市对口帮扶产业园区项目贷款贴息资金管理办法》的通知',深圳市经济贸易和信息化委员会;深圳市财政委员会,2016-01-26,已失效,地方政府规章及文件
'深圳市人民政府办公厅关于印发深圳市创新型产业用房管理办法的通知',深圳市人民政府办公厅,2016-01-09,已失效,地方政府规章及文件
'广东省经济和信息化委关于印发加快省产业转移工业园分布式光伏发电推广应用工作实施方案的通知',广东省经济和信息化委员会,2015-12-09,现行有效,地方政府规章及文件
'关于印发紫金县产业园及工业技改创新扶持专项资金股权投资方案的通知',河源市紫金县人民政府办公室,2015-12-08,现行有效,地方政府规章及文件
'广东省经济和信息化委关于印发广东省机器人产业发展专项行动计划(2015-2017年)的通知',广东省经济和信息化委员会,2015-12-03,现行有效,地方政府规章及文件
'转发《关于实施新兴产业重大工程包信息消费工程空间技术应用专项的通知》',珠海市发展和改革局,2015-11-25,现行有效,地方政府规章及文件
'广东省人民政府关于印发《广东省推进文化创意和设计服务与相关产业融合发展行动计划(2015-2020年)》的通知',广东省人民政府,2015-11-13,现行有效,地方政府规章及文件
'梅州市人民政府关于加快发展体育产业促进体育消费的实施意见',梅州市人民政府,2015-09-23,现行有效,地方政府规章及文件
'仁化县人民政府关于印发仁化县有色金属循环经济产业基地污水处理费征收管理暂行办法的通知',韶关市仁化县人民政府,2015-08-31,已失效,地方政府规章及文件
'广州市发展改革委转发《广东省发展改革委关于印发<广东省工业园区和产业集聚区集中供热实施方案(2015_2017)年>的通知》',广州市发展和改革委员会,2015-08-21,现行有效,地方政府规章及文件
'深圳市人民政府办公厅印发高新区北区产业升级改造实施方案的通知',深圳市人民政府办公厅,2015-08-07,现行有效,地方政府规章及文件
'从化市人民政府关于推进从化市“互联网+”产业发展的实施意见',从化市人民政府,2015-07-29,现行有效,地方政府规章及文件
'广东省人民政府关于加快发展体育产业促进体育消费的实施意见',广东省人民政府,2015-07-28,现行有效,地方政府规章及文件
'广州市发展改革委、广州市财政局关于印发广州市战略性新兴产业发展资金参股孵化基金管理暂行办法的通知',广州市发展和改革委员会;广州市财政局,2015-07-28,已失效,地方政府规章及文件
'深圳市前海深港现代服务业合作区管理局关于发布深圳前海深港现代服务业合作区企业所得税优惠产业认定操作指引(试行)的通告',深圳市前海深港现代服务业合作区管理局,2015-07-10,现行有效,地方政府规章及文件
'深圳市经济贸易和信息化委员会关于印发深圳市软件产业和集成电路设计产业专项资金相关操作规程的通知',深圳市经济贸易和信息化委员会,2015-07-02,现行有效,地方政府规章及文件
'深圳市人民政府办公厅关于推动新一轮技术改造加快产业转型升级的实施意见',深圳市人民政府办公厅,2015-06-03,现行有效,地方政府规章及文件
'深圳市人民政府办公厅关于印发深圳市财政产业专项资金股权投资管理办法(试行)的通知',深圳市人民政府办公厅,2015-06-01,已失效,地方政府规章及文件
'梅州市人民政府办公室关于印发梅州市政府相关职能部门委托梅州高新区(广梅产业转移园)管委会行使部分行政管理职权事项目录的通知',梅州市人民政府办公室,2015-05-29,现行有效,地方政府规章及文件
'深圳市财政委员会等部门关于印发《深圳市软件产业和集成电路设计产业专项资金管理办法》的通知',深圳市财政委员会;深圳市经济贸易和信息化委员会;深圳市发展和改革委员会;深圳市科技创新委员会,2015-05-25,已失效,地方政府规章及文件
'中共龙川县委办公室、龙川县人民政府办公室关于印发《龙川县产业园区开展严厉打击“三违四抢”行动实施方案》的通知',中共河源市龙川县委办公室;河源市龙川县人民政府办公室,2015-05-15,现行有效,地方政府规章及文件
'中共龙川县委办公室、龙川县人民政府办公室关于对深圳宝安(龙川)产业转移工业园规划范围内“三违四抢”行为制止不力实行问责制的通知',中共河源市龙川县委办公室;河源市龙川县人民政府办公室,2015-05-15,现行有效,地方政府规章及文件
'中共龙川县委、龙川县人民政府关于印发《龙川县旅游产业提升大会战实施方案》的通知',中共河源市龙川县委;河源市龙川县人民政府,2015-05-15,现行有效,地方政府规章及文件
'广东省人民政府办公厅关于促进地理信息产业发展的实施意见',广东省人民政府办公厅,2015-05-15,现行有效,地方政府规章及文件
'深圳市财政委员会等五个部门关于印发《深圳市节能环保产业发展专项资金管理暂行办法》的通知',深圳市财政委员会;深圳市发展和改革委员会;深圳市经济贸易和信息化委员会;深圳市科技创新委员会;深圳市人居环境委员会,2015-03-03,已失效,地方政府规章及文件
'深圳市前海深港现代服务业合作区管理局关于印发《深圳前海深港现代服务业合作区产业发展资金管理暂行办法》的通知',深圳市前海深港现代服务业合作区管理局,2015-02-26,已失效,地方政府规章及文件
'广东省经济和信息化委关于不再办理产业政策审核和出具相关证明的通知',广东省经济和信息化委员会,2015-02-09,现行有效,地方政府规章及文件
'广东省人民政府办公厅关于印发《珠江西岸先进装备制造产业带布局和项目规划(2015－2020年)》的通知',广东省人民政府办公厅,2015-01-26,现行有效,地方政府规章及文件
'关于印发清城区发展火龙果产业扶持实施方案的通知',清远市清城区人民政府办公室,2015-01-16,现行有效,地方政府规章及文件
'汕尾市人民政府办公室关于贯彻落实《广东省人民政府办公厅关于推动新一轮技术改造促进产业转型升级的意见》的实施意见',汕尾市人民政府办公室,2015-01-09,现行有效,地方政府规章及文件
'汕尾市人民政府办公室转发市发改局、粮食局《关于加快发展全市粮食流通产业实施意见》的通知',汕尾市人民政府办公室,2015,现行有效,地方政府规章及文件
'深圳市财政委员会、深圳市经济贸易和信息化委员会关于印发《深圳市产业转型升级专项资金暂行管理办法》的通知',深圳市财政委员会;深圳市经济贸易和信息化委员会,2014-12-26,已失效,地方政府规章及文件
'深圳市人民政府关于印发机器人、可穿戴设备和智能装备产业发展政策的通知',深圳市人民政府,2014-11-27,已失效,地方政府规章及文件
'深圳市人民政府关于印发机器人、可穿戴设备和智能装备产业发展规划(2014—2020年)的通知',深圳市人民政府,2014-11-27,现行有效,地方政府规章及文件
'广州市发展改革委、市财政局关于印发市战略性新兴产业创投引导资金参股创业投资基金管理暂行办法的通知',广州市发展和改革委员会;广州市财政局,2014-11-26,已失效,地方政府规章及文件
'广州市发展改革委、市财政局关于印发市战略性主导产业直投资金投资管理暂行办法的通知',广州市发展和改革委员会;广州市财政局,2014-11-26,已失效,地方政府规章及文件
'汕尾市人民政府办公室转发《广东省人民政府办公厅关于推动新一轮技术改造促进产业转型升级意见》的通知',汕尾市人民政府办公室,2014-10-24,现行有效,地方政府规章及文件
'广东省人民政府办公厅关于推动新一轮技术改造促进产业转型升级的意见',广东省人民政府办公厅,2014-10-12,现行有效,地方政府规章及文件
'珠海市人民政府关于重点文化项目及文化产业园区用地管理的意见',珠海市人民政府,2014-09-17,现行有效,地方政府规章及文件
'广东省经济和信息化委、广东省财政厅关于印发《广东省产业园建设管理考核评价奖励资金管理办法(2014年修订稿)》的通知',广东省经济和信息化委员会;广东省财政厅,2014-09-15,现行有效,地方政府规章及文件
'绵阳市涪城区人民政府办公室关于进一步加快软件产业园公租房建设的通知',绵阳市涪城区人民政府办公室,2014-09-03,现行有效,地方政府规章及文件
'汕尾市人民政府办公室转发《广东省人民政府办公厅关于促进节能环保产业发展意见》的通知',汕尾市人民政府办公室,2014-08-29,现行有效,地方政府规章及文件
'广东省发展改革委、广东省财政厅关于继续执行省级产业转移园行政事业性收费优惠政策的通知',广东省发展和改革委员会;广东省财政厅,2014-08-25,现行有效,地方政府规章及文件
'关于印发《紫金县产业准入目录》和《项目入园进区实施细则》的通知',河源市紫金县人民政府办公室,2014-08-11,现行有效,地方政府规章及文件
'关于印发广清产业转移园(石角园区)项目征收集体土地及地上房屋征收安置补偿方案的通知',清远市清城区人民政府办公室,2014-08-11,现行有效,地方政府规章及文件
'关于印发《广东省产业技术创新与科技金融结合专项资金管理办法》的通知',广东省财政厅;广东省科学技术厅,2014-07-30,现行有效,地方政府规章及文件
'广东省人民政府办公厅关于促进节能环保产业发展的意见',广东省人民政府办公厅,2014-07-18,现行有效,地方政府规章及文件
'广州市物价局、广州市经济贸易委员会、广州市质量技术监督局关于转发《运用价格手段促进水泥行业产业结构调整有关事项的通知》',广州市物价局;广州市经济贸易委员会;广州市质量技术监督局,2014-07-15,现行有效,地方政府规章及文件
'广州市人民政府关于印发广州市战略性主导产业发展资金管理暂行办法(2014年修订)的通知',广州市人民政府,2014-07-11,已失效,地方政府规章及文件
'从化市人民政府办公室印发关于促进重点产业发展的优惠措施的通知',从化市人民政府办公室,2014-06-22,已失效,地方政府规章及文件
'深圳市财政委员会、深圳市发展和改革委员会、深圳市经济贸易和信息化委员会、深圳市科技创新委员会关于印发《深圳市未来产业发展专项资金管理办法》的通知',深圳市财政委员会;深圳市发展和改革委员会;深圳市经济贸易和信息化委员会;深圳市科技创新委员会,2014-06-03,现行有效,地方政府规章及文件
'深圳市人民政府办公厅关于印发推进眼镜产业转型升级专项行动方案(2014—2016年)的通知',深圳市人民政府办公厅,2014-05-14,现行有效,地方政府规章及文件
'深圳市人民政府关于印发深圳节能环保产业振兴发展政策的通知',深圳市人民政府,2014-04-21,现行有效,地方政府规章及文件
'深圳市人民政府关于印发深圳节能环保产业振兴发展规划(2014—2020年)的通知',深圳市人民政府,2014-04-21,现行有效,地方政府规章及文件
'广东省发展改革委、广东省经济和信息化委关于印发广东省主体功能区产业发展指导目录的通知',广东省发展和改革委员会;广东省经济和信息化委员会,2014-04-11,现行有效,地方政府规章及文件
'广州市人民政府办公厅关于推动工业机器人及智能装备产业发展的实施意见',广州市人民政府办公厅,2014-04-03,现行有效,地方政府规章及文件
'仁化县人民政府办公室印发仁化县扶持茶叶产业发展实施办法的通知',韶关市仁化县人民政府办公室,2014-03-26,现行有效,地方政府规章及文件
'广东省人民政府办公厅关于促进光伏产业健康发展的实施意见',广东省人民政府办公厅,2014-03-05,现行有效,地方政府规章及文件
'广东省人民政府办公厅关于印发广东省产业园建设管理考核评价办法的通知',广东省人民政府办公厅,2014-01-15,现行有效,地方政府规章及文件
'关于调整江门产业转移工业园恩平园区工业投资项目“零收费”执行期限的通知',恩平市人民政府,2014-01-09,现行有效,地方政府规章及文件
'深圳市人民政府关于印发未来产业发展政策的通知',深圳市人民政府,2013-12-31,已失效,地方政府规章及文件
'深圳市人民政府关于印发深圳市生命健康产业发展规划(2013—2020年)的通知',深圳市人民政府,2013-12-30,现行有效,地方政府规章及文件
'广东省发展改革委、广东省财政厅转发《国家发展改革委办公厅、财政部办公厅关于组织做好2014年新兴产业创投计划参股创业投资基金有关工作的通知》',广东省发展和改革委员会;广东省财政厅,2013-12-30,现行有效,地方政府规章及文件
'深圳市人民政府关于印发深圳市航空航天产业发展规划(2013—2020年)的通知',深圳市人民政府,2013-12-27,现行有效,地方政府规章及文件
'广东省人民政府办公厅转发省发展改革委、粮食局《关于加快发展粮食流通产业意见》的通知',广东省人民政府办公厅,2013-12-14,现行有效,地方政府规章及文件
'印发关于落实发展战略性新兴产业推动实现跨越式发展的工作方案的通知',汕头市人民政府办公室,2013-12-11,现行有效,地方政府规章及文件
'广东省发展改革委关于印发推进我省工业园区和产业集聚区集中供热意见的通知',广东省发展和改革委员会,2013-12-02,现行有效,地方政府规章及文件
'深圳市人民政府关于印发深圳市海洋产业发展规划(2013—2020年)的通知',深圳市人民政府,2013-11-29,现行有效,地方政府规章及文件
'关于做好扶贫“双到”产业帮扶工作的通知',汕头市扶贫开发领导小组办公室,2013-10-12,现行有效,地方政府规章及文件
'深圳市人民政府印发深圳市关于进一步加快软件产业和集成电路设计产业发展若干措施的通知',深圳市人民政府,2013-10-12,现行有效,地方政府规章及文件
'深圳市发展和改革委员会关于印发《深圳市产业结构调整优化和产业导向目录(2013年本)》的通知',深圳市发展和改革委员会,2013-09-09,已失效,地方政府规章及文件
'关于进一步加强第三产业统计工作的通知',增城市人民政府办公室,2013-09-05,现行有效,地方政府规章及文件
'关于印发《关于加快我市高新技术产业发展的若干政策意见》的通知',珠海市科技工贸和信息化局,2013-08-11,现行有效,地方政府规章及文件
'珠海市人民政府关于印发珠海市进一步扶持生物医药产业发展若干政策的通知',珠海市人民政府,2013-08-07,现行有效,地方政府规章及文件
'关于印发《广东省战略性新兴产业创业投资引导基金管理暂行办法》的通知',广东省财政厅;广东省发展和改革委员会;广东省科学技术厅,2013-08-02,现行有效,地方政府规章及文件
'广东省文化厅关于文化创意产业园区(集聚区)的管理办法',广东省文化厅,2013-07-30,现行有效,地方政府规章及文件
'江门市人民政府关于印发江门市扶持战略性新兴产业(绿色光源)发展优惠办法的通知',江门市人民政府,2013-07-29,已失效,地方政府规章及文件
'广东省发展改革委、省金融办关于印发《广东省关于发展创业投资促进产业转型升级的意见》的通知',广东省发展和改革委员会;广东省人民政府金融工作办公室,2013-07-29,现行有效,地方政府规章及文件
'梅州市人民政府办公室关于印发梅州市幸福导向型产业发展指导目录的通知',梅州市人民政府办公室,2013-07-14,现行有效,地方政府规章及文件
'深圳市人民政府关于加快发展老龄服务事业和产业的意见',深圳市人民政府,2013-06-08,现行有效,地方政府规章及文件
'深圳市文体旅游局关于印发《深圳市文化创意产业园区认定办法(试行)》的通知',深圳市文体旅游局,2013-06-04,已失效,地方政府规章及文件
'关于印发《珠海市产业发展导向目录(2013年本)》的通知',珠海市发展和改革局,2013-05-16,现行有效,地方政府规章及文件
'转发省经信委、省财政厅《关于印发广东省产业结构调整专项资金技术改造项目完工评价实施细则的通知》',汕头市经济和信息化局;汕头市财政局,2013-05-13,现行有效,地方政府规章及文件
'珠海市人民政府关于加快产业转型升级打造“三高一特”现代产业体系的意见',珠海市人民政府,2013-04-25,现行有效,地方政府规章及文件
'印发汕头市文化产业发展“十二五”规划的通知',汕头市人民政府办公室,2013-04-16,现行有效,地方政府规章及文件
'转发《关于加快实施新修订药品生产质量管理规范促进医药产业升级有关问题的通知》',广东省食品药品监督管理局;广东省发展和改革委员会;广东省经济和信息化委员会;广东省卫生厅;广东省物价局,2013-04-12,现行有效,地方政府规章及文件
'梅州市人民政府关于印发梅州市鼓励扶持文化产业项目发展优惠政策的通知',梅州市人民政府,2013-04-10,现行有效,地方政府规章及文件
'梅州市人民政府办公室关于印发梅州市发展电子商务和现代物流产业三年行动计划(2013—2015年)的通知',梅州市人民政府办公室,2013-04-08,现行有效,地方政府规章及文件
'梅州市人民政府办公室关于印发梅州市信息产业发展三年行动计划(2013—2015年)的通知',梅州市人民政府办公室,2013-04-08,现行有效,地方政府规章及文件
'梅州市人民政府关于印发梅州市产业振兴三年行动计划(2013—2015年)的通知',梅州市人民政府,2013-03-25,现行有效,地方政府规章及文件
'广东省人民政府关于加快提升劳动者技能水平服务产业转型升级的意见',广东省人民政府,2013-03-18,现行有效,地方政府规章及文件
'关于进一步减免缓征省级产业转移园内企业32项行政事业性收费的通知',广东省财政厅;广东省物价局,2013-03-13,现行有效,地方政府规章及文件
'深圳市人民政府关于废止《深圳市LED产业发展规划(2009—2015年)》的通知',深圳市人民政府,2013-02-24,现行有效,地方政府规章及文件
'梅州市人民政府办公室关于印发梅州市促进设计产业发展实施办法的通知',梅州市人民政府办公室,2013-02-23,已失效,地方政府规章及文件
'珠海市人民政府关于印发珠海市产业发展与创新人才奖励办法的通知',珠海市人民政府,2013-02-21,现行有效,地方政府规章及文件
'关于印发《关于加快汕头软件园产业发展的工作意见》的通知',汕头市科学技术局,2013-02-20,现行有效,地方政府规章及文件
'珠海市人民政府关于印发珠海市“三高一特”现代产业体系规划的通知',珠海市人民政府,2013-01-31,现行有效,地方政府规章及文件
'梅州市人民政府办公室关于印发开展梅州市幸福导向型产业发展课题研究工作方案的通知',梅州市人民政府办公室,2013-01-14,现行有效,地方政府规章及文件
'深圳市人民政府办公厅关于印发创新型产业用房管理办法的通知',深圳市人民政府办公厅,2013-01-07,现行有效,地方政府规章及文件
'深圳市人民政府办公厅关于印发完善产业用地供应机制拓展产业用地空间办法的通知',深圳市人民政府办公厅,2013-01-07,现行有效,地方政府规章及文件
'深圳市人民政府办公厅关于加快发展产业配套住房的意见',深圳市人民政府办公厅,2013-01-07,现行有效,地方政府规章及文件
'深圳市人民政府关于优化空间资源配置促进产业转型升级的意见',深圳市人民政府,2013-01-07,现行有效,地方政府规章及文件
'关于进一步规范和加强高技术产业发展项目管理工作的通知',广东省发展和改革委员会,2013,现行有效,地方政府规章及文件
'广东省人民政府办公厅关于加快体育产业发展的实施意见',广东省人民政府办公厅,2012-12-26,现行有效,地方政府规章及文件
'梅州市人民政府办公室关于印发梅州市重点工业产业发展“十二五”规划的通知',梅州市人民政府办公室,2012-12-24,现行有效,地方政府规章及文件
'深圳市人民政府办公厅印发关于加强企业服务支持战略性新兴产业发展的若干措施(2012—2013年度)的通知',深圳市人民政府办公厅,2012-11-19,现行有效,地方政府规章及文件
'广州市人民政府办公厅关于进一步促进我市工业园区和产业基地发展的指导意见',广州市人民政府办公厅,2012-11-14,已失效,地方政府规章及文件
'广东省人民政府办公厅关于印发广东省先进制造业重点产业发展“十二五”规划的通知',广东省人民政府办公厅,2012-11-02,现行有效,地方政府规章及文件
'珠海市人民政府办公室关于印发珠海市鼓励服务外包产业加快发展措施的通知',珠海市人民政府办公室,2012-10-25,已失效,地方政府规章及文件
'转发《关于印发“十二五”节能环保产业发展规划的通知》',汕头市人民政府,2012-10-13,现行有效,地方政府规章及文件
'深圳市经济贸易和信息化委员会关于印发深圳市服务外包产业发展规划(2012—2015)的通知',深圳市经济贸易和信息化委员会,2012-10-10,现行有效,地方政府规章及文件
'关于公布《汕头市战略性新兴产业骨干企业认定办法》及组织申报汕头市战略性新兴产业骨干企业认定的通知',汕头市经济和信息化局,2012-09-20,现行有效,地方政府规章及文件
'印发关于加快发展柴油发动机产业若干政策的通知',珠海市人民政府办公室,2012-09-20,现行有效,地方政府规章及文件
'广州市人民政府办公厅关于印发广州市战略性新兴产业发展规划的通知',广州市人民政府办公厅,2012-09-14,现行有效,地方政府规章及文件
'佛山市人民政府转发《国务院关于印发节能与新能源汽车产业发展规划(2012—2020年)的通知》',佛山市人民政府,2012-09-03,现行有效,地方政府规章及文件
'广东省人民政府办公厅关于促进我省设计产业发展的若干意见',广东省人民政府办公厅,2012-09-02,现行有效,地方政府规章及文件
'印发仁化县有色金属循环经济产业基地申报国家循环经济教育示范基地工作方案的通知',韶关市仁化县人民政府办公室,2012-08-30,现行有效,地方政府规章及文件
'广东省人民政府转发《国务院关于印发“十二五”节能环保产业规划的通知》',广东省人民政府,2012-08-24,现行有效,地方政府规章及文件
'深圳市人民政府关于印发深圳市加快产业转型升级配套政策的通知',深圳市人民政府,2012-08-17,已失效,地方政府规章及文件
'印发广东省服装产业转型升级行动方案的通知',广东省经济和信息化委员会,2012-08-13,现行有效,地方政府规章及文件
'广东省人民政府转发《国务院关于印发节能与新能源汽车产业发展规划(2012—2020年)的通知》',广东省人民政府,2012-08-13,现行有效,地方政府规章及文件
'广东省人民政府关于加快发展服务外包产业的意见',广东省人民政府,2012-08-07,已被修订,地方政府规章及文件
'广东省人民政府办公厅关于印发广东省文化产业振兴规划(2011—2015年)的通知',广东省人民政府办公厅,2012-07-30,现行有效,地方政府规章及文件
'关于印发加快推进汕尾市传统产业转型升级实施方案的通知',汕尾市人民政府办公室,2012-06-29,现行有效,地方政府规章及文件
'转发《国务院办公厅转发知识产权局等部门关于加强战略性新兴产业知识产权工作若干意见的通知》',广东省人民政府办公厅,2012-06-29,现行有效,地方政府规章及文件
'印发肇庆市关于把文化产业培植成为支柱性产业的实施意见的通知',肇庆市人民政府,2012-05-23,现行有效,地方政府规章及文件
'关于推进我市LED产业发展的实施意见',惠州市人民政府办公室,2012-05-22,现行有效,地方政府规章及文件
'关于促进我市汽车产业发展的若干意见',惠州市人民政府办公室,2012-05-18,现行有效,地方政府规章及文件
'关于印发《汕头市传统优势产业转型升级示范企业认定管理实施办法》的通知',汕头市经济和信息化局;汕头市科学技术局;汕头市财政局,2012-05-15,现行有效,地方政府规章及文件
'印发《关于切实加强我市2012年产业转移和园区建设工作的意见》的通知',潮州市人民政府办公室,2012-05-15,现行有效,地方政府规章及文件
'关于加快我省优势传统产业转型升级的意见',广东省人民政府办公厅,2012-05-07,现行有效,地方政府规章及文件
'印发加快培育和发展我市战略性新兴产业十项措施分工方案的通知',广州市人民政府办公厅,2012-05-04,现行有效,地方政府规章及文件
'转发《国家发展改革委办公厅、财政部办公厅关于组织实施卫星及应用产业发展专项的通知》',深圳市发展和改革委员会,2012-04-28,现行有效,地方政府规章及文件
'转发《国务院办公厅关于加快发展海水淡化产业意见》的通知',广东省人民政府办公厅,2012-04-26,现行有效,地方政府规章及文件
'印发《惠州市文化产业发展第十二个五年规划》的通知',惠州市人民政府办公室,2012-04-12,现行有效,地方政府规章及文件
'关于印发云浮市第一批授权或委托由佛山(云浮)产业转移工业园管委会实施的市级管理权限事项目录的通知',云浮市人民政府,2012-04-01,现行有效,地方政府规章及文件
'印发关于加快我省环保产业发展意见的通知',广东省人民政府办公厅,2012-03-27,现行有效,地方政府规章及文件
'关于印发推动组建广东省战略性新兴产业联盟的指导意见的通知',广东省经济和信息化委员会,2012-03-20,现行有效,地方政府规章及文件
'关于印发《广东省人力资源和社会保障厅、省委组织部、省发展和改革委员会、省经济和信息化委员会、省科学技术厅、省财政厅、省知识产权局关于广东省战略性新兴产业首席专家评选的管理办法》的通知',中共广东省委组织部;广东省人力资源和社会保障厅;广东省发展和改革委员会;广东省经济和信息化委员会;广东省科学技术厅;广东省财政厅;广东省知识产权局,2012-03-19,现行有效,地方政府规章及文件
'佛山市人民政府办公室印发佛山市落实2011两岸新兴产业合作暨经济转型升级高端论坛宣示政策工作方案的通知',佛山市人民政府办公室,2012-03-19,现行有效,地方政府规章及文件
'深圳市科技创新委员会(深圳市高新技术产业园区管理委员会)、深圳市房屋租赁管理办公室关于印发《深圳经济特区高新技术产业园区协议类空置厂房调剂管理办法》的通知',深圳市科技创新委员会;深圳市房屋租赁管理办公室,2012-03-14,已失效,地方政府规章及文件
'佛山市人民政府办公室印发佛山市体育产业“十二五”规划的通知',佛山市人民政府办公室,2012-03-12,现行有效,地方政府规章及文件
'关于进一步做好国家新型工业化产业示范基地创建工作的通知',广东省经济和信息化委员会,2012-03-09,现行有效,地方政府规章及文件
'印发广东省战略性新兴产业发展“十二五”规划的通知',广东省人民政府办公厅,2012-03-06,现行有效,地方政府规章及文件
'关于印发云浮市文化事业和文化产业发展“十二五”规划的通知',云浮市人民政府办公室,2012-03-02,现行有效,地方政府规章及文件
'关于印发2012年产业政策工作要点的通知',广东省经济和信息化委员会,2012-02-13,现行有效,地方政府规章及文件
'关于印发2012年产业转移工作要点的通知',广东省经济和信息化委员会,2012-02-06,现行有效,地方政府规章及文件
'关于印发《广东省农业特色产业和民居风貌名村创建实施方案》的通知',广东省农业厅,2012-02-02,现行有效,地方政府规章及文件
'关于印发《东莞市战略性新兴产业发展“十二五”规划》的通知',东莞市人民政府办公室,2012-01-19,现行有效,地方政府规章及文件
'印发关于优先扶持产业转移重点区域重点园区重点产业发展实施意见的通知',清远市人民政府,2012-01-18,现行有效,地方政府规章及文件
'印发梅州高新技术产业园区规划区内村民建房管理办法的通知',梅州市人民政府办公室,2012-01-09,现行有效,地方政府规章及文件
'印发梅州高新技术产业园区土地和房屋征收工作暂行办法的通知',梅州市人民政府办公室,2012-01-09,现行有效,地方政府规章及文件
'关于加快培育和发展战略性新兴产业的实施意见',韶关市人民政府办公室,2012-01-09,现行有效,地方政府规章及文件
'关于印发《珠海市2011-2012年度拟转出产业分行业土地产出率指导标准》的通知',珠海市发展和改革局;珠海市科技工贸和信息化局,2011-12-30,现行有效,地方政府规章及文件
'关于印发《东莞市鼓励产业转移补助暂行办法》的通知',东莞市人民政府办公室,2011-12-29,已失效,地方政府规章及文件
'关于印发深圳新一代信息技术产业振兴发展政策的通知',深圳市人民政府,2011-12-29,现行有效,地方政府规章及文件
'关于印发深圳新一代信息技术产业振兴发展规划(2011—2015年)的通知',深圳市人民政府,2011-12-29,现行有效,地方政府规章及文件
'深圳市人民政府办公厅关于印发深圳市完善平板显示产业链实施方案(2011—2013年)的通知',深圳市人民政府办公厅,2011-12-29,现行有效,地方政府规章及文件
'印发《惠州市现代产业100强专项资金管理办法》的通知',惠州市人民政府办公室,2011-11-30,已失效,地方政府规章及文件
'关于印发《东莞市实施珠江三角洲地区产业布局一体化规划2011－2012年工作方案》的通知',东莞市人民政府办公室,2011-11-24,现行有效,地方政府规章及文件
'关于印发促进优势传统产业发展和转型升级指导意见的通知',东莞市人民政府办公室,2011-11-23,现行有效,地方政府规章及文件
'关于印发促进优势传统产业发展和转型升级指导意见的通知',东莞市人民政府办公室,2011-11-23,现行有效,地方政府规章及文件
'广东省环境保护厅印发关于进一步加强广东省铅蓄电池行业污染整治推进产业转型升级的通知',广东省环境保护厅,2011-11-11,现行有效,地方政府规章及文件
'转发省经济和信息化委《推进珠江三角洲产业布局一体化进程2011-2012年工作意见》的通知',广东省人民政府办公厅,2011-11-07,现行有效,地方政府规章及文件
'汕头经济特区现代产业用地使用权出让办法',汕头市人民政府,2011-10-31,现行有效,地方政府规章及文件
'深圳市人民政府关于加快产业转型升级的指导意见',深圳市人民政府,2011-10-28,现行有效,地方政府规章及文件
'转发《广东省高技术产业发展“十二五”规划》的通知',珠海市发展和改革局,2011-10-21,现行有效,地方政府规章及文件
'深圳市人民政府关于印发深圳文化创意产业振兴发展规划(2011—2015年)的通知',深圳市人民政府,2011-10-14,现行有效,地方政府规章及文件
'深圳市人民政府关于印发深圳文化创意产业振兴发展政策的通知',深圳市人民政府,2011-10-14,现行有效,地方政府规章及文件
'关于印发珠海市新能源汽车产业发展专项资金管理暂行办法的通知',珠海市发展和改革局;珠海市科技工贸和信息化局;珠海市财政局;珠海市交通运输局,2011-09-28,现行有效,地方政府规章及文件
'广东省经济和信息化委员会关于传统工艺美术产业保护和发展基地认定的暂行办法',广东省经济和信息化委员会,2011-09-23,现行有效,地方政府规章及文件
'深圳市人民政府关于印发深圳推进物联网产业发展行动计划(2011—2013年)的通知',深圳市人民政府,2011-09-06,现行有效,地方政府规章及文件
'关于优先扶持产业转移重点区域重点园区重点产业发展的意见',广东省人民政府,2011-08-26,现行有效,地方政府规章及文件
'深圳市财政委员会关于印发《深圳市地方特色产业中小企业发展资金管理暂行办法实施细则》的通知',深圳市财政委员会,2011-08-16,已失效,地方政府规章及文件
'关于印发从化市加快发展服务外包产业意见的通知',从化市人民政府办公室,2011-08-13,已失效,地方政府规章及文件
'关于印发龙岗区产业转型升级工作快速推进机制等3个快速推进机制及龙岗区产业转型升级责任目标体系的通知',深圳市龙岗区人民政府办公室,2011-08-10,现行有效,地方政府规章及文件
'印发河源市扶持重点产业转移工业园和重点产业发展工作方案的通知',河源市人民政府办公室,2011-08-04,现行有效,地方政府规章及文件
'关于印发深圳新材料产业振兴发展规划(2011—2015年)的通知',深圳市人民政府,2011-08-03,现行有效,地方政府规章及文件
'关于印发深圳新材料产业振兴发展政策的通知',深圳市人民政府,2011-08-03,现行有效,地方政府规章及文件
'关于印发深圳市产业发展与创新人才奖暂行办法的通知',深圳市人民政府,2011-07-26,已失效,地方政府规章及文件
'关于贯彻落实国务院部署加快培育和发展战略性新兴产业的意见',广东省人民政府,2011-07-20,现行有效,地方政府规章及文件
'关于转发科技部《创新型产业集群建设工程实施方案》并组织开展集群建设试点工作的通知',广东省科学技术厅,2011-07-15,现行有效,地方政府规章及文件
'关于进一步推进省产业转移工业园合作共建工作的指导意见',广东省人民政府,2011-07-11,现行有效,地方政府规章及文件
'印发佛山高新技术产业开发区“十二五”发展规划纲要的通知',佛山市人民政府办公室,2011-07-05,现行有效,地方政府规章及文件
'关于加快高端新型电子信息产业发展的意见',珠海市人民政府,2011-07-01,现行有效,地方政府规章及文件
'关于加快高端新型电子信息产业发展的意见',珠海市人民政府,2011-07-01,现行有效,地方政府规章及文件
'佛山市人民政府办公室关于全面推动金融创新发展促进经济产业转型升级的指导意见',佛山市人民政府办公室,2011-06-21,现行有效,地方政府规章及文件
'增城经济技术开发区、增城市人民政府关于大力发展太阳能光伏产业的实施意见',增城经济技术开发区管理委员会;增城市人民政府,2011-06-21,现行有效,地方政府规章及文件
'转发省文化厅《关于加快珠江三角洲地区文化创意产业发展的指导意见》的通知',广东省人民政府办公厅,2011-06-20,现行有效,地方政府规章及文件
'关于转发《省住建厅产业转型升级突破点工作方案的通知》',汕头市住房和城乡建设局,2011-06-17,现行有效,地方政府规章及文件
'印发《惠州市现代产业100强重点培育项目管理暂行办法》的通知',惠州市人民政府,2011-06-02,现行有效,地方政府规章及文件
'广东省软件和集成电路设计产业100强企业培育实施方案(试行)',广东省经济和信息化委员会,2011-05-20,现行有效,地方政府规章及文件
'广东省战略性新兴产业骨干企业培育和认定实施方案(修订版)',广东省经济和信息化委员会,2011-05-20,现行有效,地方政府规章及文件
'关于促进我省热带作物产业发展的意见',广东省人民政府办公厅,2011-05-11,已失效,地方政府规章及文件
'印发蕉岭县加快旅游产业发展工作方案的通知',梅州市蕉岭县人民政府办公室,2011-05-09,现行有效,地方政府规章及文件
'转发环境保护部《关于环保系统进一步推动环保产业发展的指导意见》的通知',广东省环境保护厅,2011-05-09,现行有效,地方政府规章及文件
'关于加快培育和发展战略性新兴产业的若干意见',惠州市人民政府,2011-05-05,现行有效,地方政府规章及文件
'关于促进我省电影产业繁荣发展的若干意见',广东省人民政府办公厅,2011-05-05,现行有效,地方政府规章及文件
'关于印发广州（梅州）产业转移工业园鼓励外来投资优惠办法的通知',梅州市人民政府,2011-04-28,现行有效,地方政府规章及文件
'关于加快惠州市高端新型电子信息产业发展的实施意见',惠州市人民政府,2011-04-27,现行有效,地方政府规章及文件
'中共惠州市委、惠州市人民政府关于大力推进产业转移工作后来居上的实施意见',中共惠州市委;惠州市人民政府,2011-04-12,现行有效,地方政府规章及文件
'广东省经济和信息化委关于推进珠江三角洲产业布局一体化工作的通知',广东省经济和信息化委员会,2011-04-12,现行有效,地方政府规章及文件
'印发广东省产业转移工业园升降级暂行办法的通知',广东省人民政府办公厅,2011-04-11,现行有效,地方政府规章及文件
'转发《国务院关于进一步鼓励软件产业和集成电路产业发展若干政策的通知》',广东省人民政府,2011-03-23,现行有效,地方政府规章及文件
'关于印发珠海市新能源汽车产业发展规划(2011—2020年)的通知',珠海市人民政府办公室,2011-03-17,现行有效,地方政府规章及文件
'转发省发展改革委、省财政厅《关于印发广东省战略性新兴产业专项资金新能源汽车发展项目管理办法的通知》',珠海市发展和改革局,2011-03-11,现行有效,地方政府规章及文件
'关于印发2011年促进战略性新兴产业加快发展行动方案的通知',广东省经济和信息化委员会,2011-03-10,现行有效,地方政府规章及文件
'印发关于扶持电子信息产业发展的暂行办法的通知',恩平市人民政府办公室,2011-03-09,已失效,地方政府规章及文件
'关于印发《东莞市2011年扶持共建产业转移工业园工作方案》的通知',东莞市人民政府办公室,2011-03-03,现行有效,地方政府规章及文件
'深圳市罗湖区人民政府办公室关于印发深圳市罗湖区推进互联网生物新能源产业发展实施方案的通知',深圳市罗湖区人民政府办公室,2011-02-27,现行有效,地方政府规章及文件
'关于印发2011年产业政策工作要点的通知',广东省经济和信息化委员会,2011-02-11,现行有效,地方政府规章及文件
'关于印发《东莞市促进薄膜太阳能光伏产业发展财政扶持实施细则(试行)》的通知',东莞市人民政府办公室,2011-01-26,现行有效,地方政府规章及文件
'转发省政府《关于加快培育和发展战略性新兴产业决定的通知》',惠州市人民政府,2011-01-24,现行有效,地方政府规章及文件
'关于印发《珠海市战略性新兴产业(不含新能源汽车)专项资金管理暂行办法》的通知',珠海市科技工贸和信息化局;珠海市财政局,2011-01-10,现行有效,地方政府规章及文件
'关于印发惠州大亚湾经济技术开发区扶持半导体照明节能产业发展暂行规定的通知',惠州大亚湾经济技术开发区管理委员会办公室,2011-01-10,已失效,地方政府规章及文件
'转发省农业厅《关于加快推进我省蚕桑产业发展意见》的通知',广东省人民政府办公厅,2011-01-04,已失效,地方政府规章及文件
'战略性新兴产业基地(新能源汽车)评审办法(暂行)',广东省发展和改革委员会,2011,现行有效,地方政府规章及文件
'广东省经济和信息化委产业转移工作领导小组职责分工方案',广东省经济和信息化委员会,2011,现行有效,地方政府规章及文件
'转发《关于加快汕头市电动汽车产业发展的意见》的通知',汕头市人民政府办公室,2010-12-27,现行有效,地方政府规章及文件
'关于博罗县推进优势传统产业转型升级的实施意见',惠州市博罗县人民政府办公室,2010-12-23,现行有效,地方政府规章及文件
'转发市文化广电新闻出版局《关于做大做强我市出版产业的实施意见》的通知',潮州市人民政府办公室,2010-12-15,现行有效,地方政府规章及文件
'转发《国务院关于加快培育和发展战略性新兴产业决定》的通知',广东省人民政府,2010-12-15,现行有效,地方政府规章及文件
'关于印发东莞市促进LED产业发展及应用示范若干规定的通知',东莞市人民政府,2010-12-13,已失效,地方政府规章及文件
'佛山市人民政府关于加快文化产业发展的若干意见',佛山市人民政府,2010-12-13,现行有效,地方政府规章及文件
'印发《阳东县建设现代产业体系重点工作实施方案（2010—2012年）》的通知',阳江市阳东县人民政府,2010-12-03,现行有效,地方政府规章及文件
'蕉岭县人民政府关于进一步加快旅游产业发展的若干意见',梅州市蕉岭县人民政府,2010-12-02,现行有效,地方政府规章及文件
'深圳市人民政府办公厅关于印发深圳市推进生物互联网新能源产业发展工作方案(2010—2012年)的通知',深圳市人民政府办公厅,2010-12-01,现行有效,地方政府规章及文件
'关于印发深圳市宝安区高端产业招商推介会工作方案的通知',深圳市宝安区人民政府办公室,2010-11-30,已失效,地方政府规章及文件
'关于支持惠州仲恺高新技术产业开发区建设国家创新型特色园区的若干意见',惠州市人民政府,2010-11-29,现行有效,地方政府规章及文件
'禅城区关于保障都市型战略性新兴产业建设用地的实施办法（试行）',佛山市禅城区人民政府,2010-11-26,已失效,地方政府规章及文件
'关于加快培育和发展战略性新兴产业的意见',揭阳市人民政府,2010-11-23,现行有效,地方政府规章及文件
'印发金平区关于进一步扶持高新技术产业发展的若干意见的通知',汕头市金平区人民政府办公室,2010-11-13,现行有效,地方政府规章及文件
'关于进一步推进产业转移工作的若干意见',广东省人民政府办公厅,2010-11-09,现行有效,地方政府规章及文件
'印发梅州市推进LED产业发展与应用示范工作实施方案的通知',梅州市人民政府办公室,2010-10-27,现行有效,地方政府规章及文件
'印发梅州市LED产业发展规划（2010—2015年）的通知',梅州市人民政府,2010-10-27,现行有效,地方政府规章及文件
'深圳市人民政府关于印发优化产业结构加快工业经济发展方式转变的若干意见',深圳市人民政府,2010-10-25,现行有效,地方政府规章及文件
'转发省新闻出版局《关于做大做强我省出版产业意见》的通知',广东省人民政府办公厅,2010-09-29,现行有效,地方政府规章及文件
'印发广东省现代产业体系建设总体规划的通知',广东省人民政府办公厅,2010-09-28,现行有效,地方政府规章及文件
'转发省经济和信息化委《关于加快推行合同能源管理促进节能服务产业发展实施意见》的通知',广东省人民政府办公厅,2010-09-27,现行有效,地方政府规章及文件
'关于印发《中共深圳市宝安区委、深圳市宝安区人民政府关于加快转变经济发展方式强力推进产业结构调整的决定》中第（二十六）项规定的操作程序的通知',深圳市宝安区人民政府办公室,2010-09-25,现行有效,地方政府规章及文件
'关于印发加快推进我区产业结构优化升级4个配套文件的通知',深圳市龙岗区人民政府办公室,2010-09-25,现行有效,地方政府规章及文件
'关于印发武江区贫困村产业扶贫基地建设方案的通知',韶关市武江区人民政府办公室,2010-09-21,现行有效,地方政府规章及文件
'印发新会区推进广东省现代产业500强项目建设工作方案的通知',江门市新会区人民政府办公室,2010-09-21,现行有效,地方政府规章及文件
'佛山市人民政府办公室印发佛山市白酒产业发展规划和佛山市振兴白酒产业实施方案的通知',佛山市人民政府办公室,2010-08-26,现行有效,地方政府规章及文件
'佛山市人民政府办公室印发佛山市产业结构调整指导意见和佛山市工业产业结构调整实施方案的通知',佛山市人民政府办公室,2010-08-13,现行有效,地方政府规章及文件
'关于印发台山清洁能源(核电)装备产业园投资项目暂行优惠办法的通知',台山市人民政府办公室,2010-08-10,已失效,地方政府规章及文件
'关于印发台山市推进绿色(半导体)光源产业发展实施方案的通知',台山市人民政府办公室,2010-08-04,现行有效,地方政府规章及文件
'印发《深圳（汕尾）产业转移工业园利益分配暂行办法》的通知',汕尾市人民政府办公室,2010-08-03,现行有效,地方政府规章及文件
'印发《珠江三角洲产业布局一体化规划(2009-2020年)》的通知',广东省人民政府办公厅,2010-07-30,现行有效,地方政府规章及文件
'关于公布实施《关于推进市区产业“退二进三”房改造工作中临时建设工程有关规划管理要求的通知》的通知',广州市规划局,2010-07-26,已失效,地方政府规章及文件
'广东省产业转移工业园管理办法',广东省经济和信息化委员会,2010-07-14,现行有效,地方政府规章及文件
'关于印发东莞石碣（兴宁）产业转移工业园节能规划的通知',兴宁市人民政府办公室,2010-07-12,现行有效,地方政府规章及文件
'关于加快我市产业转移工业园区开发建设的意见',惠州市人民政府,2010-07-08,现行有效,地方政府规章及文件
'转发县纪委、县监察局《关于开展我县建设现代产业体系、提高自主创新能力专项检查工作实施方案》的通知',中共河源市紫金县委办公室;河源市紫金县人民政府办公室,2010-07-08,现行有效,地方政府规章及文件
'印发《深圳（潮州）产业转移工业园进园企业贷款贴息专项资金管理办法》的通知',潮州市人民政府,2010-07-06,现行有效,地方政府规章及文件
'转发市汾江办、经贸局《佛山市汾江河流域产业转型升级研究报告》的通知',佛山市人民政府办公室,2010-07-01,现行有效,地方政府规章及文件
'广东省林业局关于加快林业产业发展的指导意见',广东省林业局,2010-06-29,现行有效,地方政府规章及文件
'广东省国土资源厅关于加强现代产业“500强”项目用地保障工作的通知',广东省国土资源厅,2010-06-28,现行有效,地方政府规章及文件
'中共清远市委、清远市人民政府关于加快高新技术产业开发区发展的意见',中共清远市委;清远市人民政府,2010-06-25,现行有效,地方政府规章及文件
'关于印发广东省高新技术产业开发区考核办法的通知',广东省科学技术厅;广东省统计局,2010-06-18,现行有效,地方政府规章及文件
'批转区档案局《关于做好武江区产业转移工业园区企业档案工作意见》的通知',韶关市武江区人民政府,2010-06-08,现行有效,地方政府规章及文件
'关于印发2010年加快建设现代产业体系行动计划的通知',广东省经济和信息化委员会,2010-06-02,现行有效,地方政府规章及文件
'印发《深圳（潮州）产业转移工业园招商引资管理办法》的通知',潮州市人民政府,2010-05-31,已失效,地方政府规章及文件
'印发国家新型工业化产业示范基地（佛山）规划实施方案（2010-2012年）的通知',佛山市人民政府办公室,2010-05-28,现行有效,地方政府规章及文件
'印发国家新型工业化产业示范基地（佛山）规划（2010-2012年）的通知',佛山市人民政府办公室,2010-05-28,现行有效,地方政府规章及文件
'关于印发广州（梅州）产业转移工业园二期（兴宁区域）征地拆迁补偿安置方案的通知',兴宁市人民政府,2010-05-25,现行有效,地方政府规章及文件
'印发博罗县建设珠三角地区重要的精细化工产业基地工作方案的通知',惠州市博罗县人民政府办公室,2010-05-14,现行有效,地方政府规章及文件
'关于印发《广东省高新技术产业开发区认定申报暂行办法》的通知',广东省科学技术厅;广东省发展和改革委员会;广东省国土资源厅;广东省住房和城乡建设厅,2010-05-07,现行有效,地方政府规章及文件
'关于潮安县特色产业基地征地拆迁有关事项的通告',潮州市潮安县人民政府,2010-04-23,现行有效,地方政府规章及文件
'印发博罗县建设广东省中医药产业基地实施方案的通知',惠州市博罗县人民政府办公室,2010-04-12,现行有效,地方政府规章及文件
'关于印发《广东省高新技术产业开发区发展引导专项资金管理办法》的通知',广东省科学技术厅,2010-03-31,现行有效,地方政府规章及文件
'中共深圳市宝安区委、深圳市宝安区人民政府关于加快转变经济发展方式强力推进产业结构调整的决定',中共深圳市宝安区委;深圳市宝安区人民政府,2010-03-31,现行有效,地方政府规章及文件
'佛山市人民政府办公室印发佛山市2010年产业转移工作方案的通知',佛山市人民政府办公室,2010-03-31,已失效,地方政府规章及文件
'印发博罗县建设珠三角地区重要的新能源和电子信息产业基地工作方案的通知',惠州市博罗县人民政府办公室,2010-03-25,现行有效,地方政府规章及文件
'印发博罗县建设珠三角地区重要的新能源和电子信息产业基地工作方案的通知',惠州市博罗县人民政府办公室,2010-03-25,现行有效,地方政府规章及文件
'关于加强广东省产业转移综合管理信息系统管理工作的通知',广东省经济和信息化委员会,2010-03-19,现行有效,地方政府规章及文件
'关于促进我市纺织服装产业发展的意见',揭阳市人民政府办公室,2009-09-08,现行有效,地方政府规章及文件
'转发市质监局《关于进一步规范我市不锈钢产业加工生产的意见》的通知',揭阳市人民政府办公室,2009-01-13,现行有效,地方政府规章及文件
'关于促进我市不锈钢产业发展的意见',揭阳市人民政府,2008-11-24,现行有效,地方政府规章及文件
'关于促进我市产业结构调整的实施意见',揭阳市人民政府,2008-02-22,现行有效,地方政府规章及文件
'印发《揭阳市承接珠三角地区产业转移规划》的通知',揭阳市人民政府办公室,2008-07-07,现行有效,地方政府规章及文件
'印发揭阳市2008年产业质量和食品安全专项整治工作方案的通知',揭阳市人民政府办公室,2008-04-16,现行有效,地方政府规章及文件
'转发省政府办公厅《转发省经济和信息化委关于促进再生资源产业健康发展意见的通知》',汕尾市人民政府办公室,2010-03-15,现行有效,地方政府规章及文件
'关于印发2010年促进传统产业转型升级行动计划的通知',广东省经济和信息化委员会,2010-03-15,现行有效,地方政府规章及文件
'佛山市人民政府办公室印发珠江三角洲地区产业布局一体化规划——佛山规划（2010-2020年）的通知',佛山市人民政府办公室,2010-03-08,现行有效,地方政府规章及文件
'转发省经济和信息化委《关于促进再生资源产业健康发展意见》的通知',广东省人民政府办公厅,2010-02-24,现行有效,地方政府规章及文件
'关于印发广州（梅州）产业转移工业园驻外专业招商队伍工作制度的通知',梅州市人民政府办公室,2010-02-21,现行有效,地方政府规章及文件
'中共惠州市委办公室、惠州市人民政府办公室关于印发《惠州仲恺高新技术产业开发区扩大管理范围和管理权限工作方案》的通知',中共惠州市委办公室;惠州市人民政府办公室,2010-02-11,已失效,地方政府规章及文件
'中共惠州市委、惠州市人民政府关于进一步推动惠州仲恺高新技术产业开发区发展的决定',中共惠州市委;惠州市人民政府,2010-02-11,现行有效,地方政府规章及文件
'关于印发2010年产业政策工作要点的通知',广东省经济和信息化委员会,2010-02-09,现行有效,地方政府规章及文件
'关于印发2010年产业转移工作要点的通知',广东省经济和信息化委员会,2010-02-08,现行有效,地方政府规章及文件
'转发珠海市人民政府办公室《关于转发珠海市加快发展游艇产业若干政策的通知》',珠海市地方税务局,2010-01-25,现行有效,地方政府规章及文件
'中共深圳市龙岗区委员会、深圳市龙岗区人民政府关于推进产业结构调整促进产业转型升级的决定',中共深圳市龙岗区委;深圳市龙岗区人民政府,2010-01-18,现行有效,地方政府规章及文件
'转发《国家发展改革委关于加快国家高技术产业基地发展指导意见》的通知',广州市发展和改革委员会,2010-01-15,现行有效,地方政府规章及文件
'关于加快我市油茶产业发展的实施意见',兴宁市人民政府,2010-01-12,现行有效,地方政府规章及文件
'转发《关于加强合作支持现代粮食流通产业发展的通知》',广州市粮食局;中国农业发展银行广东省分行营业部,2010-01-06,现行有效,地方政府规章及文件
'光明新区LED产业特色园区管理暂行办法',深圳市光明新区管理委员会办公室,2010,现行有效,地方政府规章及文件
'转发《国家发展改革委办公厅、国家中医药管理局办公室关于组织实施现代中药高技术产业发展专项的通知》',广东省发展和改革委员会,2009-12-31,现行有效,地方政府规章及文件
'深圳市人民政府关于印发深圳新能源产业振兴发展政策的通知',深圳市人民政府,2009-12-30,现行有效,地方政府规章及文件
'深圳市人民政府关于印发深圳新能源产业振兴发展规划(2009-2015年)的通知',深圳市人民政府,2009-12-30,现行有效,地方政府规章及文件
'深圳互联网产业振兴发展政策的通知',深圳市人民政府,2009-12-28,现行有效,地方政府规章及文件
'深圳互联网产业振兴发展规划',深圳市人民政府,2009-12-28,现行有效,地方政府规章及文件
'转发《工业和信息化部关于抑制产能过剩和重复建设引导水泥、平板玻璃产业健康发展意见的通知》',广东省经济和信息化委员会,2009-12-24,现行有效,地方政府规章及文件
'关于印发梅州市水泥产业发展规划（2009年修订本）的通知',梅州市人民政府办公室,2009-12-22,现行有效,地方政府规章及文件
'关于转发《珠海市加快发展游艇产业若干政策》的通知',珠海市人民政府办公室,2009-12-15,现行有效,地方政府规章及文件
'关于扶持TCL、德赛、华阳等大企业集团和优势企业产业升级的意见',惠州市人民政府办公室,2009-12-01,现行有效,地方政府规章及文件
'关于印发江门产业转移工业园恩平园区产业准入条件的通知',恩平市人民政府办公室,2009-11-24,现行有效,地方政府规章及文件
'转发《国务院批转发展改革委等部门关于抑制部分行业产能过剩和重复建设引导产业健康发展若干意见的通知》',广东省人民政府,2009-11-13,现行有效,地方政府规章及文件
'转发《关于扶持动漫产业发展有关税收政策问题的通知》',广州市财政局;广州市国家税务局;广州市地方税务局,2009-11-11,现行有效,地方政府规章及文件
'印发江门产业转移工业园恩平园区工程建设项目管理办法（修订稿）的通知',恩平市人民政府办公室,2009-11-11,现行有效,地方政府规章及文件
'中共恩平市委、恩平市人民政府关于印发《江门产业转移工业园恩平园区投资优惠试行办法》的通知',中共恩平市委;恩平市人民政府,2009-11-10,已失效,地方政府规章及文件
'关于印发《东莞市推进LED产业发展与应用示范工作实施方案》和《东莞市半导体照明应用工程产品检测与评估方案》的通知',东莞市人民政府办公室,2009-11-03,现行有效,地方政府规章及文件
'转发广东省财政厅、广东省国家税务局、广东省地方税务局《财政部、国家税务总局关于扶持动漫产业发展有关税收政策问题的通知》',珠海市地方税务局,2009-10-26,现行有效,地方政府规章及文件
'关于印发江门市促进高新技术产业开发区LED产业发展暂行优惠办法的通知',江门市人民政府,2009-10-20,现行有效,地方政府规章及文件
'佛山市三水区关于促进新兴产业发展的实施意见',佛山市三水区人民政府,2009-10-15,现行有效,地方政府规章及文件
'关于南山湾产业园区及疏港大道建设项目征地工作纪律的通知',汕头市濠江区人民政府办公室,2009-10-13,现行有效,地方政府规章及文件
'关于进一步推进产业转移的实施意见',珠海市人民政府,2009-09-21,现行有效,地方政府规章及文件
'深圳市人民政府关于印发深圳生物产业振兴发展政策的通知',深圳市人民政府,2009-09-16,现行有效,地方政府规章及文件
'深圳市人民政府关于印发深圳生物产业振兴发展规划(2009-2015年)的通知',深圳市人民政府,2009-09-16,现行有效,地方政府规章及文件
'印发佛山市电子信息产业规划（2009-2012）的通知',佛山市人民政府办公室,2009-09-08,现行有效,地方政府规章及文件
'印发关于依托银洲湖纸业基地加快打造千亿造纸产业实施方案的通知',江门市人民政府办公室,2009-09-07,现行有效,地方政府规章及文件
'深圳市人民政府关于加快环保产业创新发展的若干意见',深圳市人民政府,2009-09-03,现行有效,地方政府规章及文件
'关于印发东莞石碣（兴宁）产业转移工业园招商引资办法的通知',兴宁市人民政府,2009-09-01,现行有效,地方政府规章及文件
'印发濠江区关于做大做强工艺饰品产业工作方案的通知',汕头市濠江区人民政府办公室,2009-08-31,现行有效,地方政府规章及文件
'深圳市人民政府办公厅关于印发深圳市促进产业有序转移行动方案(试行)(2009-2012年)的通知',深圳市人民政府办公厅,2009-08-26,现行有效,地方政府规章及文件
'深圳市人民政府关于印发深圳高新技术产业园区发展专项规划(2009-2015年)的通知',深圳市人民政府,2009-08-21,现行有效,地方政府规章及文件
'关于印发广州（梅州）产业转移工业园招商引资奖励办法的通知',梅州市大埔县人民政府办公室,2009-08-14,已失效,地方政府规章及文件
'转发省信息产业厅《关于促进第三代移动通信产业发展若干意见》的通知',广东省人民政府办公厅,2009-08-07,现行有效,地方政府规章及文件
'关于印发云浮市打造百亿石材产业集群实施方案的通知',云浮市人民政府,2009-08-07,现行有效,地方政府规章及文件
'关于印发肇庆市华南再生资源产业基地项目招商办法的通知',肇庆市广宁县人民政府办公室,2009-08-04,现行有效,地方政府规章及文件
'关于印发江门产业转移工业园恩平园区发展资金绩效评价操作办法（试行）的通知',恩平市人民政府办公室,2009-08-04,现行有效,地方政府规章及文件
'关于印发云浮市打造百亿水泥产业集群实施方案的通知',云浮市人民政府,2009-07-31,现行有效,地方政府规章及文件
'关于印发云浮市打造百亿电力产业集群实施方案的通知',云浮市人民政府,2009-07-31,现行有效,地方政府规章及文件
'关于印发广宁县高新产业园项目招商办法的通知',肇庆市广宁县人民政府办公室,2009-07-31,现行有效,地方政府规章及文件
'广东省物价局关于对省级产业转移园企业经营服务性收费实行优惠政策的通知',广东省物价局,2009-07-27,已失效,地方政府规章及文件
'深圳市人民政府办公厅关于印发深圳市重大产业项目招商引资绩效考核办法的通知',深圳市人民政府办公厅,2009-07-27,现行有效,地方政府规章及文件
'关于印发云浮市打造百亿不锈钢制品产业集群实施方案的通知',云浮市人民政府,2009-07-21,现行有效,地方政府规章及文件
'关于印发云浮市打造百亿硫化工产业集群实施方案的通知',云浮市人民政府,2009-07-21,现行有效,地方政府规章及文件
'印发关于推动江门市区电镀行业产业结构调整优化升级统一定点工作方案的通知',江门市人民政府办公室,2009-07-18,现行有效,地方政府规章及文件
'转发县农业局关于《怀集县发展生猪产业项目贷款贴息实施意见》的通知',肇庆市怀集县人民政府办公室,2009-07-10,现行有效,地方政府规章及文件
'印发关于促进珠海市服务外包产业发展的若干措施实施细则的通知',珠海市服务外包发展领导小组,2009-07-10,已失效,地方政府规章及文件
'转发省政府《关于抓好产业转移园建设加快产业转移步伐意见》的通知',东莞市人民政府,2009-07-09,现行有效,地方政府规章及文件
'印发《关于充分发挥工商职能作用全力支持全省产业转移和劳动力转移的意见》的通知',广东省工商行政管理局,2009-07-07,现行有效,地方政府规章及文件
'转发《关于扶持新型显示器件产业发展有关进口税收优惠政策的通知》',东莞市财政局,2009-07-06,现行有效,地方政府规章及文件
'关于江门产业转移工业园恩平园区报建审批问题的通知',恩平市人民政府办公室,2009-07-05,现行有效,地方政府规章及文件
'转发市信息产业局《关于加强我市政府门户网站建设意见》的通知',江门市人民政府办公室,2009-06-29,现行有效,地方政府规章及文件
'印发江门产业转移工业园恩平园区管理委员会（市投资服务中心）主要职责内设机构和人员编制规定的通知',恩平市人民政府办公室,2009-06-25,现行有效,地方政府规章及文件
'深圳市人民政府关于印发深圳市现代产业体系总体规划(2009-2015年)的通知',深圳市人民政府,2009-06-24,现行有效,地方政府规章及文件
'关于印发《龙岗区经济发展资金(文化产业类)管理暂行办法实施细则》的通知',深圳市龙岗区人民政府办公室,2009-06-22,现行有效,地方政府规章及文件
'深圳市交通局、深圳市财政局关于印发《深圳港航产业发展财政资助资金管理办法》的通知',深圳市交通局;深圳市财政局,2009-06-22,已失效,地方政府规章及文件
'关于抓好产业转移园建设加快产业转移步伐的意见',广东省人民政府,2009-06-16,现行有效,地方政府规章及文件
'广东省物价局、广东省财政厅关于省级产业转移园企业免缴14项行政事业性收费的通知',广东省物价局;广东省财政厅,2009-06-16,已失效,地方政府规章及文件
'关于印发加快推进我市信息产业重大项目建设实施意见的通知',东莞市人民政府,2009-06-15,现行有效,地方政府规章及文件
'转发珠海市人民政府印发关于促进珠海市服务外包产业发展若干措施的通知',珠海市地方税务局,2009-06-10,现行有效,地方政府规章及文件
'印发从化市汽车及零部件产业基地发展规划的通知',从化市人民政府,2009-06-05,现行有效,地方政府规章及文件
'印发广州市建设现代产业体系规划纲要(2009—2015年)的通知',广州市人民政府,2009-05-28,现行有效,地方政府规章及文件
'关于印发《农业产业园建设工程预防职务犯罪工作方案》的通知',东莞市农业局,2009-05-22,现行有效,地方政府规章及文件
'转发省农业厅《关于印发<广东省现代农业产业技术体系建设技术依托单位和专家遴选办法(试行)>》的通知',东莞市农业局办公室,2009-05-20,现行有效,地方政府规章及文件
'印发江门产业转移工业园恩平园区投资优惠政策的通知',恩平市人民政府办公室,2009-05-19,现行有效,地方政府规章及文件
'印发佛山市文化产业发展规划（2008-2020年）的通知',佛山市人民政府办公室,2009-05-18,现行有效,地方政府规章及文件
'广东省信息产业厅关于开展清理违法使用对讲机专项行政执法活动的通告',广东省信息产业厅,2009-05-13,现行有效,地方政府规章及文件
'关于加快建设现代产业体系的指导意见',佛山市高明区人民政府,2009-05-08,现行有效,地方政府规章及文件
'关于印发第五届中国(深圳)国际文化产业博览交易会公共卫生保障工作方案的通知',深圳市卫生局,2009-05-04,现行有效,地方政府规章及文件
'关于印发加强污染企业整治促进产业结构转型升级意见的通知',东莞市人民政府办公室,2009-04-30,现行有效,地方政府规章及文件
'印发关于促进珠海市服务外包产业发展若干措施的通知',珠海市人民政府,2009-04-27,已失效,地方政府规章及文件
'转发市经贸局《关于促进汽车产业发展意见》的通知',东莞市人民政府办公室,2009-04-21,现行有效,地方政府规章及文件
'印发佛山市“3+9”特色产业基地实施方案的通知',佛山市人民政府办公室,2009-04-21,现行有效,地方政府规章及文件
'关于印发加快信息化与工业化融合促进我市电子信息产业升级发展实施意见的通知',东莞市人民政府办公室,2009-04-20,现行有效,地方政府规章及文件
'印发关于促进从化市动漫产业发展的优惠办法的通知',从化市人民政府,2009-04-08,现行有效,地方政府规章及文件
'关于进一步加强省星火技术产业带建设与管理的通知',广东省科学技术厅,2009-04-03,现行有效,地方政府规章及文件
'关于印发《佛山禅城(阳东万象)产业转移工业园鼓励企业加快投资建厂实施办法》的通知',阳江市阳东县人民政府,2009-04-01,现行有效,地方政府规章及文件
'深圳市发展和改革局关于印发《深圳市产业结构调整优化和产业导向目录(2009年修订)》的通知',深圳市发展和改革局,2009-03-23,已失效,地方政府规章及文件
'关于印发梅江区建设绿色现代产业基地工作方案的通知',中共梅州市梅江区委;梅州市梅江区人民政府,2009-03-18,现行有效,地方政府规章及文件
'深圳市人民政府关于印发深圳市加快邮轮游艇产业发展若干措施的通知',深圳市人民政府,2009-03-17,现行有效,地方政府规章及文件
'印发《广东省现代农业产业技术体系建设实施方案(试行)》的通知',广东省农业厅,2009-03-16,现行有效,地方政府规章及文件
'深圳市人民政府关于印发深圳市LED产业发展规划(2009—2015年)的通知',深圳市人民政府,2009-03-07,已失效,地方政府规章及文件
'深圳市人民政府关于印发深圳市促进半导体照明产业发展若干措施的通知',深圳市人民政府,2009-03-07,现行有效,地方政府规章及文件
'关于组织实施彩电产业战略转型产业化专项的通知',深圳市发展和改革局,2009-02-23,现行有效,地方政府规章及文件
'关于印发佛山市高明区创意产业发展实施方案的通知',佛山市高明区人民政府办公室,2009-02-20,现行有效,地方政府规章及文件
'关于印发《阳江市使用省示范性产业转移园区竞争性扶持资金管理办法》的通知',阳江市人民政府,2009-02-18,现行有效,地方政府规章及文件
'关于印发推进珠海市产业转移实施方案的通知',珠海市人民政府办公室,2009-02-10,现行有效,地方政府规章及文件
'关于做好2009年高技术产业专项项目储备工作的通知',珠海市发展和改革委员会,2009-02-05,现行有效,地方政府规章及文件
'转发省经贸委省财政厅《关于编制广东省建设现代产业体系技术改造技术创新滚动计划(2009-2012年)的通知》的通知',汕头市经济贸易局;汕头市财政局,2009-01-24,现行有效,地方政府规章及文件
'关于下达广州市平板显示产业财政扶持项目资金管理办法的通知',广州市信息化办公室;广州市财政局,2009-01-23,现行有效,地方政府规章及文件
'关于印发《东莞市促进软件产业发展的若干规定》的通知',东莞市人民政府办公室,2009-01-15,现行有效,地方政府规章及文件
'中共阳江市委、阳江市人民政府关于加快建设现代产业体系的实施意见',中共阳江市委;阳江市人民政府,2009-01-14,现行有效,地方政府规章及文件
'关于印发《东莞市产业结构调整规划（2008—2017）》的通知',东莞市人民政府,2009-01-13,现行有效,地方政府规章及文件
'关于印发《东莞市产业导向目录（2008年本）》的通知',东莞市人民政府,2009-01-13,现行有效,地方政府规章及文件
'关于印发《东莞市产业导向目录(2008年本)》的通知',东莞市人民政府,2009-01-13,现行有效,地方政府规章及文件
'关于印发《东莞市产业结构调整规划(2008一2017)》的通知',东莞市人民政府,2009-01-13,现行有效,地方政府规章及文件
'深圳市罗湖区人民政府办公室关于印发《深圳市罗湖区产业发展专项资金管理暂行办法》的通知',深圳市罗湖区人民政府办公室,2009-01-12,现行有效,地方政府规章及文件
'关于印发佛山市高明区产业转移实施方案的通知',佛山市高明区人民政府办公室,2009-01-08,现行有效,地方政府规章及文件
'关于印发《佛山市高明区产业转移规划（2008~2012年）》的通知',佛山市高明区人民政府办公室,2009-01-08,现行有效,地方政府规章及文件
'关于印发龙岗区加快文化产业发展暂行办法的通知',深圳市龙岗区人民政府,2009,已失效,地方政府规章及文件
'转发《省委、省政府关于推进产业转移和劳动力转移的决定》的通知',中共东莞市委办公室;东莞市人民政府办公室,2008-12-31,现行有效,地方政府规章及文件
'关于印发广州市产业转移区域布局指导意见的通知',广州市经济贸易委员会,2008-12-30,现行有效,地方政府规章及文件
'印发加快佛山市服务外包产业发展若干意见的通知',佛山市人民政府办公室,2008-12-30,现行有效,地方政府规章及文件
'关于印发江门产业转移工业园产业准入标准的通知',江门市人民政府办公室,2008-12-28,现行有效,地方政府规章及文件
'关于促进珠海市游艇产业发展的意见',珠海市人民政府,2008-12-26,现行有效,地方政府规章及文件
'印发江门市产业转移工业园恩平园区建设工作联席会议制度的通知',恩平市人民政府;江门市蓬江区人民政府,2008-12-26,现行有效,地方政府规章及文件
'印发江门市产业转移工业园恩平园区管理办法的通知',恩平市人民政府;江门市蓬江区人民政府,2008-12-26,现行有效,地方政府规章及文件
'关于印发深圳市宝安区传统产业技术改造与自主创新专项资金管理办法的通知',深圳市宝安区人民政府办公室,2008-12-25,已失效,地方政府规章及文件
'关于印发广州市“退二”产业基地建设管理办法的通知',广州市政府办公厅,2008-12-19,现行有效,地方政府规章及文件
'关于印发珠海市促进航空产业发展意见的通知',珠海市人民政府办公室,2008-12-11,现行有效,地方政府规章及文件
'印发佛山市电子信息产业“十一五”规划的通知',佛山市人民政府办公室,2008-12-03,已失效,地方政府规章及文件
'印发江门市产业转移工业园恩平园区建设工作方案的通知',恩平市人民政府办公室,2008-12-02,已失效,地方政府规章及文件
'关于加快建设现代产业体系的指导意见',佛山市人民政府办公室,2008-12-02,现行有效,地方政府规章及文件
'关于印发《梅江区贯彻落实市委、市政府〈关于在广州（梅州）产业转移工业园实行招商引资责任制的决定〉实施意见》的通知',中共梅州市梅江区委;梅州市梅江区人民政府,2008-11-24,现行有效,地方政府规章及文件
'印发佛山市关于加快创意产业发展指导意见的通知',佛山市人民政府办公室,2008-11-24,现行有效,地方政府规章及文件
'关于印发从化市推进产业转移和劳动力转移主要工作安排的通知',从化市人民政府办公室,2008-11-22,现行有效,地方政府规章及文件
'深圳市人民政府关于深圳市加快海洋产业发展建设海洋强市的若干意见',深圳市人民政府,2008-11-21,现行有效,地方政府规章及文件
'中共东莞市委、东莞市人民政府关于加快建设现代产业体系的实施意见',中共东莞市委;东莞市人民政府,2008-10-28,现行有效,地方政府规章及文件
'关于印发《源城区产业转移和劳动力转移目标责任考核评价试行办法》的通知',河源市源城区人民政府办公室,2008-10-27,现行有效,地方政府规章及文件
'印发江门市产业转移工业园近期工作实施方案的通知',江门市人民政府办公室,2008-10-25,现行有效,地方政府规章及文件
'广东省国家税务局、广东省信息产业厅关于进一步鼓励和加快我省软件产业发展加强软件产品增值税管理的通知',广东省国家税务局;广东省信息产业厅,2008-10-24,现行有效,地方政府规章及文件
'关于加快建设现代产业体系的实施意见',江门市人民政府,2008-10-24,现行有效,地方政府规章及文件
'中共连南瑶族自治县委、连南瑶族自治县人民政府关于推进产业转移和劳动力转移的实施意见',中共清远市连南瑶族自治县委;清远市连南瑶族自治县人民政府,2008-10-16,现行有效,地方政府规章及文件
'关于修改《深圳市工业及其他产业用地使用权出让若干规定》的决定',深圳市人民政府,2008-10-13,已被修订,地方政府规章及文件
'关于东莞市促进服务外包产业发展的意见',东莞市人民政府,2008-10-13,现行有效,地方政府规章及文件
'印发《深圳市宝安区关于进一步促进产业发展的实施办法》的通知',深圳市宝安区人民政府,2008-10-07,已失效,地方政府规章及文件
'印发《潮州市产业转移和劳动力转移目标责任考核评价试行办法》的通知',潮州市人民政府办公室,2008-10-06,现行有效,地方政府规章及文件
'印发关于科学发展我市陶瓷产业的实施意见的通知',恩平市人民政府办公室,2008-09-27,现行有效,地方政府规章及文件
'中共深圳市委、深圳市人民政府关于加快建设现代产业体系推进产业转移和劳动力转移的若干意见',中共深圳市委;深圳市人民政府,2008-09-22,已失效,地方政府规章及文件
'深圳市人民政府印发关于加强自主创新促进高新技术产业发展若干政策措施的通知',深圳市人民政府,2008-09-21,现行有效,地方政府规章及文件
'深圳市人民政府关于印发深圳市创新型产业用房建设方案的通知',深圳市人民政府,2008-09-21,现行有效,地方政府规章及文件
'关于印发《廉江市加快推进产业转移和劳动力转移的实施办法》的通知',中共廉江市委;廉江市人民政府,2008-09-18,现行有效,地方政府规章及文件
'关于印发广州(梅州)产业转移工业园吸引外来投资优惠办法的通知',梅州市人民政府,2008-09-08,现行有效,地方政府规章及文件
'关于印发深圳龙岗（汕头潮南）产业转移工业园企业（项目）入园审核与监管实施工作方案的通知',汕头市潮南区人民政府,2008-09-04,现行有效,地方政府规章及文件
'转发关于加快推进广州市产业转移和劳动力转移的实施意见的通知',广州市教育局,2008-09-01,现行有效,地方政府规章及文件
'印发关于推进从化市城区产业“退二进三”工作的意见的通知',从化市人民政府,2008-08-28,现行有效,地方政府规章及文件
'中共韶关市委、韶关市人民政府关于推进承接产业转移和劳动力转移工作的实施意见',中共韶关市委;韶关市人民政府,2008-08-26,现行有效,地方政府规章及文件
'印发大埔县关于加快陶瓷产业发展若干规定实施细则的通知',梅州市大埔县人民政府办公室,2008-08-18,现行有效,地方政府规章及文件
'中共广州市委、广州市人民政府关于加快推进广州市产业转移和劳动力转移的实施意见',中共广州市委;广州市人民政府,2008-08-16,现行有效,地方政府规章及文件
'中共惠州市委、惠州市人民政府关于推进产业转移和劳动力转移的实施意见',中共惠州市委;惠州市人民政府,2008-08-15,现行有效,地方政府规章及文件
'武江区人民政府关于推进承接产业转移工作的实施意见',韶关市武江区人民政府,2008-08-12,现行有效,地方政府规章及文件
'关于印发《深圳国家生物产业基地龙岗海洋生物产业园管理办法(试行)》的通知',深圳市龙岗区人民政府办公室,2008-08-08,现行有效,地方政府规章及文件
'关于印发《关于促进创意产业园区发展的实施意见》的通知',东莞市人民政府办公室,2008-07-31,现行有效,地方政府规章及文件
'印发中山(韶关)产业转移工业园管理办法(试行)的通知',韶关市人民政府办公室,2008-07-24,现行有效,地方政府规章及文件
'印发中山(韶关)产业转移工业园劳动就业和社会保障工作意见的通知',韶关市人民政府办公室,2008-07-24,现行有效,地方政府规章及文件
'关于加快兴宁旅游产业发展的若干意见',兴宁市人民政府办公室,2008-07-23,现行有效,地方政府规章及文件
'关于完善我市城镇职工社会保险制度推进产业和劳动力“双转移”工作的通知',阳江市人民政府,2008-07-21,现行有效,地方政府规章及文件
'关于整合资源打造中山(韶关)产业转移工业园的决定',韶关市人民政府,2008-07-21,现行有效,地方政府规章及文件
'关于梅州高新技术产业开发区管理委员会与广州(梅州)产业转移工业园管理委员会合署办公的通知',梅州市人民政府,2008-07-18,现行有效,地方政府规章及文件
'关于印发《广州(梅州)产业转移工业园企业准入条件》的通知',梅州市人民政府,2008-07-18,现行有效,地方政府规章及文件
'关于印发《关于加强土地管理增强土地保障促进全市产业结构调整升级的情况报告》的通知',东莞市人民政府办公室,2008-07-15,现行有效,地方政府规章及文件
'关于建设文化产业园区(基地)的实施意见',深圳市人民政府,2008-07-15,现行有效,地方政府规章及文件
'印发深圳市文化产业发展专项资金管理暂行办法的通知',深圳市人民政府,2008-07-14,现行有效,地方政府规章及文件
'关于加快文化产业发展若干规定的通知',深圳市人民政府,2008-07-14,现行有效,地方政府规章及文件
'深圳市高新技术产业带领导小组办公室关于印发《深圳市高新技术产业带领导小组办公室非行政许可审批和登记实施办法》的通知',深圳市高新技术产业带领导小组办公室,2008-07-07,现行有效,地方政府规章及文件
'深圳市人民政府印发关于优化政府服务促进产业发展的若干措施的通知',深圳市人民政府,2008-07-04,现行有效,地方政府规章及文件
'转发省信息产业厅、经贸委《关于加快推进我省信息化与工业化融合意见》的通知',东莞市人民政府办公室,2008-06-30,现行有效,地方政府规章及文件
'关于加强潮安县承接珠三角产业转移工业园区规划建设用地管理的通告',潮州市潮安县人民政府,2008-06-27,现行有效,地方政府规章及文件
'关于印发《广东省产业转移和劳动力转移目标责任考核评价试行办法》的通知',广东省经济贸易委员会;广东省劳动和社会保障厅,2008-06-24,现行有效,地方政府规章及文件
'关于建立佛山南海(清远阳山)产业转移工业园联席会议制度的通知',清远市人民政府;佛山市人民政府,2008-06-24,现行有效,地方政府规章及文件
'转发市经贸局《关于我市工业主要产业构成及其分布状况分析报告》的通知',东莞市人民政府办公室,2008-06-23,现行有效,地方政府规章及文件
'印发《贯彻落实省委省政府关于推进产业转移和劳动力转移的决定的实施意见》的通知',广东省工商行政管理局,2008-06-17,现行有效,地方政府规章及文件
"'印发《关于加快推进市属国有企业市区内产业""退二进三""工作实施意见》的通知'",广州市人民政府国有资产监督管理委员会;广州市财政局;广州市国土资源和房屋管理局,2008-06-12,现行有效,地方政府规章及文件
'广东省人民政府办公厅转发省信息产业厅经贸委关于加快推进我省信息化与工业化融合意见的通知',广东省人民政府办公厅,2008-06-11,现行有效,地方政府规章及文件
'关于印发佛山南海（阳山）产业转移工业园管理办法的通知',清远市阳山县人民政府办公室,2008-05-30,现行有效,地方政府规章及文件
'关于印发《广东省产业转移区域布局指导意见》的通知',广东省经济贸易委员会,2008-05-28,现行有效,地方政府规章及文件
'中共广东省委、广东省人民政府关于推进产业转移和劳动力转移的决定',中共广东省委;广东省人民政府,2008-05-24,现行有效,地方政府规章及文件
'转发江门市政府办公室《关于加快专业镇特色产业发展的工作意见的通知》',恩平市人民政府办公室,2008-05-23,现行有效,地方政府规章及文件
'印发关于构建佛山国家高新技术产业开发区管理体制方案的通知',佛山市人民政府办公室,2008-05-20,现行有效,地方政府规章及文件
'转发科学技术部《关于印发<国家高新技术产业开发区评价指标体系>的通知》',佛山市人民政府办公室,2008-05-15,现行有效,地方政府规章及文件
'印发河源市工业产业结构调整实施方案的通知',河源市人民政府办公室,2008-05-07,现行有效,地方政府规章及文件
'中共广州市委、广州市人民政府关于继续解放思想深化文化体制改革推动文化事业和文化产业加快发展的决定',中共广州市委;广州市人民政府,2008-04-28,现行有效,地方政府规章及文件
'转发信息产业部关于印发国家电子信息产业基地和产业园认定管理办法的通知',广东省信息产业厅,2008-04-28,现行有效,地方政府规章及文件
'江门市人民政府办公室印发关于加快专业镇特色产业发展的工作意见的通知',江门市人民政府办公室,2008-04-23,现行有效,地方政府规章及文件
'转发国务院办公厅、发展改革委等部门关于鼓励数字电视产业发展若干政策的通知',珠海市地方税务局,2008-04-23,现行有效,地方政府规章及文件
'佛山市人民政府办公室印发佛山市陶瓷产业扶优扶强若干政策措施的通知',佛山市人民政府办公室,2008-04-16,现行有效,地方政府规章及文件
'印发佛山市陶瓷产业发展规划（2008-2015）的通知',佛山市人民政府办公室,2008-04-16,现行有效,地方政府规章及文件
'印发佛山市陶瓷产业结构调整评价指导方案的通知',佛山市人民政府办公室,2008-04-16,现行有效,地方政府规章及文件
'广州市地方税务局关于印发鼓励自主创新发展高新技术产业地方税优惠政策指引的通知',广州市地方税务局,2008-04-10,部分失效,地方政府规章及文件
'关于推进市区产业“退二进三”工作的意见',广州市人民政府,2008-03-28,现行有效,地方政府规章及文件
'印发佛山市促进环保产业发展工作方案的通知',佛山市人民政府办公室,2008-03-25,现行有效,地方政府规章及文件
'关于印发珠三角与东西北区域工业产业结构优化升级工作意见的通知',广东省经济贸易委员会,2008-03-17,现行有效,地方政府规章及文件
'关于转发《国家发展改革委办公厅关于组织实施2008年度重大产业技术开发专项的 通知》的通知',深圳市发展和改革局,2008-02-29,现行有效,地方政府规章及文件
'关于印发2008年产业技术创新能力建设工作意见的通知',广东省经济贸易委员会,2008-02-26,现行有效,地方政府规章及文件
'关于印发《广东省发展平板显示产业财政扶持（示范生产线）资金管理办法》和《广东省发展平板显示产业财政扶持（其他项目）资金管理暂行办法》的通知',广东省信息产业厅;广东省财政局,2008-02-25,现行有效,地方政府规章及文件
'深圳市人民政府关于印发深圳市鼓励三旧改造建设文化产业园区（基地）若干措施（试行）的通知',深圳市人民政府,2008-02-15,现行有效,地方政府规章及文件
'佛山市人民政府关于转变经济发展方式加快推进产业强市战略的若干意见',佛山市人民政府,2008-02-03,现行有效,地方政府规章及文件
'印发《关于促进市区房地产业协调健康发展的实施意见》的通知',韶关市人民政府办公室,2008-01-21,现行有效,地方政府规章及文件
'深圳市人民政府文化产业发展办公室关于印发《深圳市文化产业园区和基地认定管理办法（试行）》的通知',深圳市人民政府文化产业发展办公室,2008-01-11,现行有效,地方政府规章及文件
'关于印发《东莞市产业集群发展项目经费操作规程》的通知',东莞市经济贸易局;东莞市财政局,2008-01-08,现行有效,地方政府规章及文件
'深圳市科技和信息局关于重新发布《〈关于进一步扶持高新技术产业发展的若干规定〉的实施办法》等3件规范性文件的决定',深圳市科技和信息局,2008-01-04,现行有效,地方政府规章及文件
'中共广州市委、广州市人民政府关于大力推进自主创新加快高新技术产业发展的决定',中共广州市委;广州市人民政府,2008-01-04,现行有效,地方政府规章及文件
'深圳市高新技术产业带领导小组办公室关于印发《深圳市高新技术产业带高新技术项目用地资格审查与监管办法》的通知',深圳市高新技术产业带领导小组办公室,2008-01-02,现行有效,地方政府规章及文件
'批转区经贸局关于《汕头市濠江区创建广东省工艺饰品产业集群升级示范区工作意见》的通知',汕头市濠江区人民政府,2008-01-02,现行有效,地方政府规章及文件
'中共惠东县委、惠东县人民政府关于推进产业转移和劳动力转移的实施意见',中共惠州市惠东县委;惠州市惠东县人民政府,2008,现行有效,地方政府规章及文件
'中共怀集县委、怀集县人民政府关于贯彻《中共广东省委、广东省人民政府关于推进产业转移和劳动力转移的决定》的实施意见',中共肇庆市怀集县委;肇庆市怀集县人民政府,2008,现行有效,地方政府规章及文件
'关于推进住宅产业现代化的行动方案',深圳市人民政府,2008,现行有效,地方政府规章及文件
'关于贯彻落实广东省高技术产业发展“十一五”规划的实施意见',潮州市人民政府,2007-12-27,现行有效,地方政府规章及文件
'关于印发云浮市文化事业和文化产业发展“十一五”规划的通知',云浮市人民政府办公室,2007-12-13,现行有效,地方政府规章及文件
'印发关于佛山高新技术产业开发区管理体制意见的通知',佛山市人民政府办公室,2007-12-12,现行有效,地方政府规章及文件
'关于实施《汕头市发展战略性产业及奖励企业上市专项资金实施细则》等五个实施细则的通知',汕头市产业发展引导资金审查委员会,2007-12-03,现行有效,地方政府规章及文件
'深圳市人民政府文化产业发展办公室、深圳市发展和改革局关于印发《深圳市文化产业发展“十一五”规划（2006-2010）》的通知',深圳市人民政府文化产业发展办公室;深圳市发展和改革局,2007-12-03,现行有效,地方政府规章及文件
'汕头市高新技术产业发展引导资金实施细则',汕头市产业发展引导资金审查委员会,2007-12-03,现行有效,地方政府规章及文件
'关于加快旅游产业发展的若干意见',梅州市人民政府,2007-11-27,现行有效,地方政府规章及文件
'关于加快陶瓷产业发展的若干意见',梅州市人民政府,2007-11-27,现行有效,地方政府规章及文件
'关于加快医药产业发展的若干意见',梅州市人民政府,2007-11-27,现行有效,地方政府规章及文件
'转发市经贸局关于《我市产业技术改造工作情况综述》的通知',东莞市人民政府办公室,2007-11-26,现行有效,地方政府规章及文件
'汕头市产业发展引导资金管理办法',汕头市人民政府,2007-11-14,现行有效,地方政府规章及文件
'转发市林业局《关于做强做大韶关市竹子产业意见》的通知',韶关市人民政府办公室,2007-11-05,现行有效,地方政府规章及文件
'关于批转梅州市陶瓷产业发展规划等7个重点规划的通知',梅州市人民政府办公室,2007-11-01,现行有效,地方政府规章及文件
'关于加快金融产业发展的实施意见',中共韶关市委;韶关市人民政府,2007-10-31,现行有效,地方政府规章及文件
'关于转发省发改委、省财政厅《转发国家发展改革委办公厅、财政部办公厅关于产业技术研发资金试行创业风险投资项目申报和管理相关工作的通知》的通知',珠海市发展和改革局,2007-10-25,现行有效,地方政府规章及文件
'关于印发《深圳市福田区经济发展资金扶持文化产业实施细则》的通知',中共深圳市福田区委办公室;深圳市福田区人民政府办公室,2007-10-23,现行有效,地方政府规章及文件
'深圳市工业及其他产业用地使用权出让若干规定',深圳市人民政府,2007-10-16,已失效,地方政府规章及文件
'关于印发汕头市文化事业和文化产业发展“十一五”规划的通知',汕头市人民政府办公室,2007-10-08,现行有效,地方政府规章及文件
'转发省发改委《转发国家发展改革委办公厅关于组织实施循环经济高技术产业重大专项的通知》的通知',珠海市发展和改革局,2007-09-30,现行有效,地方政府规章及文件
'转发国家发展改革委办公厅关于组织实施循环经济高技术产业重大专项的通知',珠海市科学技术局,2007-09-30,现行有效,地方政府规章及文件
'转发江门市信息产业局等单位《关于联合推进江门市农村信息化实施意见》的通知',恩平市人民政府办公室,2007-09-29,现行有效,地方政府规章及文件
'关于加快推进我市产业集群发展的意见',河源市人民政府办公室,2007-09-19,现行有效,地方政府规章及文件
'转发市财政局《关于加强部门协作落实建筑业和房地产业税收管理职责意见》的通知',从化市人民政府办公室,2007-09-18,现行有效,地方政府规章及文件
'转发市信息产业局等部门和单位关于联合推进江门市农村信息化实施意见的通知',江门市人民政府办公室,2007-09-13,现行有效,地方政府规章及文件
'关于印发佛山市高明区陶瓷产业调整提升实施方案的通知',佛山市高明区人民政府办公室,2007-09-10,现行有效,地方政府规章及文件
'印发汕尾市加快发展绿色产业经济带实施方案(2007—2011年)的通知',汕尾市人民政府办公室,2007-08-30,现行有效,地方政府规章及文件
'印发2007年汕尾市促进产业转移及规模以上工业发展奖励试行办法的通知',汕尾市人民政府办公室,2007-08-14,已失效,地方政府规章及文件
'关于印发《广州市软件和动漫产业发展资金管理暂行办法》的通知',广州市科学技术局;广州市发展和改革委员会;广州市财政局,2007-08-06,现行有效,地方政府规章及文件
'关于印发《关于促进东莞市产业转移工业园建设的实施意见》的通知',东莞市人民政府办公室,2007-08-03,现行有效,地方政府规章及文件
'关于印发《惠州市高技术产业发展项目资金管理暂行办法》的通知',惠州市财政局;惠州市发展和改革局,2007-07-31,现行有效,地方政府规章及文件
'深圳市发展和改革局关于印发《深圳市产业结构调整优化和产业导向目录(2007年本)》的通知',深圳市发展和改革局,2007-07-31,已失效,地方政府规章及文件
'梅州市人民政府关于加快电子信息产业发展的若干意见',梅州市人民政府,2007-07-28,现行有效,地方政府规章及文件
'梅州市人民政府关于加快铜产业发展的若干意见',梅州市人民政府,2007-07-28,现行有效,地方政府规章及文件
'梅州市人民政府关于加快水泥产业发展的若干意见',梅州市人民政府,2007-07-28,现行有效,地方政府规章及文件
'关于批转梅州市电子信息产业发展规划的通知',梅州市人民政府办公室,2007-07-28,现行有效,地方政府规章及文件
'关于批转梅州市铜产业发展规划的通知',梅州市人民政府办公室,2007-07-28,现行有效,地方政府规章及文件
'关于批转梅州市水泥产业发展规划的通知',梅州市人民政府办公室,2007-07-28,现行有效,地方政府规章及文件
'关于印发汕头市产业结构调整导向意见的通知',汕头市人民政府,2007-07-25,现行有效,地方政府规章及文件
'印发广东省文化产业示范基地认定暂行管理办法的通知',广东省人民政府办公厅,2007-07-24,现行有效,地方政府规章及文件
'关于印发恩平市麦克风及电声器材产业发展规划的通知',恩平市人民政府办公室,2007-07-23,现行有效,地方政府规章及文件
'印发佛山市加快第三产业发展的指导意见、佛山市第三产业重点扶持的支柱行业确定说明的通知',佛山市人民政府,2007-07-17,现行有效,地方政府规章及文件
'印发佛山市“三三三”产业发展战略龙头企业认定办法的通知',佛山市人民政府,2007-07-17,现行有效,地方政府规章及文件
'关于印发梅州市产业转移工业园招商引资奖励办法的通知',梅州市人民政府,2007-07-02,已失效,地方政府规章及文件
'印发关于加快我市产业转移工业园建设若干措施的通知',梅州市人民政府,2007-07-02,现行有效,地方政府规章及文件
'转发市经贸局《关于加强我市与周边地区产业合作意见》的通知',东莞市人民政府办公室,2007-06-14,现行有效,地方政府规章及文件
'关于促进我市产业结构调整的实施意见',肇庆市人民政府,2007-05-31,现行有效,地方政府规章及文件
'江门市人民政府办公室转发市信息产业局关于租用公用设施设置移动通信基站管理意见的通知',江门市人民政府办公室,2007-05-15,现行有效,地方政府规章及文件
'印发雷州市清理检查房地产业税费工作方案的通知',雷州市人民政府办公室,2007-05-14,已失效,地方政府规章及文件
'关于建立深圳潮州产业转移工业园联席会议制度的通知',潮州市人民政府;深圳市人民政府,2007-04-23,现行有效,地方政府规章及文件
'关于建立深圳潮州产业转移工业园联席会议制度的通知',潮州市人民政府,2007-04-20,现行有效,地方政府规章及文件
'关于转发《对外投资国别产业导向目录(三)》的通知',东莞市对外贸易经济合作局;东莞市外事侨务局;东莞市发展和改革局;东莞市民营经济发展协调办公室,2007-04-19,现行有效,地方政府规章及文件
'印发《关于积极推进广东省普通高等学校科技产业规范化建设的实施意见》的通知',广东省教育厅;广东省财政厅;广东省人事厅;广东省机构编制委员会办公室;广东省劳动和社会保障厅;广东省工商行政管理局,2007-04-13,现行有效,地方政府规章及文件
'转发省信息产业厅、省经贸委《关于进一步推进企业信息化促进经济增长方式转变意见的通知》',东莞市经济贸易局,2007-04-06,现行有效,地方政府规章及文件
'深圳市人民政府办公厅关于印发深圳市产业发展与创新人才奖暂行办法实施细则的通知',深圳市人民政府办公厅,2007-04-05,现行有效,地方政府规章及文件
'印发关于加强建筑业和房地产业税收管理的暂行办法的通知',从化市人民政府办公室,2007-03-16,现行有效,地方政府规章及文件
'转发《广东省产业集群升级示范区认定管理暂行办法》的通知',东莞市经济贸易局,2007-02-28,现行有效,地方政府规章及文件
'关于批转人民银行东莞市中心支行《关于金融支持东莞市产业集群发展的指导意见》的通知',东莞市人民政府办公室,2007-02-26,现行有效,地方政府规章及文件
'深圳市高新技术产业园区领导小组办公室关于印发《深圳市高新技术产业园区领导小组办公室申请高新技术产业园区土地和厂房及配套住房行政许可实施办法》的通知',深圳市高新技术产业园区领导小组办公室,2007-02-12,现行有效,地方政府规章及文件
'深圳市高新技术产业园区领导小组办公室、深圳市房屋租赁管理办公室关于印发《深圳经济特区高新技术产业园区协议类空置厂房调剂管理办法》的通知',深圳市高新技术产业园区领导小组办公室;深圳市房屋租赁管理办公室,2007-02-06,已失效,地方政府规章及文件
'关于加强我市与周边地区产业合作的意见',东莞市人民政府办公室,2007,现行有效,地方政府规章及文件
'关于印发《东莞市省市联动共建支柱产业升级工程工作方案》的通知',东莞市人民政府办公室,2007,现行有效,地方政府规章及文件
'转发江门市信息产业局《关于印发<江门市信息产业局电子政务项目管理试行办法>的通知》',江门市新会区人民政府办公室,2006-08-03,现行有效,地方政府规章及文件
'转发区统计局、区信息产业局关于《新会区基层统计网上直报实施方案》的通知',江门市新会区人民政府办公室,2006-07-10,现行有效,地方政府规章及文件
'深圳市罗湖区人民政府关于印发《深圳市罗湖区重点产业发展专项资金管理暂行办法》的通知',深圳市罗湖区人民政府,2006-06-26,现行有效,地方政府规章及文件
'深圳市罗湖区人民政府关于扶持罗湖区重点产业发展的若干意见',深圳市罗湖区人民政府,2006-06-26,现行有效,地方政府规章及文件
'印发龙湖区促进建筑房地产业发展若干意见的通知',汕头市龙湖区人民政府,2006-05-23,现行有效,地方政府规章及文件
'深圳市科技和信息局、深圳市财政局、深圳市发展和改革局、深圳市贸易工业局、深圳市国家税务局、深圳市地方税务局、深圳市高新技术产业园区领导小组办公室关于印发《深圳市重点软件企业认定管理办法》的通知',深圳市科技和信息局;深圳市财政局;深圳市发展和改革局;深圳市贸易工业局;深圳市国家税务局;深圳市地方税务局;深圳市高新技术产业园区领导小组办公室,2006-05-22,已失效,地方政府规章及文件
'印发关于扶持汽车零配件产业发展的优惠政策的通知',韶关市人民政府,2006-05-16,现行有效,地方政府规章及文件
'转发省政府《转发国务院关于发布实施促进产业结构调整暂行决定的通知》',东莞市人民政府,2006-05-12,现行有效,地方政府规章及文件
'中共深圳市龙岗区委、深圳市龙岗区人民政府关于加快文化产业发展的实施意见',中共深圳市龙岗区委;深圳市龙岗区人民政府,2006-05-11,现行有效,地方政府规章及文件
'转发县农业局《关于怀集县“十一五”期间加快农业主导产业发展意见》的通知',肇庆市怀集县人民政府办公室,2006-05-04,现行有效,地方政府规章及文件
'中共汕头市濠江区委、汕头市濠江区人民政府关于提高自主创新能力推动产业优化升级的决定',中共汕头市濠江区委;汕头市濠江区人民政府,2006-04-20,现行有效,地方政府规章及文件
'转发省人民政府关于转发国务院关于发布实施《促进产业结构调整暂行规定》决定的通知',梅州市人民政府,2006-04-18,现行有效,地方政府规章及文件
'印发关于推进农业产业园建设实施意见的通知',东莞市人民政府办公室,2006-04-17,现行有效,地方政府规章及文件
'印发关于推进农业产业园建设实施意见的通知',东莞市人民政府办公室,2006-04-17,现行有效,地方政府规章及文件
'深圳市龙岗区人民政府关于建设产业集聚基地的实施意见',深圳市龙岗区人民政府,2006-03-22,现行有效,地方政府规章及文件
'转发省府办《关于加强我省山区及东西两翼与珠江三角洲联手推进产业转移中环境保护工作若干意见〔试行)》的通知',东莞市人民政府办公室,2006-03-21,现行有效,地方政府规章及文件
'转发省府办《关于加强我省山区及东西两翼与珠江三角洲联手推进产业转移中环境保护工作若干意见(试行)》的通知',东莞市人民政府办公室,2006-03-21,现行有效,地方政府规章及文件
'深圳市人民政府办公厅转发省政府办公厅《转发省信息产业厅等部门关于加快电子政务建设提高政府行政效能和公共服务能力实施意见的通知》',深圳市人民政府办公厅,2006-03-14,现行有效,地方政府规章及文件
'转发深圳市人民政府《关于印发深圳市产业发展与创新人才奖暂行办法的通知》',深圳市龙岗区人民政府,2006-02-28,现行有效,地方政府规章及文件
'深圳市人民政府关于改造提升我市优势传统产业的若干意见',深圳市人民政府,2006-01-19,现行有效,地方政府规章及文件
'深圳市人民政府关于印发深圳市产业发展与创新人才奖暂行办法的通知',深圳市人民政府,2006-01-04,现行有效,地方政府规章及文件
