'中国—马来西亚钦州产业园区条例',广西壮族自治区人民代表大会常务委员会,2017-07-28,现行有效,地方性法规及文件
'广西壮族自治区人民代表大会常务委员会关于批准《富川瑶族自治县富川脐橙产业保护条例》的决定',广西壮族自治区人民代表大会常务委员会,2016-09-29,现行有效,地方性法规及文件
'巴马瑶族自治县巴马香猪产业保护条例',河池市巴马瑶族自治县人民代表大会常务委员会,2011-08-11,现行有效,地方性法规及文件
'广西壮族自治区高新技术产业开发区条例',广西壮族自治区人民代表大会常务委员会,2011-03-31,已被修订,地方性法规及文件
'关于印发《2011年南宁市总工会对各县（区）总工会、工会工作委员会、产业工会重点工作考评方案》的通知',南宁市总工会,2011-06-30,现行有效,团体规定
'中共南宁市良庆区委办公室关于印发城区党委书记储朝晖在迎接自治区卫生城市复审暨承接东部产业转移工作动员大会上的讲话的通知',中共南宁市良庆区委办公室,2007-09-20,现行有效,团体规定
'广西壮族自治区人民政府办公厅关于加快牛羊产业高质量发展助推乡村振兴的意见',广西壮族自治区人民政府办公厅,2020-12-29,现行有效,地方政府规章及文件
'广西壮族自治区人民政府办公厅关于印发促进全区中药材壮瑶药材产业高质量发展实施方案的通知',广西壮族自治区人民政府办公厅,2020-12-25,现行有效,地方政府规章及文件
'广西壮族自治区人民政府办公厅印发关于支持梧州市加快特色食品产业振兴发展若干政策的通知',广西壮族自治区人民政府办公厅,2020-11-23,现行有效,地方政府规章及文件
'广西壮族自治区人民政府办公厅关于支持柳州市加快文化旅游产业高质量发展的意见',广西壮族自治区人民政府办公厅,2020-11-02,现行有效,地方政府规章及文件
'关于印发贵州省机制砂石产业高质量发展实施方案的通知',贵州省工业和信息化厅;贵州省发展和改革委员会;贵州省自然资源厅;贵州省生态环境厅;贵州省住房和城乡建设厅;贵州省交通运输厅;贵州省水利厅;贵州省应急管理厅;贵州省卫生健康委员会;贵州省市场监督管理局;贵州省能源局,2020-10-30,现行有效,地方政府规章及文件
'关于充分运用人社政策支持全区重点产业发展的意见',宁夏回族自治区人力资源和社会保障厅,2020-10-28,现行有效,地方政府规章及文件
'重庆市人力资源和社会保障局等5个部门关于印发《重庆市支持大数据智能化产业人才发展若干政策措施》的通知',重庆市人力资源和社会保障局;重庆市教育委员会;重庆市经济和信息化委员会;重庆市财政局;重庆市大数据应用发展管理局,2020-08-12,现行有效,地方政府规章及文件
'陕西省发展和改革委员会关于发挥产业投资带动就业作用促进稳就业工作的实施意见',陕西省发展和改革委员会;陕西省人力资源和社会保障厅,2020-08-07,现行有效,地方政府规章及文件
'数字广西建设领导小组关于印发《广西壮族自治区区块链产业与应用发展规划(2020-2025年)》的通知',广西壮族自治区数字广西建设领导小组,2020-07-29,现行有效,地方政府规章及文件
'四川省人力资源和社会保障厅关于印发《四川省省级人力资源服务产业园管理办法(试行)》的通知',四川省人力资源和社会保障厅,2020-05-14,现行有效,地方政府规章及文件
'省人力资源社会保障厅关于聚焦产业发展开展职业技能培训助推脱贫攻坚的通知',贵州省人力资源和社会保障厅,2020-04-21,现行有效,地方政府规章及文件
'广西壮族自治区人民政府办公厅关于印发广西壮族自治区产业技术研究院组建方案的通知',广西壮族自治区人民政府办公厅,2020-01-23,现行有效,地方政府规章及文件
'广西壮族自治区人民政府办公厅关于促进广西茶产业高质量发展的若干意见',广西壮族自治区人民政府办公厅,2019-12-28,现行有效,地方政府规章及文件
'重庆市住房和城乡建设委员会、重庆市规划和自然资源局关于加快发展装配式建筑促进建筑产业现代化的通知',重庆市住房和城乡建设委员会;重庆市规划和自然资源局,2019-12-19,现行有效,地方政府规章及文件
'广西壮族自治区人民政府办公厅关于支持桂林市加快文化旅游产业发展的意见',广西壮族自治区人民政府办公厅,2019-11-15,现行有效,地方政府规章及文件
'柳州市人民政府办公室关于建立数字柳州信息通信基础设施会战暨5G产业发展联席会议制度的通知',柳州市人民政府办公室,2019-11-12,现行有效,地方政府规章及文件
'来宾市人民政府关于印发来宾市科技创新支撑产业高质量发展实施方案的通知',来宾市人民政府,2019-10-10,现行有效,地方政府规章及文件
'重庆市人力资源和社会保障局关于推进市级人力资源服务产业园建设的意见',重庆市人力资源和社会保障局,2019-09-30,现行有效,地方政府规章及文件
'崇左市人民政府办公室关于印发崇左市“双十双新”产业项目推进工作方案的通知',崇左市人民政府办公室,2019-09-17,现行有效,地方政府规章及文件
'柳州市人民政府关于印发《柳州市进一步支持返乡下乡人员创业创新促进农村一二三产业融合发展的实施办法》的通知',柳州市人民政府,2019-09-10,现行有效,地方政府规章及文件
'来宾市人民政府办公室关于印发来宾市国家现代农业产业园创建中央财政奖补资金项目细化方案的通知',来宾市人民政府办公室,2019-08-29,现行有效,地方政府规章及文件
'广西壮族自治区人民政府关于加快推进农业机械化和农机装备产业转型升级的实施意见',广西壮族自治区人民政府,2019-08-19,现行有效,地方政府规章及文件
'贵港市人民政府办公室关于印发贵港市现代林业产业高质量发展三年行动计划(2019-2021年)的通知',贵港市人民政府办公室,2019-07-02,现行有效,地方政府规章及文件
'贵港市人民政府办公室印发关于工业园区产业布局优化调整意见的通知',贵港市人民政府办公室,2019-07-01,现行有效,地方政府规章及文件
'广西壮族自治区人民政府关于加快大健康产业发展的若干意见',广西壮族自治区人民政府,2019-06-13,现行有效,地方政府规章及文件
'广西壮族自治区人民政府办公厅关于印发广西“双百双新”产业项目推进工作方案的通知',广西壮族自治区人民政府办公厅,2019-06-05,现行有效,地方政府规章及文件
'关于印发柳州市农业农村局系统进一步加强农业产业项目资金监管“抓系统系统抓”工作方案的通知',柳州市农业农村局,2019-06-04,现行有效,地方政府规章及文件
'来宾市人民政府关于印发来宾市实施油茶“双千”计划助推乡村产业振兴工作方案的通知',来宾市人民政府,2019-05-27,现行有效,地方政府规章及文件
'柳州市人民政府办公室关于印发柳州市电子信息产业发展规划(2018-2025年)和柳州市电子信息产业发展实施方案的通知',柳州市人民政府办公室,2019-05-10,现行有效,地方政府规章及文件
'广西壮族自治区人民政府办公厅关于印发广西现代林业产业高质量发展三年行动计划(2019-2021年)的通知',广西壮族自治区人民政府办公厅,2019-04-29,现行有效,地方政府规章及文件
'贵阳市森林生态产业资源大普查领导小组关于印发《贵阳市森林生态产业资源普查工作方案》的通知',贵阳市森林生态产业资源大普查领导小组,2019-04-29,现行有效,地方政府规章及文件
'柳州市人民政府办公室关于印发《柳州市提升质量安全推动地方特色食品产业高质量发展实施方案》的通知',柳州市人民政府办公室,2019-04-22,现行有效,地方政府规章及文件
'广西壮族自治区人民政府办公厅关于印发广西2019年产业大招商攻坚突破年活动方案的通知',广西壮族自治区人民政府办公厅,2019-03-14,现行有效,地方政府规章及文件
'柳州市人民政府关于印发柳州市加快工业设计产业发展的若干措施的通知',柳州市人民政府,2019-03-07,现行有效,地方政府规章及文件
'广西壮族自治区人民政府关于同意建立广西油茶产业发展工作联席会议制度的批复',广西壮族自治区人民政府,2019-02-01,现行有效,地方政府规章及文件
'广西壮族自治区人民政府办公厅关于进一步支持返乡下乡人员创业创新促进农村一二三产业融合发展的实施意见',广西壮族自治区人民政府办公厅,2019-01-04,现行有效,地方政府规章及文件
'柳州市人民政府关于印发《柳州市推进建筑产业现代化发展的若干措施》的通知',柳州市人民政府,2018-12-29,现行有效,地方政府规章及文件
'柳州市人民政府关于印发《广西智能制造产业园(柳州)产业发展规划》的通知',柳州市人民政府,2018-12-03,现行有效,地方政府规章及文件
'中共柳江区委办公室、柳江区人民政府办公室关于印发《柳州市柳江区创建自治区级高新技术产业开发区推进方案》的通知',中共柳州市柳江区委办公室;柳州市柳江区人民政府办公室,2018-11-28,现行有效,地方政府规章及文件
'广西壮族自治区人民政府关于实施油茶“双千”计划助推乡村产业振兴的意见',广西壮族自治区人民政府,2018-11-23,现行有效,地方政府规章及文件
'广西壮族自治区人民政府关于印发广西科技创新支撑产业高质量发展三年行动方案(2018—2020年)的通知',广西壮族自治区人民政府,2018-11-19,现行有效,地方政府规章及文件
'关于印发良庆区陵桂中药材产业示范区创建方案的通知',南宁市良庆区人民政府办公室,2018-11-15,现行有效,地方政府规章及文件
'关于印发良庆区乔板小龙虾产业示范区创建方案的通知',南宁市良庆区人民政府办公室,2018-10-18,现行有效,地方政府规章及文件
'凭祥市人民政府关于提升质量安全推动地方特色食品产业发展的实施方案',凭祥市人民政府,2018-10-18,现行有效,地方政府规章及文件
'百色市人民政府办公室关于印发百色市推进铝产业“创三品”专项行动实施方案的通知',百色市人民政府办公室,2018-10-17,现行有效,地方政府规章及文件
'桂林市人民政府办公室关于印发桂林市提升质量安全推动地方特色食品产业发展实施方案的通知',桂林市人民政府办公室,2018-09-26,现行有效,地方政府规章及文件
'广西壮族自治区人民政府办公厅关于印发广西石墨烯产业发展工作方案的通知',广西壮族自治区人民政府办公厅,2018-09-25,现行有效,地方政府规章及文件
'广西壮族自治区人民政府办公厅关于印发广西生物医药产业跨越发展实施方案的通知',广西壮族自治区人民政府办公厅,2018-09-06,现行有效,地方政府规章及文件
'桂林市人民政府办公室关于印发桂林市加快培育县域100亿元产业园区工作方案的通知',桂林市人民政府办公室,2018-08-27,现行有效,地方政府规章及文件
'南宁市人民政府关于印发南宁市新型产业技术研究机构建设与资助管理办法的通知',南宁市人民政府,2018-08-24,现行有效,地方政府规章及文件
'北海市人民政府办公室关于支持北海高新技术产业开发区建设国家创新型特色园区的若干意见',北海市人民政府办公室,2018-08-23,现行有效,地方政府规章及文件
'贺州市人民政府关于印发《贺州市促进装配式建筑产业发展的若干措施》的通知',贺州市人民政府,2018-08-20,已失效,地方政府规章及文件
'南宁市人民政府关于印发提升自主创新能力促进产业优化升级发展若干政策措施的通知',南宁市人民政府,2018-08-14,现行有效,地方政府规章及文件
'柳州市人民政府关于印发《柳州市乡村振兴产业发展基础设施公共服务能力提升三年行动计划(2018-2020年)》的通知',柳州市人民政府,2018-08-10,现行有效,地方政府规章及文件
'广西壮族自治区人民政府关于提升质量安全推动地方特色食品产业发展的实施意见',广西壮族自治区人民政府,2018-07-25,现行有效,地方政府规章及文件
'广西壮族自治区人民政府办公厅关于印发南宁高端铝产业基地建设行动计划(2018—2022年)的通知',广西壮族自治区人民政府办公厅,2018-07-24,现行有效,地方政府规章及文件
'贵港市人民政府办公室关于印发贵港市乡村振兴产业发展基础设施公共服务能力提升三年行动计划2018年度实施方案的通知',贵港市人民政府办公室,2018-07-23,现行有效,地方政府规章及文件
'百色市人民政府办公室关于印发加快推进深百产业园投资建设若干措施的通知',百色市人民政府办公室,2018-07-20,现行有效,地方政府规章及文件
'百色市人民政府关于加快发展体育产业促进体育消费的实施意见',百色市人民政府,2018-07-20,现行有效,地方政府规章及文件
'北海市人民政府办公室关于修订振兴南珠产业扶持和奖励措施的实施意见部分条款的通知',北海市人民政府办公室,2018-07-19,已失效,地方政府规章及文件
'自治区商务厅关于认定广西边贸扶贫示范产业园区的通知',广西壮族自治区商务厅,2018-07-11,现行有效,地方政府规章及文件
'贺州市人民政府办公室关于印发《贺州市装配式建筑产业发展规划(2017-2025年)》的通知',贺州市人民政府办公室,2018-07-02,现行有效,地方政府规章及文件
'桂林市人民政府办公室关于印发桂林市乡村振兴产业发展基础设施公共服务能力提升三年行动计划(2018—2020年)的通知',桂林市人民政府办公室,2018-06-26,现行有效,地方政府规章及文件
'凭祥市人民政府办公室关于印发凭祥市加快发展健身休闲产业实施方案的通知',凭祥市人民政府办公室,2018-06-25,现行有效,地方政府规章及文件
'广西壮族自治区农业厅、广西壮族自治区财政厅关于印发广西现代农业产业园建设方案的通知',广西壮族自治区农业厅;广西壮族自治区财政厅,2018-06-16,现行有效,地方政府规章及文件
'百色市人民政府办公室关于印发百色市“十三五”工业绿色发展和节能环保产业发展规划的通知',百色市人民政府办公室,2018-06-12,现行有效,地方政府规章及文件
'钦州市人民政府办公室关于印发《钦州市支持云计算及大数据产业发展暂行办法》的通知',钦州市人民政府办公室,2018-06-04,现行有效,地方政府规章及文件
'百色市人民政府办公室关于印发百色市文化产业跨越发展三年行动计划实施方案的通知',百色市人民政府办公室,2018-05-28,现行有效,地方政府规章及文件
'贵港市人民政府办公室关于印发贵港市沃柑产业三年发展规划(2018—2020)的通知',贵港市人民政府办公室,2018-05-22,现行有效,地方政府规章及文件
'自治区农业厅关于2018年自治区优势特色主导产业发展项目的实施指导意见',广西壮族自治区农业厅,2018-05-16,现行有效,地方政府规章及文件
'广西壮族自治区人民政府办公厅关于印发乡村振兴产业发展基础设施公共服务能力提升三年行动计划(2018—2020年)的通知',广西壮族自治区人民政府办公厅,2018-05-10,现行有效,地方政府规章及文件
'崇左市人民政府办公室关于印发崇左市加快发展健身休闲产业实施方案的通知',崇左市人民政府办公室,2018-05-03,现行有效,地方政府规章及文件
'钦州市人民政府办公室关于印发《钦州市社会力量参与扶贫产业开发奖励办法》的通知',钦州市人民政府办公室,2018-04-28,现行有效,地方政府规章及文件
'自治区商务厅关于印发《广西壮族自治区冷链物流产业发展规划(2018-2020年)》的通知',广西壮族自治区商务厅,2018-04-26,现行有效,地方政府规章及文件
'广西壮族自治区人民政府办公厅关于加快推进农业供给侧结构性改革大力发展粮食产业经济切实保障粮食安全的实施意见',广西壮族自治区人民政府办公厅,2018-04-15,现行有效,地方政府规章及文件
'自治区农业厅关于印发2018年“产业富民”专项活动工作要点的通知',广西壮族自治区农业厅,2018-04-12,现行有效,地方政府规章及文件
'柳州市人民政府办公室关于印发《柳州市加工贸易产业精准招商工作方案》的通知',柳州市人民政府办公室,2018-04-09,现行有效,地方政府规章及文件
'关于印发良庆区扶贫产业项目征(租)地工作实施方案的通知',南宁市良庆区人民政府办公室,2018-03-26,现行有效,地方政府规章及文件
'钦州市人民政府办公室关于印发钦州市坭兴陶产业发展2018年工作要点的通知',钦州市人民政府办公室,2018-03-23,现行有效,地方政府规章及文件
'自治区农业厅关于印发产业扶贫2018年工作要点的通知',广西壮族自治区农业厅,2018-03-22,现行有效,地方政府规章及文件
'桂林市人民政府办公室关于印发桂林市健康旅游产业发展规划(2017—2025年)的通知',桂林市人民政府办公室,2018-03-12,现行有效,地方政府规章及文件
'崇左市人民政府关于印发崇左市关于推进海峡两岸产业合作区崇左产业园建设的若干政策措施的通知',崇左市人民政府,2018-03-02,现行有效,地方政府规章及文件
'百色市人民政府关于促进加工贸易产业创新发展工作的通知',百色市人民政府,2018-02-25,现行有效,地方政府规章及文件
'贺州市人民政府办公室关于印发贺州市加快碳酸钙产业发展实施方案的通知',贺州市人民政府办公室,2018-02-12,现行有效,地方政府规章及文件
'北海市人民政府关于印发北海市加快发展康复辅助器具产业实施方案的通知',北海市人民政府,2018-02-07,现行有效,地方政府规章及文件
'南宁市邕宁区人民政府关于印发邕宁区促进旅游产业发展优惠政策及奖励办法的通知',南宁市邕宁区人民政府,2018-01-17,现行有效,地方政府规章及文件
'北海市人民政府关于加快电子信息产业发展的若干实施意见',北海市人民政府,2018-01-15,现行有效,地方政府规章及文件
'成都市人力资源和社会保障局等四部门关于印发《成都市模范劳动关系和谐企业、产业园区、社区(村)、街道(乡镇)区(市)县评价工作规程》的通知',成都市人力资源和社会保障局;成都市总工会;成都企业联合会;成都企业家协会;成都市工商业联合会,2017-12-30,现行有效,地方政府规章及文件
'北海市人民政府办公室关于印发北海市促进文化产业发展若干政策措施的通知',北海市人民政府办公室,2017-12-29,现行有效,地方政府规章及文件
'贺州市人民政府办公室关于印发《贺州市产业园区绩效考评实施细则(试行)》的通知',贺州市人民政府办公室,2017-12-28,现行有效,地方政府规章及文件
'贺州市人民政府关于印发《贺州市战略性新兴产业发展“十三五”规划》的通知',贺州市人民政府,2017-12-27,现行有效,地方政府规章及文件
'广西壮族自治区人民政府办公厅关于转发自治区工业和信息化委《广西工业新兴产业融资担保基金设立方案》的通知',广西壮族自治区人民政府办公厅,2017-12-25,现行有效,地方政府规章及文件
'贵港市人民政府办公室印发关于落实自治区促进文化产业发展若干政策措施的实施方案的通知',贵港市人民政府办公室,2017-12-22,现行有效,地方政府规章及文件
'自治区农业厅关于印发促进食用菌产业提升发展意见的通知',广西壮族自治区农业厅,2017-12-20,现行有效,地方政府规章及文件
'贺州市人民政府办公室关于印发贺州市加快文化产业发展的实施意见(试行)的通知',贺州市人民政府办公室,2017-12-19,现行有效,地方政府规章及文件
'崇左市人民政府办公室关于印发《崇左市健康产业三年专项行动计划(2017-2019)实施方案》的通知',崇左市人民政府办公室,2017-12-01,现行有效,地方政府规章及文件
'南宁市人民政府办公厅关于印发南宁市健康产业三年专项行动实施方案(2017—2019年)的通知',南宁市人民政府办公厅,2017-11-22,现行有效,地方政府规章及文件
'广西壮族自治区人民政府办公厅关于印发南珠产业标准化示范基地建设总体方案的通知',广西壮族自治区人民政府办公厅,2017-11-14,现行有效,地方政府规章及文件
'广西壮族自治区人民政府办公厅关于印发广西冶金产业二次创业实施方案(2017—2025年)的通知',广西壮族自治区人民政府办公厅,2017-11-13,现行有效,地方政府规章及文件
'钦州市人民政府办公室关于印发钦州三墩循环经济示范岛石化产业规划的通知',钦州市人民政府办公室,2017-10-31,现行有效,地方政府规章及文件
'桂林市人民政府关于烟花爆竹产业结构调整转型的意见',桂林市人民政府,2017-10-19,已失效,地方政府规章及文件
'桂林市人民政府办公室关于印发桂林市健康产业三年专项行动计划(2017—2019年)的通知',桂林市人民政府办公室,2017-10-14,现行有效,地方政府规章及文件
'河池市人民政府办公室关于印发河池市“十三五”产业精准扶贫发展规划的通知',河池市人民政府办公室,2017-09-29,现行有效,地方政府规章及文件
'北海市人民政府办公室关于加快广告产业发展的实施意见',北海市人民政府办公室,2017-09-29,现行有效,地方政府规章及文件
'钦州市人民政府办公室关于印发钦州市芳烃下游产业发展规划的通知',钦州市人民政府办公室,2017-09-29,现行有效,地方政府规章及文件
'钦州市人民政府办公室关于印发钦州高新技术产业开发区产业发展规划(2017－2020)的通知',钦州市人民政府办公室,2017-09-18,现行有效,地方政府规章及文件
'广西壮族自治区人民政府关于加快发展康复辅助器具产业的实施意见',广西壮族自治区人民政府,2017-09-13,现行有效,地方政府规章及文件
'崇左市人民政府印发关于支持旅游民宿产业发展若干政策的通知',崇左市人民政府,2017-09-07,现行有效,地方政府规章及文件
'钦州市人民政府办公室关于印发钦州市战略性新兴产业创新发展实施方案的通知',钦州市人民政府办公室,2017-09-05,现行有效,地方政府规章及文件
'省发展改革委、省经济和信息化委、省财政厅等关于转发国家发展改革委、农业部等7部门《国家农村产业融合发展示范园创建工作方案》的通知',青海省发展和改革委员会;青海省经济和信息化委员会;青海省财政厅;青海省国土资源厅;青海省农牧厅;青海省商务厅;青海省旅游发展委员会,2017-09-04,现行有效,地方政府规章及文件
'广西壮族自治区人民政府办公厅关于加强易地扶贫搬迁后续产业发展和就业创业工作的指导意见',广西壮族自治区人民政府办公厅,2017-08-14,现行有效,地方政府规章及文件
'北海市人民政府办公室关于振兴南珠产业扶持和奖励措施的实施意见',北海市人民政府办公室,2017-08-08,已失效,地方政府规章及文件
'百色市人民政府办公室关于印发百色市文化产业发展规划(2016—2020年)的通知',百色市人民政府办公室,2017-08-04,现行有效,地方政府规章及文件
'百色市人民政府办公室关于印发百色市铝产业发展办公室主要职责内设机构和人员编制规定的通知',百色市人民政府办公室,2017-08-01,现行有效,地方政府规章及文件
'钦州市人民政府办公室关于印发钦州市“十三五”时期战略性新兴产业发展规划的通知',钦州市人民政府办公室,2017-07-31,现行有效,地方政府规章及文件
'北海市人民政府办公室关于印发北海市健康产业三年专项行动计划(2017-2019年)的通知',北海市人民政府办公室,2017-07-13,现行有效,地方政府规章及文件
'钦州市人民政府办公室关于印发钦州市加快云计算及大数据产业发展实施方案的通知',钦州市人民政府办公室,2017-06-06,现行有效,地方政府规章及文件
'钦州市人民政府办公室关于印发钦州市烟花爆竹产业整市退出实施方案的通知',钦州市人民政府办公室,2017-06-06,现行有效,地方政府规章及文件
'河池市人民政府办公室关于印发广西河池生态环保型有色金属产业示范基地规划2017年实施方案的通知',河池市人民政府办公室,2017-06-02,现行有效,地方政府规章及文件
'河池市人民政府办公室关于印发《河池市“十三五”期间推进300万亩核桃扶贫产业实施方案等10个实施方案》的通知',河池市人民政府办公室,2017-05-31,现行有效,地方政府规章及文件
'桂林市人民政府办公室关于印发桂林市战略性新兴产业创新发展实施方案的通知',桂林市人民政府办公室,2017-05-23,现行有效,地方政府规章及文件
'河池市人民政府办公室关于扶持鼓励类商贸服务产业项目用地出让的通知',河池市人民政府办公室,2017-05-10,现行有效,地方政府规章及文件
'钦州市农业局关于印发产业富民专项活动任务分工及实施方案的通知',钦州市农业局,2017-05-02,现行有效,地方政府规章及文件
'南宁市西乡塘区人民政府办公室关于印发《西乡塘区筹备建立柑桔产业联盟工作方案》的通知',南宁市西乡塘区人民政府办公室,2017-04-25,现行有效,地方政府规章及文件
'自治区农业厅关于印发产业富民专项活动任务分工及实施方案的通知',广西壮族自治区农业厅,2017-04-07,现行有效,地方政府规章及文件
'贺州市人民政府关于印发贺州市推进建筑产业现代化试点工作实施方案的通知',贺州市人民政府,2017-03-29,现行有效,地方政府规章及文件
'贵港市人民政府办公室印发贵港市人民政府关于加快新能源电动车产业发展的若干意见(试行)的通知',贵港市人民政府办公室,2017-03-03,现行有效,地方政府规章及文件
'广西壮族自治区人民政府办公厅关于印发改革和完善中马钦州产业园区国有资产管理体制实施方案的通知',广西壮族自治区人民政府办公厅,2017-02-23,现行有效,地方政府规章及文件
'百色市人民政府办公室关于印发百色市山茶油产业精准扶贫示范区实施方案的通知',百色市人民政府办公室,2017-02-21,现行有效,地方政府规章及文件
'柳州市柳江区人民政府关于印发柳江区2017年精准扶贫产业开发项目实施方案的通知',柳州市柳江区人民政府,2017-02-20,现行有效,地方政府规章及文件
'北海市人民政府办公室关于印发北海市海洋产业“十三五”发展规划的通知',北海市人民政府办公室,2017-02-07,现行有效,地方政府规章及文件
'贵港市人民政府办公室关于印发《贵港市工业和信息化发展“十三五”规划》及三个重点产业发展规划的通知',贵港市人民政府办公室,2017-01-03,现行有效,地方政府规章及文件
'河池市人民政府办公室关于建立河池市体育产业发展联席会议制度的通知',河池市人民政府办公室,2016-12-30,现行有效,地方政府规章及文件
'河池市人民政府办公室关于印发河池市文化产业发展规划(2016—2020年)的通知',河池市人民政府办公室,2016-12-28,现行有效,地方政府规章及文件
'北海市人民政府关于促进加工贸易产业创新发展的实施意见',北海市人民政府,2016-12-28,现行有效,地方政府规章及文件
'北海市人民政府办公室关于加快烟花爆竹产业结构调整升级促进安全发展的意见',北海市人民政府办公室,2016-12-10,现行有效,地方政府规章及文件
'桂林市人民政府办公室关于印发促进桂林市地理信息产业发展实施方案的通知',桂林市人民政府办公室,2016-11-24,现行有效,地方政府规章及文件
'百色市人民政府关于促进外向型产业创新发展的实施意见',百色市人民政府,2016-10-13,现行有效,地方政府规章及文件
'北海市人民政府办公室关于印发北海市建设生态产业园区分工方案的通知',北海市人民政府办公室,2016-04-28,现行有效,地方政府规章及文件
'百色市人民政府办公室关于印发百色市油茶产业发展规划(2016—2020年)的通知',百色市人民政府办公室,2016-04-19,现行有效,地方政府规章及文件
'百色市人民政府办公室关于印发百色市2016年油茶产业发展实施方案的通知',百色市人民政府办公室,2016-04-07,现行有效,地方政府规章及文件
'北海市人民政府关于加快发展体育产业促进体育消费的实施意见',北海市人民政府,2016-02-17,现行有效,地方政府规章及文件
'北海市人民政府关于印发加强生态经济和生态产业发展的若干意见的通知',北海市人民政府,2015-12-31,现行有效,地方政府规章及文件
'广西壮族自治区人民政府办公厅关于加快广告产业发展的意见',广西壮族自治区人民政府办公厅,2015-09-07,现行有效,地方政府规章及文件
'广西壮族自治区人民政府办公厅关于加快木本油料等特色经济林产业发展的意见',广西壮族自治区人民政府办公厅,2015-08-30,现行有效,地方政府规章及文件
'广西壮族自治区人民政府办公厅关于促进旅游与相关产业融合发展的意见',广西壮族自治区人民政府办公厅,2015-08-05,现行有效,地方政府规章及文件
'广西壮族自治区人民政府办公厅关于建设生态产业园区的实施意见',广西壮族自治区人民政府办公厅,2015-07-21,现行有效,地方政府规章及文件
'广西壮族自治区人民政府关于加快发展体育产业促进体育消费的实施意见',广西壮族自治区人民政府,2015-07-04,现行有效,地方政府规章及文件
'广西壮族自治区人民政府办公厅关于支持第三方支付产业发展的若干意见',广西壮族自治区人民政府办公厅,2015-06-01,现行有效,地方政府规章及文件
'广西壮族自治区人民政府印发关于推进文化创意和设计服务与相关产业融合发展行动计划的通知',广西壮族自治区人民政府,2015-05-26,现行有效,地方政府规章及文件
'北海市人民政府关于印发北海市主体功能区产业结构调整指导意见的通知',北海市人民政府,2014-12-10,现行有效,地方政府规章及文件
'广西壮族自治区人民政府关于印发中国—马来西亚钦州产业园区建设自治区改革创新先行园区总体方案的通知',广西壮族自治区人民政府,2014-08-12,现行有效,地方政府规章及文件
'广西壮族自治区人民政府办公厅关于印发广西推进北斗导航产业发展工作方案的通知',广西壮族自治区人民政府办公厅,2014-08-08,现行有效,地方政府规章及文件
'合山市人民政府办公室关于印发合山市发展澳洲坚果特色产业实施方案的通知',合山市人民政府办公室,2014-02-11,现行有效,地方政府规章及文件
'合山市人民政府办公室关于印发合山市2014年发展甘蔗特色产业实施方案的通知',合山市人民政府办公室,2014-02-11,现行有效,地方政府规章及文件
'贵港市人民政府办公室印发关于促进加工贸易产业创新发展实施意见的通知',贵港市人民政府办公室,2016-12-07,现行有效,地方政府规章及文件
'河池市人民政府办公室关于印发广西河池生态环保型有色金属产业示范基地规划2016年实施方案的通知',河池市人民政府办公室,2016-07-11,现行有效,地方政府规章及文件
'贺州市人民政府办公室关于印发贺州市推进北斗卫星导航产业发展2016年工作方案的通知',贺州市人民政府办公室,2016-05-17,现行有效,地方政府规章及文件
'钦州市人民政府办公室关于印发钦州市机器人产业发展工作方案的通知',钦州市人民政府办公室,2016-04-06,现行有效,地方政府规章及文件
'河池市人民政府办公室关于印发河池市大任产业园项目供地地价确定方案(试行)的通知',河池市人民政府办公室,2016-02-23,现行有效,地方政府规章及文件
'自治区商务厅关于印发广西市场化方式推动养老服务产业发展规划的通知',广西壮族自治区商务厅,2016-01-05,现行有效,地方政府规章及文件
'钦州市人民政府关于印发《中马钦州产业园区2.5产业项目用地管理试行办法》的通知',钦州市人民政府,2015-11-18,现行有效,地方政府规章及文件
'成都市人力资源和社会保障局关于发布《2015年度〈成都市鼓励企业引进急需高层次人才暂行办法〉优惠政策适用产业目录》的通知',成都市人力资源和社会保障局,2015-09-10,现行有效,地方政府规章及文件
'钦州市人民政府办公室关于印发钦州市旅游产业基础提升“十大行动”实施方案的通知',钦州市人民政府办公室,2015-08-14,现行有效,地方政府规章及文件
'河池市人民政府办公室关于印发广西河池生态环保型有色金属产业示范基地规划2015年度实施方案的通知',河池市人民政府办公室,2015-08-03,现行有效,地方政府规章及文件
'成都市发展和改革委员会等8部门关于印发《养老服务业“加强规划引导，实施品牌战略，带动相关产业发展”的实施方案》的通知',成都市发展和改革委员会;成都市经济和信息化委员会;成都市民政局;成都市人力资源和社会保障局;成都市商务委员会;成都市卫生和计划生育委员会;成都市工商行政管理局;成都市老龄工作委员会办公室,2015-07-30,现行有效,地方政府规章及文件
'钦州市人民政府办公室关于印发钦州市2015年工业产业集群培育行动方案的通知',钦州市人民政府办公室,2015-05-04,现行有效,地方政府规章及文件
'贵港市人民政府关于印发贵港工业园区主导产业布局规划(2014—2020年)的通知',贵港市人民政府,2014-12-23,现行有效,地方政府规章及文件
'中国—马来西亚钦州产业园区管理办法',广西壮族自治区人民政府,2014-11-27,现行有效,地方政府规章及文件
'贵港市人民政府关于在贵港(台湾)产业园开征房产税和城镇土地使用税的通知',贵港市人民政府,2014-10-31,现行有效,地方政府规章及文件
'自治区农业厅办公室关于继续开展食用菌产业统计工作的通知',广西壮族自治区农业厅办公室,2014-10-22,现行有效,地方政府规章及文件
'北海市人民政府办公室关于印发贯彻落实北海市推动旅游产业跨越发展扶持办法实施方案的通知',北海市人民政府办公室,2014-09-11,已失效,地方政府规章及文件
'贺州市人民政府办公室关于印发贺州市创建自治区级高新技术产业开发区工作方案的通知',贺州市人民政府办公室,2014-08-08,现行有效,地方政府规章及文件
'钦州市人民政府办公室关于印发钦州市指导实施新修订药品GMP促进医药产业发展实施方案的通知',钦州市人民政府办公室,2014-07-07,现行有效,地方政府规章及文件
'桂林市人民政府关于印发桂林旅游产业用地改革试点若干政策(试行)的通知',桂林市人民政府,2014-06-25,现行有效,地方政府规章及文件
'北海市人民政府办公室关于印发北海市推进第三产业项目建设的工作方案的通知',北海市人民政府办公室,2014-06-05,现行有效,地方政府规章及文件
'北海市人民政府办公室关于印发国家珍珠产业综合标准化示范区建设实施方案的通知',北海市人民政府办公室,2014-06-04,现行有效,地方政府规章及文件
'钦州市人民政府办公室关于印发中马钦州产业园区项目审批服务暂行办法的通知',钦州市人民政府办公室,2014-02-25,现行有效,地方政府规章及文件
'河池市人民政府办公室关于印发河池市2014年烟叶产业发展工作方案的通知',河池市人民政府办公室,2014-01-22,现行有效,地方政府规章及文件
'河池市人民政府办公室关于印发河池市瓶(桶)装饮用水产业整合提升实施方案的通知',河池市人民政府办公室,2014-01-20,现行有效,地方政府规章及文件
'河池市人民政府办公室关于印发河池市加强产业技术创新战略联盟建设实施方案的通知',河池市人民政府办公室,2013-12-31,现行有效,地方政府规章及文件
'河池市人民政府办公室关于印发河池市加快现代化农业产业科技示范县建设实施方案的通知',河池市人民政府办公室,2013-12-31,现行有效,地方政府规章及文件
'河池市人民政府办公室关于印发河池市建设广西锡铟锑矿冶产业工程院实施方案的通知',河池市人民政府办公室,2013-12-31,现行有效,地方政府规章及文件
'桂林市人民政府关于印发加快重点工业产业及战略性新兴产业发展的若干政策意见和工业发展考评奖励暂行办法的通知',桂林市人民政府,2013-12-31,现行有效,地方政府规章及文件
'河池市人民政府办公室关于印发河池市全面加快千亿元产业研发中心与重大科技攻关工程建设实施方案的通知',河池市人民政府办公室,2013-12-30,现行有效,地方政府规章及文件
'河池市人民政府关于印发河池市核桃产业发展规划(2012-2015年)的通知',河池市人民政府,2013-12-24,现行有效,地方政府规章及文件
'梧州市人民政府办公室印发关于加快松脂产业发展决定实施细则修订版的通知',梧州市人民政府办公室,2013-12-09,现行有效,地方政府规章及文件
'贵港市人民政府关于印发贵港市建材产业基地建设规划(2013—2020年)的通知',贵港市人民政府,2013-11-18,现行有效,地方政府规章及文件
'贵港市人民政府关于印发贵港市生物化工产业发展规划(2013—2020年)的通知',贵港市人民政府,2013-11-18,现行有效,地方政府规章及文件
'贵港市人民政府关于印发贵港市冶金产业发展规划(2013—2020年)的通知',贵港市人民政府,2013-11-18,现行有效,地方政府规章及文件
'关于公布重庆市信息产业第四批重点配套企业名单的通知',重庆市经济和信息化委员会;重庆市人力资源和社会保障局,2013-10-31,现行有效,地方政府规章及文件
'防城港市人民政府关于印发防城港市高新技术产业开发区筹建工作方案的通知',防城港市人民政府,2013-10-15,现行有效,地方政府规章及文件
'贺州市人民政府办公室转发市发展改革委等部门《关于加快推行合同能源管理促进节能服务产业发展实施意见》的通知',贺州市人民政府办公室,2013-10-09,现行有效,地方政府规章及文件
'北海市人民政府关于印发推动旅游产业跨越发展扶持奖励办法的通知',北海市人民政府,2013-09-24,已失效,地方政府规章及文件
'钦州市人民政府办公室关于印发《广西钦州石化产业园投资优惠办法》的通知',钦州市人民政府办公室,2013-09-18,已失效,地方政府规章及文件
'桂林市人民政府办公室关于印发桂林旅游产业用地改革试点推进工作方案的通知',桂林市人民政府办公室,2013-09-09,现行有效,地方政府规章及文件
'中共南宁市委办公厅、南宁市人民政府办公厅关于印发《中共南宁高新技术产业开发区工作委员会、南宁高新技术产业开发区管理委员会主要职责、内设机构和人员编制规定》的通知',中共南宁市委办公厅;南宁市人民政府办公厅,2013-08-12,现行有效,地方政府规章及文件
'南宁市人民政府办公厅关于印发南宁市战略性新兴产业发展规划的通知',南宁市人民政府办公厅,2013-08-07,现行有效,地方政府规章及文件
'内江市东兴区人民政府办公室关于开展西南再生资源产业园区及周边再生资源网点经营秩序专项整治活动的通知',内江市东兴区人民政府办公室,2013-07-29,现行有效,地方政府规章及文件
'内江市东兴区人民政府办公室关于印发再生资源产业园交易市场消防安全隐患综合整治方案的通知',内江市东兴区人民政府办公室,2013-07-12,已失效,地方政府规章及文件
'北海市人民政府关于印发广西北海国家(海洋)农业科技园区暨北海海洋产业科技园区建设方案的通知',北海市人民政府,2013-06-13,现行有效,地方政府规章及文件
'崇左市人民政府关于加快崇左市红木产业发展的实施意见',崇左市人民政府,2013-06-04,现行有效,地方政府规章及文件
'河池市人民政府关于印发河池市瓶(桶)装饮用水产业发展规划(2013-2020年)的通知',河池市人民政府,2013-05-28,现行有效,地方政府规章及文件
'河池市人民政府关于印发河池市酿酒产业发展规划(2013-2020年)的通知',河池市人民政府,2013-05-28,现行有效,地方政府规章及文件
'河池市人民政府办公室关于印发河池市烟叶产业发展三年规划(2013-2015年)的通知',河池市人民政府办公室,2013-05-28,现行有效,地方政府规章及文件
'河池市人民政府办公室关于印发广西河池生态环保型有色金属产业示范基地规划2013年度实施方案的通知',河池市人民政府办公室,2013-05-26,现行有效,地方政府规章及文件
'钦州市人民政府办公室关于印发钦州市加快实施新修订药品生产质量管理规范促进医药产业升级实施方案的通知',钦州市人民政府办公室,2013-05-13,现行有效,地方政府规章及文件
'桂林市人民政府关于桂林国家高新技术产业开发区行使市级相关管理权限的实施意见',桂林市人民政府,2013-05-13,现行有效,地方政府规章及文件
'河池市人民政府办公室关于印发河池市2013年烟叶产业发展工作要点的通知',河池市人民政府办公室,2013-05-07,现行有效,地方政府规章及文件
'南宁市人民政府印发南宁市关于进一步明确园区产业定位建设特色工业园区的指导意见的通知',南宁市人民政府,2013-04-03,现行有效,地方政府规章及文件
'北海市人民政府办公室印发关于北海市推动广西北部湾经济区国家高新技术产业带建设实施方案的通知',北海市人民政府办公室,2013-03-28,现行有效,地方政府规章及文件
'广西壮族自治区人民政府办公厅关于加快实施新修订药品生产质量管理规范促进医药产业升级的通知',广西壮族自治区人民政府办公厅,2013-03-19,现行有效,地方政府规章及文件
'河池市人民政府关于印发河池市新阶段开发扶贫攻坚工程发展“三特”产业实施方案的通知',河池市人民政府,2013-02-27,已失效,地方政府规章及文件
'贵港市人民政府办公室转发《广西壮族自治区人民政府办公厅关于加快现代农业产业科技示范县建设的实施方案》的通知',贵港市人民政府办公室,2013-02-25,现行有效,地方政府规章及文件
'广西壮族自治区人民政府办公厅关于印发富士康广西产业发展计划及建设项目推进工作方案的通知',广西壮族自治区人民政府办公厅,2013-02-24,现行有效,地方政府规章及文件
'南宁市财政局转发广西壮族自治区财政厅关于印发《广西壮族自治区文化产业发展专项资金管理暂行办法》(修订)的通知',南宁市财政局,2012-12-31,现行有效,地方政府规章及文件
'贵港市人民政府办公室关于印发贵港市加快发展贫困地区特色产业工作方案的通知',贵港市人民政府办公室,2012-12-21,现行有效,地方政府规章及文件
'南宁市人民政府办公厅关于印发南宁市加快文化产业发展的若干政策的通知',南宁市人民政府办公厅,2012-12-20,现行有效,地方政府规章及文件
'北海市人民政府关于加快北海高新技术产业园区发展的若干意见',北海市人民政府,2012-12-17,现行有效,地方政府规章及文件
'贵港市人民政府办公室转发《广西壮族自治区人民政府办公厅印发关于加强产业技术创新战略联盟建设实施方案》的通知',贵港市人民政府办公室,2012-12-14,现行有效,地方政府规章及文件
'广西壮族自治区人民政府关于印发广西河池生态环保型有色金属产业示范基地规划的通知',广西壮族自治区人民政府,2012-12-11,现行有效,地方政府规章及文件
'转发《关于<稀土产业调整升级专项资金管理办法>的通知》',广西壮族自治区财政厅;广西壮族自治区工业和信息化委员会,2012-12-10,现行有效,地方政府规章及文件
'关于印发广西壮族自治区本级体育产业发展引导资金暂行管理办法的通知',广西壮族自治区财政厅;广西壮族自治区体育局,2012-12-03,现行有效,地方政府规章及文件
'河池市人民政府关于印发关于加快河池市体育产业发展的实施意见(2011-2015年)的通知',河池市人民政府,2012-11-28,现行有效,地方政府规章及文件
'南宁市人民政府关于印发南宁市战略性新兴产业发展专项资金管理暂行办法的通知',南宁市人民政府,2012-11-28,现行有效,地方政府规章及文件
'南宁市人民政府办公厅关于扶持鼓励类商贸服务产业项目用地出让的通知',南宁市人民政府办公厅,2012-11-26,已失效,地方政府规章及文件
'广西壮族自治区人民政府关于印发广西加快推进桂东承接产业转移示范区建设若干政策的通知',广西壮族自治区人民政府,2012-11-20,现行有效,地方政府规章及文件
'防城港市农业委员会关于印发2012年全市秋冬种产业开发行动计划实施方案的通知',防城港市农业委员会,2012-11-20,现行有效,地方政府规章及文件
'崇左市人民政府关于加快商贸物流第三产业发展为财税增收多做贡献的决定',崇左市人民政府,2012-11-16,现行有效,地方政府规章及文件
'钦州市人民政府转发《广西壮族自治人民政府印发关于促进糖果休闲食品产业发展若干政策规定的通知》',钦州市人民政府,2012-11-15,现行有效,地方政府规章及文件
'崇左市人民政府关于印发崇左市加快推进战略性新兴产业发展实施方案的通知',崇左市人民政府,2012-11-09,现行有效,地方政府规章及文件
'广西壮族自治区人民政府印发关于促进糖果休闲食品产业发展的若干政策规定的通知',广西壮族自治区人民政府,2012-10-31,现行有效,地方政府规章及文件
'广西壮族自治区人民政府办公厅印发关于加强产业技术创新战略联盟建设实施方案的通知',广西壮族自治区人民政府办公厅,2012-10-25,现行有效,地方政府规章及文件
'广西壮族自治区人民政府办公厅印发关于建设广西锡铟锑矿冶产业工程院实施方案的通知',广西壮族自治区人民政府办公厅,2012-10-25,现行有效,地方政府规章及文件
'广西壮族自治区人民政府办公厅印发关于建设广西水产品加工产业工程院实施方案的通知',广西壮族自治区人民政府办公厅,2012-10-25,现行有效,地方政府规章及文件
'广西壮族自治区人民政府办公厅印发关于建设广西林产加工产业工程院实施方案的通知',广西壮族自治区人民政府办公厅,2012-10-25,现行有效,地方政府规章及文件
'广西壮族自治区人民政府办公厅印发关于建设广西新能源汽车产业工程院实施方案的通知',广西壮族自治区人民政府办公厅,2012-10-25,现行有效,地方政府规章及文件
'广西壮族自治区人民政府办公厅印发关于建设广西钢铁产业工程院实施方案的通知',广西壮族自治区人民政府办公厅,2012-10-25,现行有效,地方政府规章及文件
'广西壮族自治区人民政府办公厅印发关于建设广西医药产业工程院实施方案的通知',广西壮族自治区人民政府办公厅,2012-10-25,现行有效,地方政府规章及文件
'广西壮族自治区人民政府办公厅印发关于建设广西锰产业工程院实施方案的通知',广西壮族自治区人民政府办公厅,2012-10-25,现行有效,地方政府规章及文件
'广西壮族自治区人民政府办公厅印发关于建设广西日用陶瓷产业工程院实施方案的通知',广西壮族自治区人民政府办公厅,2012-10-25,现行有效,地方政府规章及文件
'广西壮族自治区人民政府办公厅印发关于建设广西绿色水泥产业工程院实施方案的通知',广西壮族自治区人民政府办公厅,2012-10-25,现行有效,地方政府规章及文件
'广西壮族自治区人民政府办公厅印发关于建设广西电器产业工程院实施方案的通知',广西壮族自治区人民政府办公厅,2012-10-25,现行有效,地方政府规章及文件
'广西壮族自治区人民政府办公厅印发关于建设广西电能治理产业工程院实施方案的通知',广西壮族自治区人民政府办公厅,2012-10-25,现行有效,地方政府规章及文件
'广西壮族自治区人民政府办公厅印发关于加快现代农业产业科技示范县建设实施方案的通知',广西壮族自治区人民政府办公厅,2012-10-25,现行有效,地方政府规章及文件
'广西壮族自治区人民政府办公厅印发关于推动广西北部湾经济区国家高新技术产业带建设实施方案的通知',广西壮族自治区人民政府办公厅,2012-10-25,已失效,地方政府规章及文件
'广西壮族自治区人民政府办公厅转发自治区发展改革委等部门《关于加快推行合同能源管理促进节能服务产业发展实施意见》的通知',广西壮族自治区人民政府办公厅,2012-10-25,现行有效,地方政府规章及文件
'钦州市人民政府办公室转发《广西壮族自治区人民政府办公厅关于印发加快推进战略性新兴产业发展实施方案的通知》',钦州市人民政府办公室,2012-10-21,现行有效,地方政府规章及文件
'北海市人民政府办公室关于印发北海市旅游产业发展扶持奖励办法(试行)的通知',北海市人民政府办公室,2012-10-09,已失效,地方政府规章及文件
'河池市人民政府办公室关于印发2012年河池市秋冬种产业开发工作方案的通知',河池市人民政府办公室,2012-09-28,现行有效,地方政府规章及文件
'广西壮族自治区人民政府关于中国—马来西亚钦州产业园区开发建设优惠政策的通知',广西壮族自治区人民政府,2012-09-18,现行有效,地方政府规章及文件
'梧州市人民政府办公室关于印发加快松脂产业发展决定实施细则的通知',梧州市人民政府办公室,2012-08-15,现行有效,地方政府规章及文件
'来宾市人民政府办公室关于印发来宾市2012年秋冬种产业开发实施方案的通知',来宾市人民政府办公室,2012-08-15,现行有效,地方政府规章及文件
'防城港市人民政府办公室关于印发大西南临港工业园和东湾物流加工产业园产值双突破500亿元目标工作方案的通知',防城港市人民政府办公室,2012-08-02,现行有效,地方政府规章及文件
'关于进一步做好新型工业化产业示范基地创建工作的指导意见',新疆维吾尔自治区经济和信息化委员会;新疆维吾尔自治区财政厅;新疆维吾尔自治区国土资源厅,2012-07-31,现行有效,地方政府规章及文件
'贵港市人民政府办公室转发《广西壮族自治区人民政府关于加快高新技术产业开发区发展的若干意见》的通知',贵港市人民政府办公室,2012-07-26,现行有效,地方政府规章及文件
'来宾市人民政府办公室关于印发来宾市开展以环境倒逼机制推动产业转型升级攻坚战工作方案的通知',来宾市人民政府办公室,2012-07-09,已失效,地方政府规章及文件
'南宁市人民政府关于培育和发展养老服务产业的意见',南宁市人民政府,2012-06-27,现行有效,地方政府规章及文件
'贵港市人民政府办公室关于印发贵港市开展以环境倒逼机制推动产业转型升级攻坚战工作方案的通知',贵港市人民政府办公室,2012-06-25,现行有效,地方政府规章及文件
'转发自治区财政厅关于《文化产业发展专项资金管理暂行办法》的通知',南宁市财政局,2012-06-20,现行有效,地方政府规章及文件
'钦州市人民政府办公室转发《广西壮族自治区人民政府办公厅关于印发中国－马来西亚钦州产业园区2012年工作推进总体方案的通知》',钦州市人民政府办公室,2012-06-20,现行有效,地方政府规章及文件
'贵港市人民政府办公室关于印发贵港市在推动产业转移升级攻坚战中为关停并转企业职工和失业人员提供公共就业和社会保障服务实施方案的通知',贵港市人民政府办公室,2012-06-12,现行有效,地方政府规章及文件
'广西壮族自治区人民政府办公厅关于印发中国—马来西亚钦州产业园区2012年工作推进总体方案的通知',广西壮族自治区人民政府办公厅,2012-06-11,现行有效,地方政府规章及文件
'钦州市人民政府办公室关于印发钦州市开展以环境倒逼机制推动产业转型升级攻坚战工作方案的通知',钦州市人民政府办公室,2012-06-08,现行有效,地方政府规章及文件
'北海市人民政府办公室关于认真贯彻自治区开展以环境倒逼机制推动产业转型升级攻坚战工作方案的通知',北海市人民政府办公室,2012-06-01,现行有效,地方政府规章及文件
'来宾市人民政府办公室关于印发来宾市加快推进战略性新兴产业发展实施方案的通知',来宾市人民政府办公室,2012-05-24,现行有效,地方政府规章及文件
'转发《财政部、国家税务总局关于进一步鼓励软件产业和集成电路产业发展企业所得税政策的通知》',广西壮族自治区财政厅;广西壮族自治区国家税务局;广西壮族自治区地方税务局,2012-05-18,现行有效,地方政府规章及文件
'贵港市人民政府办公室关于转发《广西壮族自治区人民政府办公厅印发开展以环境倒逼机制推动产业转型升级攻坚战工作方案的通知》',贵港市人民政府办公室,2012-05-18,现行有效,地方政府规章及文件
'北海市人民政府办公室关于下达2012年全市地区生产总值及第三产业相关目标任务的通知',北海市人民政府办公室,2012-05-16,现行有效,地方政府规章及文件
'来宾市人民政府办公室关于印发来宾市2012年重点产业招商活动工作实施方案和2012年度市直和驻市中直、区直单位招商引资目标任务的通知',来宾市人民政府办公室,2012-05-07,现行有效,地方政府规章及文件
'贵港市人民政府办公室转发《广西壮族自治区人民政府关于实行最严格水资源管理制度推动产业转型升级的实施意见》的通知',贵港市人民政府办公室,2012-05-02,现行有效,地方政府规章及文件
'关于印发息烽县人力资源和社会保障局支持和服务产业园区建设工作方案的通知',贵阳市息烽县人力资源和社会保障局,2012-04-18,现行有效,地方政府规章及文件
'广西壮族自治区人民政府关于实行最严格水资源管理制度推动产业转型升级的实施意见',广西壮族自治区人民政府,2012-04-11,现行有效,地方政府规章及文件
'来宾市人民政府办公室关于印发来宾市银行卡产业发展指导意见的通知',来宾市人民政府办公室,2012-03-21,现行有效,地方政府规章及文件
'广西壮族自治区人民政府办公厅转发自治区科技厅《关于科技支撑环境倒逼机制下产业转型升级工作方案》的通知',广西壮族自治区人民政府办公厅,2012-03-16,已失效,地方政府规章及文件
'柳州市人民政府关于柳州国家高新技术产业开发区建设创新型特色园区的若干意见',柳州市人民政府,2012-03-12,现行有效,地方政府规章及文件
'关于对我市加快服务外包产业发展任务分工的通知',南宁市财政局,2012-03-06,现行有效,地方政府规章及文件
'广西壮族自治区人民政府办公厅关于在推动产业转移升级攻坚战中为关停并转企业职工和失业人员提供公共就业和社会保障服务有关问题的意见',广西壮族自治区人民政府办公厅,2012-02-24,已失效,地方政府规章及文件
'贵港市人民政府办公室关于印发贵港市五大工业园区发展目标和主导产业布局实施方案(2011—2015年)的通知',贵港市人民政府办公室,2012-02-23,现行有效,地方政府规章及文件
'广西壮族自治区人民政府印发关于加快发展贫困地区特色产业工作方案的通知',广西壮族自治区人民政府,2012-02-23,已失效,地方政府规章及文件
'转发《财政部、国家税务总局关于扶持动漫产业发展增值税营业税政策的通知》',广西壮族自治区财政厅;广西壮族自治区国家税务局;广西壮族自治区地方税务局,2012-02-03,现行有效,地方政府规章及文件
'贺州市人民政府办公室关于印发贺州市扶持产业园区投资企业发展暂行办法的通知',贺州市人民政府办公室,2012-01-18,已失效,地方政府规章及文件
'北海市人民政府办公室印发北海市贯彻落实国务院关于中西部地区承接产业转移指导意见重点工作分工方案的通知',北海市人民政府办公室,2012-01-10,现行有效,地方政府规章及文件
'广西壮族自治区人民政府办公厅关于印发建设百色生态型铝产业示范基地行动方案的通知',广西壮族自治区人民政府办公厅,2011-12-30,现行有效,地方政府规章及文件
'贵港市人民政府办公室转发《广西壮族自治区人民政府办公厅关于加快我区热带作物产业发展的实施意见》的通知',贵港市人民政府办公室,2011-12-21,现行有效,地方政府规章及文件
'玉林市人民政府关于加快培育发展战略性新兴产业的实施意见',玉林市人民政府,2011-12-20,现行有效,地方政府规章及文件
'贵港市人民政府办公室转发《广西壮族自治区人民政府关于印发广西壮族自治区产业园区节约集约用地管理办法的通知》',贵港市人民政府办公室,2011-12-14,现行有效,地方政府规章及文件
'梧州市人民政府办公室关于转发梧州工业园区管委会《广西梧州市电子信息产业园2011至2012年特别优惠政策》的通知',梧州市人民政府办公室,2011-12-08,现行有效,地方政府规章及文件
'广西壮族自治区人民政府关于印发广西壮族自治区产业园区节约集约用地管理办法的通知',广西壮族自治区人民政府,2011-12-02,现行有效,地方政府规章及文件
'广西壮族自治区人民政府办公厅转发自治区文化厅等部门《关于推动我区动漫产业发展若干意见》的通知',广西壮族自治区人民政府办公厅,2011-11-29,现行有效,地方政府规章及文件
'贵港市人民政府办公室转发《广西壮族自治区人民政府办公厅印发广西贯彻落实国务院关于中西部地区承接产业转移指导意见重点工作分工方案的通知》',贵港市人民政府办公室,2011-11-17,现行有效,地方政府规章及文件
'贵港市人民政府办公室关于印发贵港市招商引资产业项目扶持原则的通知',贵港市人民政府办公室,2011-11-14,现行有效,地方政府规章及文件
'广西壮族自治区人民政府办公厅关于加快我区热带作物产业发展的实施意见',广西壮族自治区人民政府办公厅,2011-11-11,现行有效,地方政府规章及文件
'广西壮族自治区人民政府办公厅印发广西贯彻落实国务院关于中西部地区承接产业转移指导意见重点工作分工方案的通知',广西壮族自治区人民政府办公厅,2011-11-06,现行有效,地方政府规章及文件
'广西壮族自治区人民政府办公厅关于加快发展体育产业的意见',广西壮族自治区人民政府办公厅,2011-11-03,已失效,地方政府规章及文件
'印发钦州市银行卡产业发展指导意见的通知',钦州市人民政府办公室,2011-09-28,现行有效,地方政府规章及文件
'百色市人民政府办公室关于印发2011年百色市秋冬菜产业开发实施方案的通知',百色市人民政府办公室,2011-09-23,已失效,地方政府规章及文件
'防城港市人民政府办公室关于印发防城港市打造农业产业推进农业产业化工作实施方案的通知',防城港市人民政府办公室,2011-08-26,现行有效,地方政府规章及文件
'来宾市人民政府办公室关于印发来宾市2011年秋冬种产业开发实施方案的通知',来宾市人民政府办公室,2011-08-16,现行有效,地方政府规章及文件
'玉林市人民政府关于加快推进产业园区与城市新区互动发展的实施意见',玉林市人民政府,2011-08-12,现行有效,地方政府规章及文件
'梧州市人民政府关于加快再生不锈钢制品产业发展的意见',梧州市人民政府,2011-08-02,现行有效,地方政府规章及文件
'北海市人民政府办公室关于印发促进北海服务外包产业加快发展的工作方案的通知',北海市人民政府办公室,2011-08-02,现行有效,地方政府规章及文件
'关于转发科技部《生产力促进中心服务产业集群服务基层科技专项行动实施意见》的通知',广西壮族自治区科学技术厅,2011-08-01,现行有效,地方政府规章及文件
'南宁市产业发展领导小组办公室关于印发南宁市贯彻落实全区中小企业“十百千万”工程实施方案的通知',南宁市产业发展领导小组办公室,2011-07-04,现行有效,地方政府规章及文件
'广西壮族自治区人民政府办公厅关于印发打造农业千百亿元产业推进农业产业化工作实施方案的通知',广西壮族自治区人民政府办公厅,2011-07-01,已失效,地方政府规章及文件
'北海市人民政府办公室转发《马飚陈武杨道喜在北海千亿元产业现场办公会上的讲话》和《关于广西北海千亿元产业现场办公会议纪要》的通知',北海市人民政府办公室,2011-06-28,现行有效,地方政府规章及文件
'关于印发《2010年成都市人才资源状况报告》和《2011年成都市重点产业和新兴产业人才开发目录》的通知',成都市人力资源和社会保障局,2011-05-30,现行有效,地方政府规章及文件
'广西壮族自治区人民政府办公厅关于印发加快文化产业发展工作方案的通知',广西壮族自治区人民政府办公厅,2011-05-22,已失效,地方政府规章及文件
'广西壮族自治区人民政府办公厅关于印发促进服务外包产业加快发展工作方案的通知',广西壮族自治区人民政府办公厅,2011-04-19,现行有效,地方政府规章及文件
'梧州市人民政府办公室关于印发梧州银行卡产业发展指导意见的通知',梧州市人民政府办公室,2011-04-19,现行有效,地方政府规章及文件
'防城港市人民政府办公室关于印发防城港市推进磷化循环经济产业发展实施方案的通知',防城港市人民政府办公室,2011-04-14,现行有效,地方政府规章及文件
'来宾市人民政府办公室关于印发来宾市2011年重点产业招商年活动实施方案的通知',来宾市人民政府办公室,2011-04-01,已失效,地方政府规章及文件
'广西壮族自治区人民政府关于加快培育发展战略性新兴产业的意见',广西壮族自治区人民政府,2011-03-23,现行有效,地方政府规章及文件
'钦州市人民政府办公室关于印发《广西钦州石化产业园投资优惠暂行规定》的通知',钦州市人民政府办公室,2010-12-27,已失效,地方政府规章及文件
'广西壮族自治区人民政府关于加快推进产业园区与城市新区互动发展的意见',广西壮族自治区人民政府,2010-12-19,现行有效,地方政府规章及文件
'广西壮族自治区人民政府关于促进我区服务外包产业加快发展的意见',广西壮族自治区人民政府,2010-12-19,现行有效,地方政府规章及文件
'广西壮族自治区人民政府关于加快文化产业发展的实施意见',广西壮族自治区人民政府,2010-12-19,现行有效,地方政府规章及文件
'河池市人民政府办公室关于进一步加强糖料蔗产区规范化管理促进蔗糖产业健康有序发展的通知',河池市人民政府办公室,2010-11-24,现行有效,地方政府规章及文件
'福绵管理区管委办公室关于印发福绵管理区2010年秋冬种产业开发实施方案的通知',玉林市福绵管理区管理委员会办公室,2010-11-19,已失效,地方政府规章及文件
'来宾市人民政府办公室关于印发来宾市2010年秋冬种产业开发实施方案的通知',来宾市人民政府办公室,2010-10-11,现行有效,地方政府规章及文件
'来宾市人民政府办公室关于印发来宾市凤凰动漫城产业园项目前期工作方案的通知',来宾市人民政府办公室,2010-09-29,现行有效,地方政府规章及文件
'广西壮族自治区人民政府关于推进新能源汽车产业发展的意见',广西壮族自治区人民政府,2010-09-02,已失效,地方政府规章及文件
'广西壮族自治区人民政府办公厅关于印发广西壮族自治区促进电影产业繁荣发展实施办法的通知',广西壮族自治区人民政府办公厅,2010-08-20,现行有效,地方政府规章及文件
'关于印发贯彻广西壮族自治区高新技术产业调整和振兴规划实施方案的通知',玉林市人民政府办公室,2010-06-24,现行有效,地方政府规章及文件
'关于印发《千亿元产业重大科技攻关工程实施方案》的通知',广西壮族自治区科学技术厅,2010-06-22,现行有效,地方政府规章及文件
'百色市人民政府办公室关于加快油茶产业发展的实施意见',百色市人民政府办公室,2010-06-22,现行有效,地方政府规章及文件
'自治区地方税务局关于进一步加强房地产业税收征管工作的通知',广西壮族自治区地方税务局,2010-06-09,现行有效,地方政府规章及文件
'关于印发《广西壮族自治区农业产业科技重点示范县建设实施方案》的通知',广西壮族自治区科学技术厅,2010-05-20,现行有效,地方政府规章及文件
'南宁市工信委关于印发《南宁市2010年鼓励发展的重点产业项目扶持指南》的通知',南宁市工业和信息化委员会,2010-05-05,现行有效,地方政府规章及文件
'广西壮族自治区人民政府办公厅关于印发广西蚕桑茧丝绸产业循环经济（宜州）示范基地建设方案的通知',广西壮族自治区人民政府办公厅,2010-04-27,已失效,地方政府规章及文件
'隆安县人民政府办公室关于印发隆安县2008年度巩固退耕还林成果补植补造及后续产业建设实施方案的通知',南宁市隆安县人民政府办公室,2010-04-19,现行有效,地方政府规章及文件
'南宁市人民政府关于印发扶持我市产业发展的主要思路及2010年工作方案的通知',南宁市人民政府,2010-03-23,现行有效,地方政府规章及文件
'内江市东兴区人民政府关于加快现代农业产业基地建设的实施意见',内江市东兴区人民政府,2010-03-09,现行有效,地方政府规章及文件
'中共南宁市青秀区委办公室、南宁市青秀区人民政府办公室关于印发《南宁市青秀区2010年产业园区建设实施方案》的通知',中共南宁市青秀区委办公室;南宁市青秀区人民政府办公室,2010-03-05,已失效,地方政府规章及文件
'钦州市人民政府转发《广西壮族自治区人民政府关于印发广西海洋产业发展规划的通知》',钦州市人民政府,2010-02-20,现行有效,地方政府规章及文件
'防城港市人民政府转发自治区人民政府《关于广西海洋产业发展规划的通知》',防城港市人民政府,2010-02-05,现行有效,地方政府规章及文件
'防城港市人民政府转发自治区人民政府《关于广西节能产业与环保产业振兴规划的通知》',防城港市人民政府,2010-02-04,现行有效,地方政府规章及文件
'广西壮族自治区人民政府关于加强工业产业工人队伍建设的意见',广西壮族自治区人民政府,2009-12-25,现行有效,地方政府规章及文件
'广西壮族自治区人民政府关于建立千亿元产业研发中心的意见',广西壮族自治区人民政府,2009-12-25,现行有效,地方政府规章及文件
'广西壮族自治区人民政府关于印发广西壮族自治区高新技术产业调整和振兴规划的通知',广西壮族自治区人民政府,2009-12-25,已失效,地方政府规章及文件
'广西壮族自治区人民政府关于印发广西新能源产业发展规划的通知',广西壮族自治区人民政府,2009-12-25,已失效,地方政府规章及文件
'广西壮族自治区人民政府关于进一步加强承接产业转移工作的意见',广西壮族自治区人民政府,2009-12-25,现行有效,地方政府规章及文件
'广西壮族自治区人民政府关于加快转变发展方式推动产业结构优化升级的意见',广西壮族自治区人民政府,2009-12-25,现行有效,地方政府规章及文件
'广西壮族自治区人民政府关于印发加快循环生态型铝产业发展的意见的通知',广西壮族自治区人民政府,2009-12-25,已失效,地方政府规章及文件
'广西壮族自治区人民政府关于印发广西新材料产业发展规划的通知',广西壮族自治区人民政府,2009-12-25,现行有效,地方政府规章及文件
'广西壮族自治区人民政府关于印发广西节能产业与环保产业振兴规划的通知',广西壮族自治区人民政府,2009-12-25,已失效,地方政府规章及文件
'广西壮族自治区人民政府关于印发广西海洋产业发展规划的通知',广西壮族自治区人民政府,2009-12-25,现行有效,地方政府规章及文件
'广西壮族自治区人民政府关于印发广西壮族自治区生物产业发展规划的通知',广西壮族自治区人民政府,2009-12-23,现行有效,地方政府规章及文件
'广西壮族自治区人民政府关于加快实施千亿元产业重大科技攻关工程的决定',广西壮族自治区人民政府,2009-12-23,已失效,地方政府规章及文件
'南宁市人民政府办公厅关于印发南宁国家高技术生物产业基地生物医药产业发展规划（2008—2020）的通知',南宁市人民政府办公厅,2009-11-09,现行有效,地方政府规章及文件
'南宁市人民政府办公厅关于印发南宁国家高技术生物产业基地生物能源产业发展规划（2008—2020）的通知',南宁市人民政府办公厅,2009-11-09,现行有效,地方政府规章及文件
'关于印发《河池市2009-2011年文化产业发展行动计划》的通知',河池市人民政府,2009-10-31,现行有效,地方政府规章及文件
'广西壮族自治区人民政府办公厅关于加快油茶产业发展的意见',广西壮族自治区人民政府办公厅,2009-10-30,已失效,地方政府规章及文件
'自治区地方税务局关于房地产业税收管理的补充通知',广西壮族自治区地方税务局,2009-10-12,现行有效,地方政府规章及文件
'防城港市人民政府关于印发防城港市扶持旅游产业发展若干优惠政策的通知',防城港市人民政府,2009-09-10,已失效,地方政府规章及文件
'中共南宁市委、南宁市人民政府关于加快建设国家高技术生物产业基地的决定',中共南宁市委;南宁市人民政府,2009-08-29,现行有效,地方政府规章及文件
'广西壮族自治区人民政府办公厅关于印发广西壮族自治区产业园区管理暂行办法的通知',广西壮族自治区人民政府办公厅,2009-05-04,已被修订,地方政府规章及文件
'钦州市人民政府关于印发《钦州市加快推进“千百亿产业崛起工程”和承接产业转移的优惠政策》的通知',钦州市人民政府,2009-05-03,已失效,地方政府规章及文件
'关于印发《关于加快文化产业发展若干政策意见的实施细则》的通知',宁夏回族自治区文化厅;宁夏回族自治区财政厅;宁夏回族自治区人力资源和社会保障厅;宁夏回族自治区国土资源厅;宁夏回族自治区国家税务局;宁夏回族自治区地方税务局,2009-04-02,现行有效,地方政府规章及文件
'百色市人民政府关于进一步拉动内需促进房地产业健康发展的意见',百色市人民政府,2009-03-13,已失效,地方政府规章及文件
'桂林市人民政府关于印发桂林市铁合金产业发展专项规划的通知',桂林市人民政府,2009-02-09,现行有效,地方政府规章及文件
'关于印发玉林市承接广东有关产业布局规划意见的通知',玉林市人民政府办公室,2008-12-17,现行有效,地方政府规章及文件
'自治区地方税务局关于改进房地产业税收管理的通知',广西壮族自治区地方税务局,2008-11-24,现行有效,地方政府规章及文件
'北海市人民政府办公室关于印发北海市银行卡产业发展项目实施方案的通知',北海市人民政府办公室,2008-09-27,现行有效,地方政府规章及文件
'广西壮族自治区人民政府办公厅转发《中共钦州市委、钦州市人民政府关于实施“千百亿产业崛起工程”的决定》的通知',广西壮族自治区人民政府办公厅,2008-09-26,现行有效,地方政府规章及文件
'桂林市人民政府关于加快临桂新区产业园区开发建设的实施意见（试行）',桂林市人民政府,2008-09-01,现行有效,地方政府规章及文件
'桂林市人民政府办公室关于印发促进桂林市银行卡产业发展指导意见的通知',桂林市人民政府办公室,2008-08-08,现行有效,地方政府规章及文件
'横县人民政府办公室关于印发2008—2010年横县食用菌产业发展实施方案的通知',南宁市横县人民政府办公室,2008-07-15,现行有效,地方政府规章及文件
'横县人民政府办公室关于印发横县现代农业示范项目建设工程林产业发展工作实施方案的通知',南宁市横县人民政府办公室,2008-06-23,现行有效,地方政府规章及文件
'钦州市人民政府办公室关于印发2008年钦州黄瓜皮产业实施方案的通知',钦州市人民政府办公室,2008-06-05,现行有效,地方政府规章及文件
'横县人民政府办公室关于印发2008-2010年横县优质稻产业发展实施方案的通知',南宁市横县人民政府办公室,2008-05-22,现行有效,地方政府规章及文件
'横县人民政府办公室关于印发2008─2010年横县甜玉米产业发展实施方案的通知',南宁市横县人民政府办公室,2008-05-21,现行有效,地方政府规章及文件
'重庆市国土房管局关于贯彻落实市政府规范矿产资源开发和发展加工型产业的意见',重庆市国土资源和房屋管理局,2008-05-19,现行有效,地方政府规章及文件
'福绵管理区管委办公室关于印发福绵区承接广州市产业转移企业招商工作方案的通知',玉林市福绵管理区管理委员会办公室,2008-05-14,现行有效,地方政府规章及文件
'横县人民政府办公室关于印发2008─2010年横县桑蚕产业发展实施方案的通知',南宁市横县人民政府办公室,2008-05-12,已失效,地方政府规章及文件
'横县人民政府办公室关于印发2008年至2010年横县茉莉花(茶)产业发展实施方案的通知',南宁市横县人民政府办公室,2008-03-24,已失效,地方政府规章及文件
'钦州市人民政府关于加快钦州黄瓜皮产业发展的若干意见',钦州市人民政府,2008-01-07,现行有效,地方政府规章及文件
'广西壮族自治区人民政府关于表彰奖励2006年度全区农业新兴优势产业发展先进单位的决定',广西壮族自治区人民政府,2007-11-26,现行有效,地方政府规章及文件
'梧州市人民政府关于印发我市承接加工贸易产业转移总体规划的通知',梧州市人民政府,2007-11-22,现行有效,地方政府规章及文件
'百色市人民政府关于进一步加快旅游产业发展的实施意见',百色市人民政府,2007-11-15,现行有效,地方政府规章及文件
'中共玉林市委员会、玉林市人民政府贯彻落实自治区《关于推进承接产业转移工作的决定》的实施意见',中共玉林市委员会;玉林市人民政府,2007-07-16,现行有效,地方政府规章及文件
'来宾市人民政府关于印发来宾市承接东部产业转移招商工作方案的通知',来宾市人民政府,2007-06-20,现行有效,地方政府规章及文件
'横县人民政府办公室关于印发2007年横县食用菌产业发展实施方案的通知',南宁市横县人民政府办公室,2007-04-13,已失效,地方政府规章及文件
'横县人民政府办公室关于印发2007年横县超级稻产业发展实施方案的通知',南宁市横县人民政府办公室,2007-04-13,已失效,地方政府规章及文件
'横县人民政府办公室关于印发2007年横县甜玉米产业发展实施方案的通知',南宁市横县人民政府办公室,2007-04-13,已失效,地方政府规章及文件
'钦州市人民政府关于加快坭兴陶产业发展的若干意见',钦州市人民政府,2007-02-07,现行有效,地方政府规章及文件
'广西壮族自治区人民政府办公厅转发自治区信息产业局关于广西壮族自治区无线电管理“十一五”规划的通知',广西壮族自治区人民政府办公厅,2006-11-20,已失效,地方政府规章及文件
'河池市人民政府关于印发河池市花卉产业发展规划的通知',河池市人民政府,2006-06-21,现行有效,地方政府规章及文件
'河池市人民政府关于加快我市农业优势产业发展的实施意见',河池市人民政府,2006-04-07,现行有效,地方政府规章及文件
