'衡水市人民政府办公室关于印发《衡水市县域特色产业振兴工作实施方案》的通知',衡水市人民政府办公室,2019-04-04,现行有效,地方政府规章及文件
'关于印发《饶阳县县级文化产业发展引导资金使用管理办法》的通知',衡水市饶阳县财政局;中共衡水市饶阳县委宣传部,2019-02-28,现行有效,地方政府规章及文件
'石家庄市人民政府办公厅关于印发《石家庄市冰雪产业发展规划(2018-2025年)》的通知',石家庄市人民政府办公厅,2018-12-26,现行有效,地方政府规章及文件
'济南市人民政府关于印发济南市加快现代金融产业发展若干扶持政策的通知',济南市人民政府,2018-12-21,现行有效,地方政府规章及文件
'衡水市人民政府办公室关于印发衡水市大力推进康养产业发展实施方案的通知',衡水市人民政府办公室,2018-12-06,现行有效,地方政府规章及文件
'济南市人民政府关于印发济南现代金融产业发展行动计划(2018-2022年)的通知',济南市人民政府,2018-12-04,现行有效,地方政府规章及文件
'渭南市人民政府关于印发支持新能源汽车产业发展意见的通知',渭南市人民政府,2018-11-27,现行有效,地方政府规章及文件
'秦皇岛市人民政府办公厅关于印发《深入推进农业供给侧结构性改革加快发展农业特色产业实施方案》的通知',秦皇岛市人民政府办公厅,2018-10-19,现行有效,地方政府规章及文件
'邯郸市人民政府办公厅关于印发邯郸市服装产业转型升级行动方案的通知',邯郸市人民政府办公厅,2018-09-29,现行有效,地方政府规章及文件
'衡水市人民政府关于实施“5116”工程加快发展农业特色产业的实施意见',衡水市人民政府,2018-09-28,现行有效,地方政府规章及文件
'定州市人民政府办公室关于印发定州市推进农业供给侧结构性改革大力发展特色产业实施方案的通知',定州市人民政府办公室,2018-09-28,现行有效,地方政府规章及文件
'石家庄市人民政府关于深入推进农业供给侧结构性改革加快发展农业特色产业的意见',石家庄市人民政府,2018-09-22,现行有效,地方政府规章及文件
'衡水市人民政府办公室关于印发衡水市服装产业转型升级工作方案的通知',衡水市人民政府办公室,2018-09-13,现行有效,地方政府规章及文件
'渭南市人民政府关于创建市级现代农业产业园的意见',渭南市人民政府,2018-09-05,现行有效,地方政府规章及文件
'济南市人民政府关于进一步促进生物医药产业发展的补充意见',济南市人民政府,2018-08-30,现行有效,地方政府规章及文件
'秦皇岛市人民政府办公厅关于印发《秦皇岛市服装产业转型升级行动方案》的通知',秦皇岛市人民政府办公厅,2018-08-27,现行有效,地方政府规章及文件
'承德市人民政府关于加快推进建筑产业现代化的实施意见',承德市人民政府,2018-08-22,现行有效,地方政府规章及文件
'沧州市人民政府加快推进农业供给侧结构性改革大力发展粮食产业经济的实施意见',沧州市人民政府,2018-08-17,现行有效,地方政府规章及文件
'邢台市人民政府办公室关于印发邢台市推进康复辅助器具产业加快发展行动方案(2018-2020年)的通知',邢台市人民政府办公室,2018-08-15,现行有效,地方政府规章及文件
'邢台市人民政府办公室关于印发邢台市服装产业转型升级行动方案(2018-2020年)的通知',邢台市人民政府办公室,2018-08-15,现行有效,地方政府规章及文件
'邢台市人民政府关于加快推进农业供给侧结构性改革大力发展粮食产业经济的实施意见',邢台市人民政府,2018-08-15,现行有效,地方政府规章及文件
'邯郸市人民政府办公厅关于贯彻河北省冰雪产业发展规划(2018-2025年)的实施意见',邯郸市人民政府办公厅,2018-08-10,现行有效,地方政府规章及文件
'石家庄市人民政府办公厅关于加快集成电路产业发展的实施意见',石家庄市人民政府办公厅,2018-08-07,现行有效,地方政府规章及文件
'石家庄市人民政府办公厅关于进一步推动“大健康、新医疗”产业发展实施意见',石家庄市人民政府办公厅,2018-08-06,现行有效,地方政府规章及文件
'沧州市人民政府办公室关于加快发展健身休闲产业的实施意见',沧州市人民政府办公室,2018-08-06,现行有效,地方政府规章及文件
'济南市人民政府关于修正《济南市十大千亿产业振兴计划》部分条款的通知',济南市人民政府,2018-08-03,现行有效,地方政府规章及文件
'济南市人民政府办公厅关于加快推进农业供给侧结构性改革大力发展粮食产业经济的实施意见',济南市人民政府办公厅,2018-08-01,现行有效,地方政府规章及文件
'秦皇岛市人民政府办公厅关于印发《秦皇岛市推进康复辅助器具产业加快发展行动计划(2018-2020年)》的通知',秦皇岛市人民政府办公厅,2018-07-26,现行有效,地方政府规章及文件
'石家庄市人民政府办公厅关于印发促进文化创意产业发展的意见的通知',石家庄市人民政府办公厅,2018-07-25,现行有效,地方政府规章及文件
'廊坊市人民政府办公室印发关于加快发展健身休闲产业实施意见的通知',廊坊市人民政府办公室,2018-07-20,现行有效,地方政府规章及文件
'邯郸市人民政府办公厅关于印发邯郸市战略性新兴产业发展三年行动计划(2018-2020年)实施方案的通知',邯郸市人民政府办公厅,2018-06-30,现行有效,地方政府规章及文件
'秦皇岛市人民政府办公厅印发《关于推进全市绿色建筑产业发展的工作方案》的通知',秦皇岛市人民政府办公厅,2018-06-27,现行有效,地方政府规章及文件
'沧州市人民政府关于印发沧州市战略性新兴产业发展三年行动方案(2018-2020年)的通知',沧州市人民政府,2018-06-15,现行有效,地方政府规章及文件
'秦皇岛市人民政府办公厅关于印发《秦皇岛市加快推进中药材产业发展实施方案》的通知',秦皇岛市人民政府办公厅,2018-06-15,现行有效,地方政府规章及文件
'沧州市人民政府办公室关于印发沧州市服装产业转型升级行动方案的通知',沧州市人民政府办公室,2018-06-13,现行有效,地方政府规章及文件
'承德市人民政府关于印发承德市战略性新兴产业发展三年行动计划的通知',承德市人民政府,2018-06-07,现行有效,地方政府规章及文件
'邢台市人民政府关于印发邢台市战略性新兴产业发展三年行动计划的通知',邢台市人民政府,2018-05-31,现行有效,地方政府规章及文件
'石家庄市人民政府办公厅关于印发石家庄市2018年产业扶贫工作指导意见的通知',石家庄市人民政府办公厅,2018-05-31,现行有效,地方政府规章及文件
'衡水市人民政府办公室关于印发衡水市战略性新兴产业三年行动计划的通知',衡水市人民政府办公室,2018-05-30,现行有效,地方政府规章及文件
'辛集市人民政府关于加快推进农业供给侧结构性改革大力发展粮食产业经济的实施意见',辛集市人民政府,2018-05-11,现行有效,地方政府规章及文件
'石家庄市人民政府办公厅关于印发《“4+4”现代产业统计监测工作方案(试行)》的通知',石家庄市人民政府办公厅,2018-04-28,现行有效,地方政府规章及文件
'阜新市人民政府办公室关于印发《阜新市一二三产业链接计划(2018—2020年)》的通知',阜新市人民政府办公室,2018-04-27,现行有效,地方政府规章及文件
'邯郸市人民政府办公厅关于加快新型陶瓷材料技术产业化推进全市非金属新材料产业发展的指导意见',邯郸市人民政府办公厅,2018-04-23,现行有效,地方政府规章及文件
'石家庄市人民政府关于加强土地管理支持全市产业发展的意见',石家庄市人民政府,2018-04-20,现行有效,地方政府规章及文件
'衡水市人民政府关于加快推进农业供给侧结构性改革大力发展粮食产业经济的实施意见',衡水市人民政府,2018-04-17,现行有效,地方政府规章及文件
'承德市人民政府办公室关于做大做强山杏产业的意见',承德市人民政府办公室,2018-04-02,现行有效,地方政府规章及文件
'石家庄市人民政府关于印发《石家庄市加快推进农业供给侧结构性改革大力发展粮食产业经济目标任务责任分解方案》的通知',石家庄市人民政府,2018-03-27,现行有效,地方政府规章及文件
'石家庄市人民政府办公厅关于印发石家庄市2018年“4+4”产业精准招商实施方案的通知',石家庄市人民政府办公厅,2018-03-23,现行有效,地方政府规章及文件
'阜新市人民政府关于印发《阜新高新技术产业开发区“证照分离”改革试点方案》的通知',阜新市人民政府,2018-03-21,已失效,地方政府规章及文件
'辛集市人民政府关于印发辛集市贯彻落实河北省战略性新兴产业发展三年行动计划实施方案的通知',辛集市人民政府,2018-03-20,现行有效,地方政府规章及文件
'淮北市人民政府办公室关于印发淮北市战略性新兴产业发展规划(2018—2020年)的通知',淮北市人民政府办公室,2018-03-08,现行有效,地方政府规章及文件
'廊坊市人民政府办公室关于印发廊坊市“大健康、新医疗”产业发展规划(2018—2020年)的通知',廊坊市人民政府办公室,2018-03-07,现行有效,地方政府规章及文件
'邯郸市人民政府办公厅关于支持冰雪运动和冰雪产业发展的实施意见',邯郸市人民政府办公厅,2018-02-27,现行有效,地方政府规章及文件
'石家庄市人民政府印发关于促进工业设计产业发展政策措施的通知',石家庄市人民政府,2018-02-11,现行有效,地方政府规章及文件
'衡水市人民政府办公室关于印发《衡水市加快发展康复辅助器具产业实施意见》的通知',衡水市人民政府办公室,2018-02-11,现行有效,地方政府规章及文件
'石家庄市人民政府办公厅印发《关于加快养老及康复辅助器具产业发展的若干政策措施》的通知',石家庄市人民政府办公厅,2018-02-08,现行有效,地方政府规章及文件
'邢台市人民政府关于印发邢台市促进工业设计产业发展政策措施的通知',邢台市人民政府,2018-01-17,现行有效,地方政府规章及文件
'承德市人民政府办公室关于加快发展健身休闲产业的实施意见',承德市人民政府办公室,2017-12-29,现行有效,地方政府规章及文件
'石家庄市人民政府办公厅关于支持返乡人员创业创新促进农村一二三产业融合发展的实施意见',石家庄市人民政府办公厅,2017-12-29,现行有效,地方政府规章及文件
'秦皇岛市人民政府办公厅关于印发《秦皇岛市工业转型发展“十三五”规划》《秦皇岛市信息产业“十三五”发展规划》《秦皇岛市先进装备制造业“十三五”发展规划》的通知',秦皇岛市人民政府办公厅,2017-12-19,现行有效,地方政府规章及文件
'承德市人民政府办公室关于印发承德市加快木本油料产业发展的实施方案的通知',承德市人民政府办公室,2017-12-15,现行有效,地方政府规章及文件
'淮北市人民政府办公室关于加快健康产业发展的实施意见',淮北市人民政府办公室,2017-12-04,现行有效,地方政府规章及文件
'淮北市政府办公室关于加快发展健身休闲产业的实施意见',淮北市人民政府办公室,2017-12-04,现行有效,地方政府规章及文件
'邢台市人民政府办公室关于印发河北邢台滏阳高新技术产业开发区行政审批制度改革方案(试行)的通知',邢台市人民政府办公室,2017-11-30,现行有效,地方政府规章及文件
'邯郸市人民政府办公厅关于加快发展健身休闲产业的实施意见',邯郸市人民政府办公厅,2017-11-15,现行有效,地方政府规章及文件
'沧州市人民政府关于印发沧州市战略性新兴产业发展专项资金管理办法的通知',沧州市人民政府,2017-11-03,现行有效,地方政府规章及文件
'衡水市人民政府办公室关于加快发展健身休闲产业的实施意见',衡水市人民政府办公室,2017-09-29,现行有效,地方政府规章及文件
'秦皇岛市人民政府办公厅关于印发《秦皇岛市关于加快发展健身休闲产业的实施意见》的通知',秦皇岛市人民政府办公厅,2017-09-15,现行有效,地方政府规章及文件
'衡水市人民政府办公室关于支持冰雪运动和冰雪产业发展的实施意见',衡水市人民政府办公室,2017-09-14,现行有效,地方政府规章及文件
'石家庄市人民政府办公厅关于加快发展健身休闲产业的实施意见',石家庄市人民政府办公厅,2017-08-15,现行有效,地方政府规章及文件
'邯郸市人民政府关于促进储能技术与产业发展培育未来产业竞争新优势的指导意见',邯郸市人民政府,2017-08-08,现行有效,地方政府规章及文件
'石家庄市人民政府办公厅关于印发石家庄蓝天环境治理产业转型基金参与石家庄农村煤改气项目总体方案的通知',石家庄市人民政府办公厅,2017-07-14,现行有效,地方政府规章及文件
'渭南市人民政府关于全面推进产业精准扶贫工作的意见',渭南市人民政府,2017-06-27,现行有效,地方政府规章及文件
'廊坊市人民政府办公室关于印发廊坊市体育产业发展“十三五”规划的通知',廊坊市人民政府办公室,2017-06-16,现行有效,地方政府规章及文件
'济南市人民政府关于加快济南产业金融中心建设的实施意见',济南市人民政府,2017-06-14,现行有效,地方政府规章及文件
'邢台市人民政府办公室关于印发邢台市体育产业发展“十三五”规划的通知',邢台市人民政府办公室,2017-06-13,现行有效,地方政府规章及文件
'衡水市人民政府办公室关于印发衡水市体育产业发展“十三五”规划的通知',衡水市人民政府办公室,2017-06-01,现行有效,地方政府规章及文件
'衡水市桃城区人民政府关于印发河北衡水桃城高新技术产业开发区人事和薪酬制度改革实施方案的通知',衡水市桃城区人民政府,2017-05-27,现行有效,地方政府规章及文件
'衡水市人民政府办公室关于印发加强安全环保节能管理加快全市化工产业转型升级意见的通知',衡水市人民政府办公室,2017-05-02,现行有效,地方政府规章及文件
'衡水市人民政府办公室关于印发衡水市促进主导产业转型升级加快发展的实施意见的通知',衡水市人民政府办公室,2017-04-24,现行有效,地方政府规章及文件
'沧州市人民政府办公室关于促进盐产业健康发展的指导意见',沧州市人民政府办公室,2017-04-10,现行有效,地方政府规章及文件
'济南市人民政府关于开展重点产业招商的实施意见',济南市人民政府,2017-03-09,现行有效,地方政府规章及文件
'石家庄市人民政府办公厅关于印发石家庄市产业发展鼓励和禁限指导意见(2017-2019年)的通知',石家庄市人民政府办公厅,2017-03-08,现行有效,地方政府规章及文件
'阜新市人民政府关于印发进一步推进阜新高新技术产业开发区实施“一区多园”建设工作方案的通知',阜新市人民政府,2017-01-11,现行有效,地方政府规章及文件
'邢台市人民政府关于推进财政性产业发展专项资金金融化改革的意见',邢台市人民政府,2017,现行有效,地方政府规章及文件
'淮北市人民政府办公室关于加快发展生产性服务业促进产业结构调整升级的实施意见',淮北市人民政府办公室,2016-12-27,现行有效,地方政府规章及文件
'石家庄市人民政府关于印发石家庄市健康产业“十三五”发展规划的通知',石家庄市人民政府,2016-12-26,现行有效,地方政府规章及文件
'石家庄市人民政府办公厅关于石化产业调结构促转型增效益的实施意见',石家庄市人民政府办公厅,2016-11-29,现行有效,地方政府规章及文件
'衡水市人民政府办公室关于石化产业调结构促转型增效益的实施意见',衡水市人民政府办公室,2016-11-22,现行有效,地方政府规章及文件
'衡水市人民政府办公室关于印发衡水市推进农村一二三产业融合发展重点工作责任分工的通知',衡水市人民政府办公室,2016-11-02,现行有效,地方政府规章及文件
'石家庄市人民政府关于财政资金注资政府投资基金支持产业发展的实施意见',石家庄市人民政府,2016-10-17,现行有效,地方政府规章及文件
'石家庄市人民政府办公厅关于认真贯彻落实省政府办公厅《关于推进农村一二三产业融合发展的实施意见》的通知',石家庄市人民政府办公厅,2016-09-23,现行有效,地方政府规章及文件
'石家庄市人民政府关于加快发展体育产业促进体育消费的实施意见',石家庄市人民政府,2016-09-22,现行有效,地方政府规章及文件
'承德市人民政府关于加快发展体育产业促进体育消费的实施意见',承德市人民政府,2016-08-25,现行有效,地方政府规章及文件
'衡水市人民政府办公室关于印发加快传统产业向六大主导产业整合升级的指导意见等文件的通知',衡水市人民政府办公室,2016-08-23,现行有效,地方政府规章及文件
'衡水市人民政府办公室关于印发衡水市“大健康、新医疗”产业发展规划(2016—2020年)的通知',衡水市人民政府办公室,2016-08-11,现行有效,地方政府规章及文件
'石家庄市人民政府办公厅关于印发石家庄市“落实6643任务”和“产业结构调整”工作责任分工方案的通知',石家庄市人民政府办公厅,2016-07-07,现行有效,地方政府规章及文件
'淮北市人民政府关于加快发展体育产业促进体育消费的实施意见',淮北市人民政府,2016-06-15,现行有效,地方政府规章及文件
'定州市人民政府关于印发定州市扶持电子商务产业发展十条措施的通知',定州市人民政府,2016-05-30,现行有效,地方政府规章及文件
'张家界市人民政府关于促进房地产业持续稳定健康发展的指导意见',张家界市人民政府,2016-05-25,现行有效,地方政府规章及文件
'廊坊市人民政府办公室关于印发廊坊市大数据产业发展规划纲要的通知',廊坊市人民政府办公室,2016-05-24,现行有效,地方政府规章及文件
'衡水市人民政府办公室关于加快推进“互联网+”产业集群建设的实施意见',衡水市人民政府办公室,2016-05-17,现行有效,地方政府规章及文件
'邯郸市人民政府关于加快打造超千亿元节能环保产业的实施意见',邯郸市人民政府,2016-05-11,现行有效,地方政府规章及文件
'衡水市人民政府关于促进全市服务外包产业加快发展的实施意见',衡水市人民政府,2016-05-10,现行有效,地方政府规章及文件
'定州市人民政府办公室关于印发定州市扶持蔬菜产业发展办法的通知',定州市人民政府办公室,2016-05-03,已失效,地方政府规章及文件
'淮北市人民政府办公室关于加快光伏发电应用促进光伏产业发展的意见',淮北市人民政府办公室,2016-04-29,现行有效,地方政府规章及文件
'邯郸市人民政府关于房地产业化解商品房库存的实施意见',邯郸市人民政府,2016-04-28,已失效,地方政府规章及文件
'廊坊市人民政府印发关于加快推进工业和服务业产业协会建设的意见的通知',廊坊市人民政府,2016-04-15,已失效,地方政府规章及文件
'淮北市人民政府关于加快建设战略性新兴产业集聚发展基地的意见',淮北市人民政府,2016-04-13,现行有效,地方政府规章及文件
'邯郸市人民政府关于加快发展体育产业促进体育消费的实施意见',邯郸市人民政府,2016-04-06,现行有效,地方政府规章及文件
'石家庄市人民政府办公厅关于印发石家庄市加快新能源汽车产业发展和推广应用若干措施的通知',石家庄市人民政府办公厅,2016-03-28,现行有效,地方政府规章及文件
'廊坊市人民政府关于促进全市服务外包产业发展的实施意见',廊坊市人民政府,2015-12-29,现行有效,地方政府规章及文件
'石家庄市人民政府关于贯彻落实《河北省钢铁产业结构调整和化解过剩产能攻坚行动计划(2015-2017年)》的实施意见',石家庄市人民政府,2015-12-28,现行有效,地方政府规章及文件
'廊坊市人民政府关于印发促进云计算创新发展培育信息产业新业态实施意见的通知',廊坊市人民政府,2015-12-24,现行有效,地方政府规章及文件
'张家界市人民政府关于促进流通产业加快发展的意见',张家界市人民政府,2015-12-21,现行有效,地方政府规章及文件
'石家庄市人民政府办公厅关于印发《石家庄市应急产业发展规划》的通知',石家庄市人民政府办公厅,2015-12-15,现行有效,地方政府规章及文件
'廊坊市人民政府印发关于加快发展体育产业促进体育消费的实施意见的通知',廊坊市人民政府,2015-12-14,现行有效,地方政府规章及文件
'石家庄市人民政府关于促进云计算创新发展培育信息产业新业态的实施意见',石家庄市人民政府,2015-10-30,现行有效,地方政府规章及文件
'邯郸市人民政府关于促进全市服务外包产业加快发展的实施意见',邯郸市人民政府,2015-09-28,现行有效,地方政府规章及文件
'廊坊市人民政府办公室关于加快木本油料产业发展的实施意见',廊坊市人民政府办公室,2015-08-25,现行有效,地方政府规章及文件
'石家庄市人民政府关于加快服务外包产业发展的若干意见',石家庄市人民政府,2015-06-17,现行有效,地方政府规章及文件
'淮北市人民政府办公室关于印发淮北市扶持产业发展专项资金使用管理暂行办法的通知',淮北市人民政府办公室,2015-04-30,现行有效,地方政府规章及文件
'淮北市人民政府办公室关于印发淮北市政府产业投资引导基金管理办法(试行)的通知',淮北市人民政府办公室,2015-04-30,现行有效,地方政府规章及文件
'邯郸市人民政府关于进一步促进房地产业平稳健康发展的若干意见',邯郸市人民政府,2015-04-29,已失效,地方政府规章及文件
'唐山市人民政府关于印发《唐山市产业投资引导基金管理暂行办法》的通知',唐山市人民政府,2015-03-27,已失效,地方政府规章及文件
'邯郸市人民政府印发关于促进房地产业平稳健康发展的意见的通知',邯郸市人民政府,2015-02-10,现行有效,地方政府规章及文件
'淮北市人民政府办公室关于深化流通体制改革加快流通产业发展的实施意见',淮北市人民政府办公室,2015-01-04,现行有效,地方政府规章及文件
'廊坊市人民政府关于印发廊坊市推进文化创意和设计服务与相关产业融合发展的实施意见的通知',廊坊市人民政府,2014-11-28,现行有效,地方政府规章及文件
'廊坊市人民政府办公室关于印发廊坊市战略性新兴产业发展项目管理暂行办法的通知',廊坊市人民政府办公室,2014-11-18,已失效,地方政府规章及文件
'渭南市人民政府办公室关于将肉牛肉羊产业纳入陕西现代畜牧业示范区建设的通知',渭南市人民政府办公室,2014-07-10,现行有效,地方政府规章及文件
'廊坊市人民政府关于促进光伏产业健康发展的实施意见',廊坊市人民政府,2014-07-04,现行有效,地方政府规章及文件
'衡水市人民政府办公室关于印发《关于实施“1+10”行动计划做大做强主导产业骨干企业的意见》的通知',衡水市人民政府办公室,2014-07-04,现行有效,地方政府规章及文件
'邯郸市人民政府关于加快推进全市蔬菜产业发展的指导意见',邯郸市人民政府,2014-04-28,现行有效,地方政府规章及文件
'邯郸市人民政府关于承接沿海产业转移加快发展加工贸易产业的实施意见',邯郸市人民政府,2014,现行有效,地方政府规章及文件
'张家界市人民政府办公室关于印发《张家界市农业产业提质升级“523”行动计划奖扶暂行办法》的通知',张家界市人民政府办公室,2013-11-22,现行有效,地方政府规章及文件
'邯郸市人民政府关于印发加快动力电池和储能电池产业化培育发展新能源汽车产业实施意见的通知',邯郸市人民政府,2013-08-08,现行有效,地方政府规章及文件
'衡水市人民政府关于印发《关于培育“行业巨人”促进产业升级的暂行办法》的通知',衡水市人民政府,2013-06-28,现行有效,地方政府规章及文件
'廊坊市人民政府办公室关于加强文化产业统计工作的通知',廊坊市人民政府办公室,2013-03-05,现行有效,地方政府规章及文件
'保定市人民政府关于加快我市服务外包产业发展的实施意见',保定市人民政府,2013-02-04,现行有效,地方政府规章及文件
'衡水市人民政府关于印发衡水市金融产业发展(2012-2015年)实施意见的通知',衡水市人民政府,2012-11-30,现行有效,地方政府规章及文件
'衡水市人民政府关于加强我市特色产业定向招商工作的意见(试行)',衡水市人民政府,2012-10-29,现行有效,地方政府规章及文件
'冀州市人民政府办公室关于国家科技富民强县专项行动计划加快我市棉花产业发展的实施意见',冀州市人民政府办公室,2012-09-24,现行有效,地方政府规章及文件
'衡水市人民政府办公室关于2012年全市蔬菜产业发展指导意见',衡水市人民政府办公室,2012-04-06,现行有效,地方政府规章及文件
'邯郸市人民政府关于加快果品产业发展的意见',邯郸市人民政府,2012,现行有效,地方政府规章及文件
'武邑县人民政府关于实施产业扶贫加快畜牧业发展的意见',衡水市武邑县人民政府,2008-01-09,现行有效,地方政府规章及文件
'沧州市人民政府办公室关于促进我市医药产业健康快速发展的实施意见',沧州市人民政府办公室,2016-10-31,现行有效,地方政府规章及文件
'沧州市人民政府办公室关于印发《沧州市“大健康、新医疗”产业发展规划(2016-2020年)》的通知',沧州市人民政府办公室,2016-09-30,现行有效,地方政府规章及文件
'阜新市人民政府关于市政府领导同志推进重点产业企业项目工作的通知',阜新市人民政府,2016-08-08,现行有效,地方政府规章及文件
'阜新市人民政府关于市政府领导同志推进重点产业企业项目工作的通知',阜新市人民政府,2016-08-08,现行有效,地方政府规章及文件
'沧州市人民政府关于加快发展体育产业促进体育消费的实施意见',沧州市人民政府,2016-06-22,现行有效,地方政府规章及文件
'阜新市人民政府办公室关于印发阜新市产业(创业)投资引导基金相关管理制度的通知',阜新市人民政府办公室,2016-04-27,现行有效,地方政府规章及文件
'关于重新修订印发《济南市市级文化产业发展专项资金管理暂行办法》的通知',中共济南市委宣传部;济南市财政局,2016-03-25,现行有效,地方政府规章及文件
'济南市槐荫区人民政府关于印发槐荫区产业扶持专项资金管理办法的通知',济南市槐荫区人民政府,2016-02-26,已失效,地方政府规章及文件
'阜新市人民政府关于加快发展服务外包产业的实施意见',阜新市人民政府,2016-02-14,现行有效,地方政府规章及文件
'济南市槐荫区人民政府关于印发槐荫区产业发展扶持政策的通知',济南市槐荫区人民政府,2016-02-03,现行有效,地方政府规章及文件
'淮南市人民政府关于安徽(淮南)现代煤化工产业园区财政管理体制的通知',淮南市人民政府,2016-01-20,现行有效,地方政府规章及文件
'济南市人民政府印发关于进一步促进生物医药产业发展的意见和进一步促进电子信息产业发展的意见的通知',济南市人民政府,2016-01-15,已失效,地方政府规章及文件
'济南市人民政府办公厅关于印发济南市加强安全环保节能管理加快化工产业转型升级实施方案的通知',济南市人民政府办公厅,2016-01-15,现行有效,地方政府规章及文件
'阜新市人民政府关于印发阜新市产业(创业)投资引导基金设立方案的通知',阜新市人民政府,2016-01-11,现行有效,地方政府规章及文件
'阜新市人民政府关于印发阜新市壮大战略性新兴产业实施方案的通知',阜新市人民政府,2016-01-11,现行有效,地方政府规章及文件
'济南市人民政府办公厅关于转发市城乡建设委《促进房地产业和建筑业稳定增长健康发展重点改革实施方案》的通知',济南市人民政府办公厅,2015-12-21,现行有效,地方政府规章及文件
'邢台市人民政府关于促进全市服务外包产业加快发展的实施意见',邢台市人民政府,2015-12-17,现行有效,地方政府规章及文件
'张家界市武陵源区人民政府办公室关于印发《武陵源区金融产业扶贫试点工作实施方案》的通知',张家界市武陵源区人民政府办公室,2015-12-15,现行有效,地方政府规章及文件
'阜新市人民政府关于印发阜新高新技术产业开发区“一区多园”建设实施意见的通知',阜新市人民政府,2015-11-01,现行有效,地方政府规章及文件
'淮南市人民政府办公室关于印发淮南市产业发展引导基金申请审批和监管办法(试行)的通知',淮南市人民政府办公室,2015-09-11,现行有效,地方政府规章及文件
'阜新市人民政府关于促进产业产品协作和地工产品销售的若干意见',阜新市人民政府,2015-08-14,现行有效,地方政府规章及文件
'沧州市人民政府办公室关于推进阿里巴巴沧州产业带建设的实施意见',沧州市人民政府办公室,2015-08-03,现行有效,地方政府规章及文件
'济南市人民政府关于进一步加快文化产业发展的实施意见',济南市人民政府,2015-05-01,现行有效,地方政府规章及文件
'淮南市人民政府关于大力培育主导产业促进高成长性产业加快发展的实施意见',淮南市人民政府,2015-04-13,现行有效,地方政府规章及文件
'沧州市人民政府关于加快文化产业发展的意见',沧州市人民政府,2014-11-14,现行有效,地方政府规章及文件
'石家庄市人民政府关于印发《石家庄市推进文化创意和设计服务与相关产业融合发展行动计划(2014-2020年)》的通知',石家庄市人民政府,2014-06-21,现行有效,地方政府规章及文件
'关于印发《加快济南市中小企业产业集群发展的意见》的通知',济南市经济和信息化委员会,2014-06-19,现行有效,地方政府规章及文件
'石家庄市人民政府关于中心城区工业企业搬迁改造和产业升级的实施意见',石家庄市人民政府,2014-05-26,现行有效,地方政府规章及文件
'关于印发济南市六大传统产业转型升级实施意见的通知',济南市经济和信息化委员会,2014-04-29,现行有效,地方政府规章及文件
'石家庄市人民政府关于加快推进卫星导航产业发展的实施意见',石家庄市人民政府,2014-03-21,现行有效,地方政府规章及文件
'邢台市人民政府印发关于进一步加快发展节能环保产业的十项措施的通知',邢台市人民政府,2014-03-05,现行有效,地方政府规章及文件
'关于印发《济南市工业产业引导资金企业技术改造项目竣工验收办法》的通知',济南市经济和信息化委员会;济南市财政局,2013-12-23,现行有效,地方政府规章及文件
'石家庄市人民政府关于印发石家庄市加快培育和发展战略性新兴产业十条政策的通知',石家庄市人民政府,2013-12-18,现行有效,地方政府规章及文件
'沧州市人民政府关于加快产业升级推进果品强市建设的实施意见',沧州市人民政府,2013-11-08,现行有效,地方政府规章及文件
'淮南市财政局转发《安徽省财政厅关于印发安徽省特色产业中小企业发展资金管理办法暨2013年度申报工作的通知》的通知',淮南市财政局,2013-10-29,现行有效,地方政府规章及文件
'石家庄市人民政府关于加快推进“五大产业园区”和“四个新市镇”城镇化建设的意见(试行)',石家庄市人民政府,2013-08-01,现行有效,地方政府规章及文件
'关于加强中药材供需对接促进我市中药产业健康发展的指导意见',济南市食品药品监督管理局,2013-07-09,现行有效,地方政府规章及文件
'阜新市人民政府关于鼓励企业整体搬迁到皮革和氟化工产业开发区的意见',阜新市人民政府,2013-04-19,现行有效,地方政府规章及文件
'淮南市财政局、淮南市经济和信息化委员会关于转发《安徽省军民结合高技术产业发展专项资金使用管理办法》的通知',淮南市财政局;淮南市经济和信息化委员会,2013-04-09,现行有效,地方政府规章及文件
'济南市人民政府办公厅关于加快花卉苗木产业发展的意见',济南市人民政府办公厅,2013-01-29,现行有效,地方政府规章及文件
'石家庄市人民政府印发关于促进石家庄空港工业园产业发展暂行办法的通知',石家庄市人民政府,2013-01-14,已失效,地方政府规章及文件
'广平县人民政府关于2013年进一步推进设施果蔬产业发展的实施意见',邯郸市广平县人民政府,2013,现行有效,地方政府规章及文件
'淮南市人民政府办公室关于印发淮南市战略性新兴产业发展“十二五”规划的通知',淮南市人民政府办公室,2012-10-26,现行有效,地方政府规章及文件
'石家庄市人民政府关于加快建设果品产业强市的实施意见',石家庄市人民政府,2012-08-06,现行有效,地方政府规章及文件
'关于转发《安徽省特色产业基地和科技型中小企业专项贷款风险准备金实施细则》的通知',淮南市财政局,2012-06-26,现行有效,地方政府规章及文件
'邢台市人民政府关于印发《打造四大千亿产业支持政策》的通知',邢台市人民政府,2012-05-30,已失效,地方政府规章及文件
'邢台市人民政府关于印发《加快培育和发展战略性新兴产业实施意见》的通知',邢台市人民政府,2012-05-24,现行有效,地方政府规章及文件
'转发省办关于《关于设立省级产业集群户外标志牌的通知》的通知',济南市经济和信息化委员会,2012-02-08,现行有效,地方政府规章及文件
'关于印发《淮南市承接产业转移示范区开发区基础设施建设项目投资补助实施细则》的通知',淮南市财政局,2012-02-03,现行有效,地方政府规章及文件
'石家庄市人民政府办公厅关于印发石家庄市管产业聚集区考核暂行办法的通知',石家庄市人民政府办公厅,2012-01-12,现行有效,地方政府规章及文件
'济南市人民政府办公厅转发市农业局《关于加快推进食用菌产业发展的意见》的通知',济南市人民政府办公厅,2012-01-05,现行有效,地方政府规章及文件
'邯郸市人民政府关于加快果品产业发展的意见',邯郸市人民政府,2012,现行有效,地方政府规章及文件
'合阳县人民政府办公室关于印发合阳县十二五农业产业发展总体规划的通知',渭南市合阳县人民政府办公室,2011-12-30,现行有效,地方政府规章及文件
'济南市人民政府关于印发济南市物联网产业发展“十二五”规划的通知',济南市人民政府,2011-12-07,现行有效,地方政府规章及文件
'济南市人民政府办公厅关于加快林业产业发展的意见',济南市人民政府办公厅,2011-10-20,现行有效,地方政府规章及文件
'淮北市人民政府关于扶持蔬菜产业发展的意见',淮北市人民政府,2011-09-02,现行有效,地方政府规章及文件
'张家口市人民政府关于印发《关于加快林业产业发展的指导意见》的通知',张家口市人民政府,2011-08-31,现行有效,地方政府规章及文件
'廊坊市人民政府办公室关于发挥保险职能作用加快推进我市粮食蔬菜及养殖产业发展的通知',廊坊市人民政府办公室,2011-08-31,现行有效,地方政府规章及文件
'沧州市人民政府关于沧州高新技术产业开发区财政管理体制问题的通知',沧州市人民政府,2011-07-18,已失效,地方政府规章及文件
'关于组织编制济南市工业通信业产业转移指导目录的通知',济南市经济和信息化委员会,2011-07-08,现行有效,地方政府规章及文件
'关于加快发展体育产业的意见',渭南市人民政府办公室,2011-06-21,现行有效,地方政府规章及文件
'石家庄市人民政府印发关于支持现代物流产业聚集区发展若干政策的通知',石家庄市人民政府,2011-05-31,现行有效,地方政府规章及文件
'桑植县工业园管理委员会关于印发《桑植县绿色综合产业园管理办法》的通知',张家界市桑植县工业园管理委员会,2011-05-10,现行有效,地方政府规章及文件
'关于印发邢台市产业发展专项资金使用管理意见的通知',邢台市人民政府,2011-05-09,已失效,地方政府规章及文件
'桑植县人民政府关于印发《关于加快推进绿色综合产业园区建设的实施意见》的通知',张家界市桑植县人民政府,2011-05-09,现行有效,地方政府规章及文件
'桑植县人民政府关于印发《桑植县绿色综合产业园鼓励投资暂行办法》的通知',张家界市桑植县人民政府,2011-05-09,已失效,地方政府规章及文件
'济南市人民政府关于印发济南市蔬菜产业振兴规划（2011-2015年）等4个规划的通知',济南市人民政府,2011-04-25,现行有效,地方政府规章及文件
'沧州市人民政府办公室关于促进电影产业繁荣发展的实施意见',沧州市人民政府办公室,2011-04-21,现行有效,地方政府规章及文件
'石家庄市人民政府关于推进物联网产业发展的实施意见',石家庄市人民政府,2011-04-06,已失效,地方政府规章及文件
'沧州市人民政府关于加快蔬菜产业发展的意见',沧州市人民政府,2011-03-17,现行有效,地方政府规章及文件
'张家口市人民政府办公室关于印发《张家口市食用菌产业发展规划》、《张家口市食用菌产业发展规划实施方案》的通知',张家口市人民政府办公室,2011-03-15,现行有效,地方政府规章及文件
'关于印发陇南市灾后重建农业特色产业发展基金管理实施办法的通知',陇南市人民政府办公室,2011-02-12,已失效,地方政府规章及文件
'区政府关于印发清河区鼓励和扶持文化创意产业园区发展若干意见(试行)的通知',淮安市清河区人民政府,2011-01-29,已失效,地方政府规章及文件
'济南市人民政府办公厅关于转发鲁政办发〔2010〕46号文件《促进电影产业繁荣发展的通知》',济南市人民政府办公厅,2010-12-30,现行有效,地方政府规章及文件
'济南市人民政府关于加快战略性新兴产业发展的意见',济南市人民政府,2010-12-27,现行有效,地方政府规章及文件
'济南市人民政府关于印发济南市战略性新兴产业发展规划（2010-2015年）的通知',济南市人民政府,2010-12-13,现行有效,地方政府规章及文件
'石家庄市人民政府办公厅关于印发河北省(石家庄)高端生物医药产业园(郄马镇区域)补偿安置办法的通知',石家庄市人民政府办公厅,2010-12-03,已失效,地方政府规章及文件
'关于转发山东省经济和信息化委员会《关于促进我省中药材产业发展的意见》的通知',济南市经济和信息化委员会,2010-11-29,现行有效,地方政府规章及文件
'合阳县人民政府办公室关于进一步做好秋季红提葡萄产业发展的通知',渭南市合阳县人民政府办公室,2010-11-05,现行有效,地方政府规章及文件
'秦皇岛市人民政府办公厅转发《关于促进银行卡产业发展的意见(2010年—2012年)》的通知',秦皇岛市人民政府办公厅,2010-10-09,现行有效,地方政府规章及文件
'关于印发《济南市服务外包产业发展专项资金使用管理办法》的通知',济南市财政局;济南市商务局,2010-09-27,现行有效,地方政府规章及文件
'平阴县人民政府办公室关于印发平阴县2010-2012年现代农业生产发展资金奶牛产业项目资金整合实施方案的通知',济南市平阴县人民政府办公室,2010-09-15,现行有效,地方政府规章及文件
'张家界市永定区人民政府关于加快油茶产业发展的意见',张家界市永定区人民政府,2010-09-01,现行有效,地方政府规章及文件
'关于印发《沧州市产业结构调整专项资金管理办法》的通知',沧州市人民政府,2010-08-26,已失效,地方政府规章及文件
'廊坊市人民政府关于加强示范县建设促进蔬菜产业健康快速发展的意见',廊坊市人民政府,2010-08-12,现行有效,地方政府规章及文件
'井陉县人民政府关于推进北方新材料科技产业聚集区建设的实施意见',石家庄市井陉县人民政府,2010-07-19,现行有效,地方政府规章及文件
'济南市人民政府办公厅转发市财政局等部门《关于改进和加强市级产业发展财政专项引导资金使用管理工作的意见》的通知',济南市人民政府办公厅,2010-07-06,现行有效,地方政府规章及文件
'中共淮南市委、淮南市人民政府关于承接产业转移投资若干优惠政策',中共淮南市委;淮南市人民政府,2010-06-18,现行有效,地方政府规章及文件
'张家口市人民政府办公室关于印发《倾力构筑富民强县支柱产业》调研报告的通知',张家口市人民政府办公室,2010-04-29,现行有效,地方政府规章及文件
'关于印发陇南市灾后重建农业特色产业发展基金管理暂行办法的通知',陇南市人民政府办公室,2010-04-28,已失效,地方政府规章及文件
'临漳县人民政府办公室关于印发服装产业城项目建设和马义线拓宽改造现场办公会会议纪要的通知',邯郸市临漳县人民政府办公室,2010-04-22,现行有效,地方政府规章及文件
'张家口市人民政府关于印发《张家口市文化产业规划纲要（2010—2015年）》的通知',张家口市人民政府,2010-04-20,现行有效,地方政府规章及文件
'石家庄市人民政府办公厅关于印发产业聚集区投资统计制度和规模以上工业统计制度实施办法的通知',石家庄市人民政府办公厅,2010-04-09,已失效,地方政府规章及文件
'武邑县人民政府关于实施产业扶贫加快畜牧业发展的意见',衡水市武邑县人民政府,2008-01-09,现行有效,地方政府规章及文件
'井陉县人民政府关于印发《井陉县核桃产业发展三年规划》的通知',石家庄市井陉县人民政府,2010-03-18,现行有效,地方政府规章及文件
'中共淮南市委、淮南市人民政府关于淮南高新技术产业开发区创业投资优惠政策的若干规定',中共淮南市委;淮南市人民政府,2010-03-15,现行有效,地方政府规章及文件
'石家庄市工商行政管理局关于印发《关于大力开展支持企业融资推动产业结构调整活动实施意见》的通知',石家庄市工商行政管理局,2010-03-12,现行有效,地方政府规章及文件
'桑植县人民政府办公室关于印发《桑植县服务重点企业和重点产业项目活动月实施方案》的通知',张家界市桑植县人民政府办公室,2010-03-12,已失效,地方政府规章及文件
'石家庄市人民政府关于支持产业聚集区加快发展的意见',石家庄市人民政府,2010-02-11,现行有效,地方政府规章及文件
'关于印发2010年全市旅游产业开发工作要点的通知',陇南市人民政府办公室,2010-01-22,现行有效,地方政府规章及文件
'张家口市人民政府关于金融支持“4＋3”产业发展的指导意见',张家口市人民政府,2010,现行有效,地方政府规章及文件
'秦皇岛市人民政府关于加快构建现代产业体系的意见',秦皇岛市人民政府,2009-12-30,现行有效,地方政府规章及文件
'石家庄市人民政府关于市级财政支持构建现代产业体系的意见',石家庄市人民政府,2009-12-25,已失效,地方政府规章及文件
'济南市人民政府办公厅转发市文化局等部门《关于扶持我市动漫产业发展的若干意见》的通知',济南市人民政府办公厅,2009-11-27,现行有效,地方政府规章及文件
'张家界市人民政府办公室关于推进茶产业发展的意见',张家界市人民政府办公室,2009-11-06,现行有效,地方政府规章及文件
'廊坊市人民政府办公室关于做好省产业调整振兴规划和市工业倍增计划组织实施工作的通知',廊坊市人民政府办公室,2009-08-31,现行有效,地方政府规章及文件
'秦皇岛市人民政府关于落实重点产业调整和振兴规划的实施意见',秦皇岛市人民政府,2009-08-24,现行有效,地方政府规章及文件
'济南市人民政府关于进一步促进服务外包产业发展的意见',济南市人民政府,2009-08-10,已失效,地方政府规章及文件
'济南市信息产业局关于领导干部定期接待群众来访的实施方案',济南市信息产业局,2009-08-10,现行有效,地方政府规章及文件
'石家庄市人民政府办公厅关于石家庄市加快主城区工业企业搬迁改造和产业升级实施意见(试行)的补充意见',石家庄市人民政府办公厅,2009-07-03,现行有效,地方政府规章及文件
'济南市人民政府关于印发济南市电子信息产业调整振兴规划的通知',济南市人民政府,2009-07-01,现行有效,地方政府规章及文件
'济南市人民政府关于印发济南市化工产业调整振兴规划的通知',济南市人民政府,2009-07-01,现行有效,地方政府规章及文件
'济南市人民政府关于印发济南市冶金产业调整振兴规划的通知',济南市人民政府,2009-06-30,现行有效,地方政府规章及文件
'济南市人民政府关于印发济南市新能源产业发展规划的通知',济南市人民政府,2009-06-30,现行有效,地方政府规章及文件
'关于印发陇南市旅游产业实现三年翻番与质量提升计划实施意见的通知',陇南市人民政府办公室,2009-06-03,现行有效,地方政府规章及文件
'关于转发《山东省现代农业生产发展资金畜牧产业项目管理暂行办法》的通知',济南市畜牧兽医局;济南市财政局,2009-05-12,现行有效,地方政府规章及文件
'张家口市人民政府关于促进全市房地产业健康稳定发展的实施意见',张家口市人民政府,2009-04-22,现行有效,地方政府规章及文件
'张家口市人民政府办公室关于印发《张家口市推进文化产业发展的若干政策》的通知',张家口市人民政府办公室,2009-04-15,现行有效,地方政府规章及文件
'大名县人民政府关于印发大名县2009—2011年香油产业发展规划的通知',邯郸市大名县人民政府,2009-03-28,现行有效,地方政府规章及文件
'唐山市人民政府关于印发《唐山市房地产业行政审批和收费制度改革实施方案》的通知',唐山市人民政府,2009-03-24,现行有效,地方政府规章及文件
'重庆市双桥区人民政府关于扩大内需促进房地产业健康发展的实施意见',重庆市双桥区人民政府,2009-03-23,已失效,地方政府规章及文件
'邢台市人民政府印发《关于提高行政审批效能优化房地产业发展环境的实施意见》的通知',邢台市人民政府,2009-03-09,已失效,地方政府规章及文件
'关于规范和加强对我市县域产业集群基地基础设施建设利用农业发展银行专项贷款资金管理的通知',阜新市人民政府,2009-02-18,现行有效,地方政府规章及文件
'关于印发2009年全市食用菌特色产业开发工作要点的通知',陇南市人民政府办公室,2009-02-17,现行有效,地方政府规章及文件
'槐荫区人民政府办公室关于进一步加强产业招商工作的通知',济南市槐荫区人民政府办公室,2009-01-16,现行有效,地方政府规章及文件
'石家庄市新闻出版局、石家庄市印刷协会2009年加快印刷包装产业发展实施意见',石家庄市新闻出版局;石家庄市印刷协会,2009-01-05,现行有效,地方政府规章及文件
'张家界市人民政府办公室关于印发张家界市水果产业发展规划(2008—2012年)的通知',张家界市人民政府办公室,2008-12-25,现行有效,地方政府规章及文件
'渭南市人民政府办公室转发《市人行关于促进渭南市银行卡产业发展意见》的通知',渭南市人民政府办公室,2008-12-10,现行有效,地方政府规章及文件
'济南市人民政府办公厅关于贯彻省政府办公厅鲁政办发〔2008〕50号文件进一步加强产业招商工作的通知',济南市人民政府办公厅,2008-12-02,现行有效,地方政府规章及文件
'邢台市人民政府关于促进房地产业健康发展的若干意见',邢台市人民政府,2008-11-18,已失效,地方政府规章及文件
'张家界市人民政府关于批转市发展和改革委员会《张家界市产业发展指导意见》的通知',张家界市人民政府,2008-11-17,现行有效,地方政府规章及文件
'张家口市人民政府关于印发《张家口市肉鸡产业发展规划(2009—2013年)》的通知',张家口市人民政府,2008-11-12,现行有效,地方政府规章及文件
'张家界市人民政府办公室关于印发张家界市花卉苗木产业发展规划(2008—2012年)的通知',张家界市人民政府办公室,2008-10-17,现行有效,地方政府规章及文件
'石家庄市人民政府关于促进房地产业健康发展的若干意见',石家庄市人民政府,2008-10-13,已失效,地方政府规章及文件
'关于进一步加快马铃薯产业开发的意见',陇南市人民政府,2008-10-13,现行有效,地方政府规章及文件
'张家界市人民政府办公室关于印发张家界市蔬菜产业发展规划(2008—2012年)的通知',张家界市人民政府办公室,2008-10-06,现行有效,地方政府规章及文件
'关于印发《沙河口区扶持总部、楼宇、新经济产业园区建设的若干政策（试行）》的通知',大连市沙河口区人民政府,2008-09-27,现行有效,地方政府规章及文件
'石家庄市人民政府办公厅印发关于优化省会产业布局促进项目建设又好又快发展实施意见的通知',石家庄市人民政府办公厅,2008-09-22,现行有效,地方政府规章及文件
'张家界市人民政府办公室关于印发《张家界市促进旅游产业发展奖励暂行办法》的通知',张家界市人民政府办公室,2008-07-28,现行有效,地方政府规章及文件
'张家界市人民政府办公室关于印发《张家界市旅游产业发展年度考核奖励暂行办法》的通知',张家界市人民政府办公室,2008-07-23,现行有效,地方政府规章及文件
'石家庄市人民政府关于实施优质粮食产业工程的指导意见',石家庄市人民政府,2008-06-10,现行有效,地方政府规章及文件
'石家庄市人民政府办公厅关于印发石家庄市主城区产业升级搬迁改造重点监控企业三年搬迁规划实施方案的通知',石家庄市人民政府办公厅,2008-05-07,现行有效,地方政府规章及文件
'济南市人民政府办公厅印发关于深化文化体制改革加快文化产业发展的若干政策的通知',济南市人民政府办公厅,2008-03-27,现行有效,地方政府规章及文件
'济南市人民政府办公厅关于建立济南市文化及相关产业统计报表制度的通知',济南市人民政府办公厅,2008-03-26,现行有效,地方政府规章及文件
'石家庄市人民政府关于印发石家庄市加快主城区工业企业搬迁改造和产业升级实施意见（试行）的通知',石家庄市人民政府,2008-03-22,现行有效,地方政府规章及文件
'济南市人民政府办公厅转发市农业局等部门《关于在机场周边加快农业产业结构调整发展生态高效农业的意见》的通知',济南市人民政府办公厅,2008-03-14,现行有效,地方政府规章及文件
'临漳县人民政府二00八年林业产业发展实施意见',邯郸市临漳县人民政府,2008-03-06,已失效,地方政府规章及文件
'沧州市人民政府关于加强省重点产业支撑项目选报工作的通知',沧州市人民政府,2008-02-20,现行有效,地方政府规章及文件
'关于2008年烤烟产业开发工作安排意见',陇南市人民政府办公室,2008-01-30,已失效,地方政府规章及文件
'辽宁省阜新市人民政府办公室印发《关于进一步加快发展南瓜产业实施意见》的通知',阜新市人民政府办公室,2007-12-17,现行有效,地方政府规章及文件
'关于进一步贯彻落实全市食用菌产业开发暨现场会议精神的通知',陇南市人民政府办公室,2007-12-11,现行有效,地方政府规章及文件
'关于进一步加快林业产业发展的意见',淮北市人民政府,2007-09-30,现行有效,地方政府规章及文件
'济南市历下区人民政府办公室关于进一步促进高新技术产业又好又快发展的意见',济南市历下区人民政府办公室,2007-09-18,现行有效,地方政府规章及文件
'济南市人民政府关于进一步加快软件产业发展的意见',济南市人民政府,2007-08-22,现行有效,地方政府规章及文件
'关于做大做强蔬菜产业的意见',唐山市农业局,2007-08-03,现行有效,地方政府规章及文件
'济南市人民政府关于促进服务外包产业发展的意见',济南市人民政府,2007-07-30,现行有效,地方政府规章及文件
'淮北市人民政府关于加快发展蔬菜产业的意见（试行）',淮北市人民政府,2007-06-01,现行有效,地方政府规章及文件
'关于印发2007年全市食用菌特色产业开发工作要点的通知',陇南市人民政府办公室,2007-04-28,已失效,地方政府规章及文件
'济南市人民政府办公厅关于进一步促进高新技术产业又好又快发展的意见',济南市人民政府办公厅,2007-04-20,现行有效,地方政府规章及文件
'陇南市人民政府办公室关于2007年烤烟产业开发工作安排意见',陇南市人民政府办公室,2007-04-16,现行有效,地方政府规章及文件
'关于印发2007年全市油橄榄产业开发工作要点的通知',陇南市人民政府办公室,2007-04-13,已失效,地方政府规章及文件
'关于印发2007年全市银杏产业开发工作要点的通知',陇南市人民政府办公室,2007-04-13,已失效,地方政府规章及文件
'关于转发陇南市“十一·五”渔业产业规划及二00七年工作要点通知',陇南市人民政府办公室,2007-04-05,现行有效,地方政府规章及文件
'邢台市人民政府办公室关于印发《邢台市百里产业经济带发展规划》的通知',邢台市人民政府办公室,2007-03-09,现行有效,地方政府规章及文件
'陇南市人民政府办公室关于印发2007年全市花椒产业开发工作要点的通知',陇南市人民政府办公室,2007-03-03,现行有效,地方政府规章及文件
'阜新市人民政府关于进一步扶持动漫游戏产业发展的意见',阜新市人民政府,2007-02-01,现行有效,地方政府规章及文件
'阜新市人民政府办公室转发市林业局关于加快三杏产业发展实施意见的通知',阜新市人民政府办公室,2007-01-28,现行有效,地方政府规章及文件
'阜新市人民政府办公室关于印发阜新市建立适应干旱气候条件农业产业结构实施方案的通知',阜新市人民政府办公室,2007-01-28,现行有效,地方政府规章及文件
'石家庄市人民政府办公厅关于印发石家庄市银行卡产业发展规划纲要（2006——2010）的通知',石家庄市人民政府办公厅,2006-12-27,现行有效,地方政府规章及文件
'淮南市人民政府办公室转发人民银行淮南市中心支行关于促进淮南市银行卡产业快速发展实施意见的通知',淮南市人民政府办公室,2006-12-20,现行有效,地方政府规章及文件
'保定市人民政府关于加快纺织服装产业发展的若干意见',保定市人民政府,2006-11-22,现行有效,地方政府规章及文件
'邢台市人民政府关于印发《邢台市太行山星火产业带建设规划（2006——2010年）》的通知',邢台市人民政府,2006-08-28,现行有效,地方政府规章及文件
'石家庄市人民政府关于印发石家庄市山区星火产业带建设规划（2006——2010）的通知',石家庄市人民政府,2006-07-14,现行有效,地方政府规章及文件
'淮北市人民政府关于印发淮北市建筑业和房地产业税收征收管理办法的通知',淮北市人民政府,2006-06-14,现行有效,地方政府规章及文件
'关于印发淮南市稻米产业提升行动实施方案的通知',淮南市人民政府办公室,2006-05-10,现行有效,地方政府规章及文件
'游仙区太平乡人民政府关于2006年蚕桑产业发展的实施意见',绵阳市游仙区太平乡人民政府,2006-03-15,现行有效,地方政府规章及文件
'游仙区太平乡人民政府关于2006年畜牧产业发展的实施意见',绵阳市游仙区太平乡人民政府,2006-03-15,现行有效,地方政府规章及文件
'邢台市人民政府关于加快发展天然气汽车产业的通知',邢台市人民政府,2006-01-18,现行有效,地方政府规章及文件
