'厦门经济特区两岸新兴产业和现代服务业合作示范区条例',厦门市人民代表大会常务委员会,2014-09-02,现行有效,地方性法规及文件
'厦门市人民代表大会常务委员会关于修改《厦门经济特区高新技术产业园区条例》的决定',厦门市人民代表大会常务委员会,2014-05-01,现行有效,地方性法规及文件
'福建省促进茶产业发展条例',福建省人民代表大会常务委员会,2012-03-31,现行有效,地方性法规及文件
'建瓯市人民政府办公室关于进一步支持5G网络建设和产业发展若干措施的通知',建瓯市人民政府办公室,2020-09-21,现行有效,地方政府规章及文件
'福建省人民政府办公厅关于印发福建省实施工业(产业)园区标准化建设推动制造业高质量发展三年行动计划(2020—2022年)的通知',福建省人民政府办公厅,2020-09-20,现行有效,地方政府规章及文件
'中国（福建）自由贸易试验区厦门片区管理委员会、湖里区人民政府关于支持电商直播产业发展若干办法的通知',中国（福建）自由贸易试验区厦门片区管理委员会;厦门市湖里区人民政府,2020-08-12,现行有效,地方政府规章及文件
'福建省人民政府办公厅关于进一步支持5G网络建设和产业发展若干措施的通知',福建省人民政府办公厅,2020-03-07,现行有效,地方政府规章及文件
'福建省人民政府关于实施工业(产业)园区标准化建设推动制造业高质量发展的指导意见',福建省人民政府,2020-02-14,已失效,地方政府规章及文件
'晋江市人民政府办公室关于印发晋江市进一步扶持泉州市(晋江)人力资源服务产业园发展的若干措施的通知',晋江市人民政府办公室,2019-08-27,现行有效,地方政府规章及文件
'关于印发海沧区加快推进福建自贸区厦门片区海沧园区产业发展扶持办法的通知',厦门市海沧区人民政府,2019-07-08,已失效,地方政府规章及文件
'福州市人民政府办公厅关于印发福州市促进电子商务产业加快发展实施办法的通知',福州市人民政府办公厅,2019-06-16,现行有效,地方政府规章及文件
'厦门市人民政府办公厅关于印发利用外国人144小时过境免签政策促进产业发展工作方案的通知',厦门市人民政府办公厅,2019-05-23,现行有效,地方政府规章及文件
'龙岩市人民政府关于推动军民融合产业高质量发展十条措施的通知',龙岩市人民政府,2019-04-25,现行有效,地方政府规章及文件
'漳平市人民政府办公室关于印发漳平市文旅电商产业扶持资金申报办法的通知',漳平市人民政府办公室,2019-02-27,现行有效,地方政府规章及文件
'福州市马尾区人民政府办公室关于印发《中国(福州)物联网产业创新发展中心扶持政策》的通知',福州市马尾区人民政府办公室,2019-02-19,现行有效,地方政府规章及文件
'厦门市湖里区人民政府、厦门市科学技术局关于印发促进厦门两岸集成电路产业园发展的办法的通知',厦门市湖里区人民政府;厦门市科学技术局,2019-01-28,现行有效,地方政府规章及文件
'南安市人民政府关于印发南安市扶持产业龙头企业和高成长企业做大做强的实施意见的通知',南安市人民政府,2019-01-15,已失效,地方政府规章及文件
'龙岩市人民政府办公室关于印发市本级重大产业项目前期评估制度的通知',龙岩市人民政府办公室,2019-01-11,现行有效,地方政府规章及文件
'厦门市海洋与渔业局关于印发厦门市海洋新兴产业龙头企业评选办法的通知',厦门市海洋与渔业局,2018-11-13,已失效,地方政府规章及文件
'漳州市人民政府办公室关于扶持钟表产业转型升级八条措施的通知',漳州市人民政府办公室,2018-11-12,已失效,地方政府规章及文件
'平潭综合实验区促进两岸影视产业合作发展的实施细则',福建省平潭综合实验区管理委员会办公室,2018-11-12,现行有效,地方政府规章及文件
'泉州市人民政府办公室关于印发泉州市石墨烯产业发展路线图(2018—2025年)的通知',泉州市人民政府办公室,2018-10-25,现行有效,地方政府规章及文件
'平潭综合实验区管委会关于印发平潭综合实验区培育集成电路产业发展的若干措施(试行)的通知',福建省平潭综合实验区管理委员会,2018-10-18,现行有效,地方政府规章及文件
'平潭综合实验区管委会关于印发平潭综合实验区跨境电子商务及国际快件产业奖补办法(试行)的通知',福建省平潭综合实验区管理委员会,2018-10-18,已失效,地方政府规章及文件
'厦门市人民政府办公厅关于调整加快发展集成电路产业实施细则的通知',厦门市人民政府办公厅,2018-10-03,现行有效,地方政府规章及文件
'泉州市人民政府办公室关于印发泉州市加快发展健身休闲产业实施方案的通知',泉州市人民政府办公室,2018-09-12,现行有效,地方政府规章及文件
'三明市人民政府关于印发三明市千亿产业集群培育计划的通知',三明市人民政府,2018-09-11,现行有效,地方政府规章及文件
'泉州市人民政府办公室关于扶持产业龙头企业和高成长企业做大做强的若干意见',泉州市人民政府办公室,2018-08-21,已失效,地方政府规章及文件
'三明市人民政府办公室关于印发三明市产业引导基金托管机构遴选办法的通知',三明市人民政府办公室,2018-08-16,现行有效,地方政府规章及文件
'厦门市人民政府关于加快农业优势特色产业发展的意见',厦门市人民政府,2018-08-15,现行有效,地方政府规章及文件
'福州经济技术开发区管理委员会办公室、福州市马尾区人民政府办公室关于印发《福州经济技术开发区扶持电子信息(微电子物联网)产业发展的政策措施》的通知',福州经济技术开发区管理委员会办公室;福州市马尾区人民政府办公室,2018-06-29,现行有效,地方政府规章及文件
'南平市人民政府办公室转发《国务院办公厅关于加快推进农业供给侧结构性改革大力发展粮食产业经济意见》的通知',南平市人民政府办公室,2018-06-21,现行有效,地方政府规章及文件
'南安市人民政府办公室关于加快泛家居产业发展若干措施的通知',南安市人民政府办公室,2018-06-19,已失效,地方政府规章及文件
'漳州市人民政府办公室关于支持食品产业做大做强八条措施的通知',漳州市人民政府办公室,2018-06-01,已失效,地方政府规章及文件
'诏安县人民政府关于印发诏安县促进锂电新能源产业链发展扶持措施的通知',漳州市诏安县人民政府,2018-05-31,现行有效,地方政府规章及文件
'南平市延平区人民政府办公室关于印发《南平市延平区“项目突破年”活动产业项目突破工作专项实施方案》的通知',南平市延平区人民政府办公室,2018-05-29,现行有效,地方政府规章及文件
'南平市延平区人民政府关于印发2018年第三产业发展工作意见的通知',南平市延平区人民政府,2018-05-25,现行有效,地方政府规章及文件
'三明市人民政府关于印发三明市实施战略性新兴产业倍增行动计划(2018—2020年)的通知',三明市人民政府,2018-05-09,现行有效,地方政府规章及文件
'漳州市人民政府办公室关于印发漳州市产业股权投资基金管理办法的通知',漳州市人民政府办公室,2018-05-07,现行有效,地方政府规章及文件
'华安县人民政府关于印发华安县国家重点生态功能区产业准入负面清单制度实施方案的通知',漳州市华安县人民政府,2018-04-24,已失效,地方政府规章及文件
'南平市人民政府办公室关于印发南平市“项目突破年”活动产业项目突破工作专项实施方案的通知',南平市人民政府办公室,2018-04-14,现行有效,地方政府规章及文件
'莆田市人民政府关于加快推进农业供给侧结构性改革大力发展粮食产业经济的实施意见',莆田市人民政府,2018-04-10,现行有效,地方政府规章及文件
'莆田市人民政府办公室关于推进发展特色农业产业扶贫的实施意见',莆田市人民政府办公室,2018-04-02,现行有效,地方政府规章及文件
'龙岩市人民政府关于支持专用车产业加快发展八条措施的通知',龙岩市人民政府,2018-03-27,已失效,地方政府规章及文件
'三明市人民政府办公室关于加快发展健身休闲产业的实施意见',三明市人民政府办公室,2018-03-13,现行有效,地方政府规章及文件
'南平市人民政府办公室关于印发2018年第三产业工作考评方案的通知',南平市人民政府办公室,2018-03-09,现行有效,地方政府规章及文件
'建瓯市人民政府关于印发建瓯市2018年第三产业发展工作意见的通知',建瓯市人民政府,2018-03-08,现行有效,地方政府规章及文件
'建瓯市人民政府办公室关于印发建瓯市2018年第三产业主要指标考评办法的通知',建瓯市人民政府办公室,2018-03-08,现行有效,地方政府规章及文件
'南平市延平区人民政府办公室关于印发《延平区花卉苗木产业发展实施方案(2018-2020)》的通知',南平市延平区人民政府办公室,2018-02-28,现行有效,地方政府规章及文件
'漳州市人民政府办公室关于加快推进农业供给侧结构性改革大力发展粮食产业经济的实施意见',漳州市人民政府办公室,2018-02-27,现行有效,地方政府规章及文件
'厦门市集美区人民政府办公室关于印发集美区扶持重点产业企业人才暂行办法的通知',厦门市集美区人民政府办公室,2018-02-12,已失效,地方政府规章及文件
'南平市人民政府办公室关于印发加快武夷智谷软件园数字信息产业发展暂行办法的通知',南平市人民政府办公室,2018-02-12,现行有效,地方政府规章及文件
'南靖县人民政府办公室关于支持返乡下乡人员创业创新促进农村一二三产业融合发展的意见',漳州市南靖县人民政府办公室,2018-02-11,现行有效,地方政府规章及文件
'南安市人民政府办公室关于推进农村一二三产业融合发展的实施意见',南安市人民政府办公室,2018-02-07,现行有效,地方政府规章及文件
'漳州市人民政府关于加快康复产业发展若干措施的通知',漳州市人民政府,2018-02-01,现行有效,地方政府规章及文件
'宁德市人民政府关于加快体育产业发展促进体育消费的实施意见',宁德市人民政府,2018-02-01,现行有效,地方政府规章及文件
'建瓯市人民政府办公室关于配合做好建瓯市笋竹产业链互联网平台建设运营工作的通知',建瓯市人民政府办公室,2018-01-29,现行有效,地方政府规章及文件
'福清市人民政府关于福清市印发促进电子商务产业发展的若干措施的通知',福清市人民政府,2018-01-18,已失效,地方政府规章及文件
'三明市人民政府办公室关于印发新兴产业投资基金子基金管理机构遴选办法的通知',三明市人民政府办公室,2018-01-17,现行有效,地方政府规章及文件
'泉州市人民政府办公室关于印发泉州市产业股权投资基金管理规定的通知',泉州市人民政府办公室,2018,现行有效,地方政府规章及文件
'泉州市人民政府办公室关于印发泉州市推进电子信息产业重大项目行动方案(2018-2020年)的通知',泉州市人民政府办公室,2018,现行有效,地方政府规章及文件
'泉州市人民政府办公室关于印发泉州市2018年“第三产业提升年”活动方案的通知',泉州市人民政府办公室,2018,现行有效,地方政府规章及文件
'南平市人民政府办公室关于促进新能源汽车推广应用和产业发展的实施意见',南平市人民政府办公室,2017-12-31,现行有效,地方政府规章及文件
'莆田市人民政府办公室关于印发《莆田市体育产业发展行动计划(2017-2021年)》的通知',莆田市人民政府办公室,2017-12-27,现行有效,地方政府规章及文件
'南平市人民政府办公室关于建立健全产业分析推进工作机制的实施意见',南平市人民政府办公室,2017-12-27,现行有效,地方政府规章及文件
'三明市人民政府办公室关于加快全市新能源汽车推广应用促进产业发展的实施意见',三明市人民政府办公室,2017-12-22,已失效,地方政府规章及文件
'宁德市人民政府关于印发宁德市促进生物与新医药产业发展五条措施的通知',宁德市人民政府,2017-12-20,已失效,地方政府规章及文件
'漳州市人民政府办公室关于支持返乡下乡人员创业创新促进农村一二三产业融合发展的意见',漳州市人民政府办公室,2017-12-19,现行有效,地方政府规章及文件
'厦门市人民政府办公厅关于印发加快新能源汽车推广应用促进产业发展实施意见的通知',厦门市人民政府办公厅,2017-12-13,已失效,地方政府规章及文件
'三明市人民政府办公室关于进一步加快农业七大优势特色产业发展的通知',三明市人民政府办公室,2017-12-04,现行有效,地方政府规章及文件
'南平市人民政府办公室关于印发《南平市林竹产业发展实施方案》的通知',南平市人民政府办公室,2017-12-02,现行有效,地方政府规章及文件
'南平市人民政府办公室关于印发《南平市花卉苗木产业发展实施方案》的通知',南平市人民政府办公室,2017-12-02,现行有效,地方政府规章及文件
'南平市延平区人民政府办公室关于印发《2017年延平区农村一二三产业融合发展项目实施方案》的通知',南平市延平区人民政府办公室,2017-12-01,现行有效,地方政府规章及文件
'厦门市人民政府办公厅关于印发促进生物医药与健康产业发展实施意见的通知',厦门市人民政府办公厅,2017-11-28,现行有效,地方政府规章及文件
'南平市人民政府办公室关于印发南平市数字信息产业发展规划(2017—2025年)的通知',南平市人民政府办公室,2017-11-27,现行有效,地方政府规章及文件
'南平市人民政府办公室关于印发南平市文化创意产业发展规划(2017—2025年)的通知',南平市人民政府办公室,2017-11-27,现行有效,地方政府规章及文件
'南平市人民政府办公室关于印发南平市健康养生产业发展规划(2017—2025年)的通知',南平市人民政府办公室,2017-11-27,现行有效,地方政府规章及文件
'南平市人民政府办公室关于印发南平市生物产业发展规划(2017—2025年)的通知',南平市人民政府办公室,2017-11-27,现行有效,地方政府规章及文件
'南平市人民政府办公室关于印发南平市旅游产业发展规划(2017—2025年)的通知',南平市人民政府办公室,2017-11-27,现行有效,地方政府规章及文件
'宁德市人民政府办公室关于加快推进新能源汽车推广应用和产业发展的实施意见',宁德市人民政府办公室,2017-11-23,已失效,地方政府规章及文件
'龙岩市人民政府关于加快七大优势特色农业产业发展的实施意见',龙岩市人民政府,2017-11-09,现行有效,地方政府规章及文件
'南靖县人民政府办公室关于印发南靖县扶持茶产业发展十条措施的通知',漳州市南靖县人民政府办公室,2017-11-01,现行有效,地方政府规章及文件
'宁德市人民政府关于印发宁德市促进军民融合产业发展六条措施的通知',宁德市人民政府,2017-10-20,已失效,地方政府规章及文件
'南安市人民政府关于促进半导体产业发展的实施意见',南安市人民政府,2017-10-16,已失效,地方政府规章及文件
'南平市延平区人民政府关于延平新城产业园区项目征收炉下镇范围内土地的预公告',南平市延平区人民政府,2017-10-10,现行有效,地方政府规章及文件
'南安市人民政府办公室关于做好“泉州芯谷”南安高新技术产业园区民生保障“十大工程”的实施意见',南安市人民政府办公室,2017-10-09,现行有效,地方政府规章及文件
'石狮市人民政府办公室关于推进农村一二三产业融合发展的实施意见',石狮市人民政府办公室,2017-09-28,现行有效,地方政府规章及文件
'福建省人民政府关于印发福建省新能源汽车产业发展规划(2017-2020年)的通知',福建省人民政府,2017-09-23,现行有效,地方政府规章及文件
'南靖县人民政府关于印发南靖县建立正向激励机制促进南靖闽台精密机械产业园发展十条措施的通知',漳州市南靖县人民政府,2017-09-08,已失效,地方政府规章及文件
'宁德市人民政府办公室关于加快传统产业转型升级的通知',宁德市人民政府办公室,2017-08-30,现行有效,地方政府规章及文件
'厦门市人民政府关于加快发展体育产业促进体育消费若干措施的通知',厦门市人民政府,2017-08-24,现行有效,地方政府规章及文件
'厦门市经济和信息化局关于印发厦门市VR/AR产业发展规划(2017-2022年)的通知',厦门市经济和信息化局,2017-08-17,现行有效,地方政府规章及文件
'福建省人民政府关于加快农业七大优势特色产业发展的意见',福建省人民政府,2017-08-05,现行有效,地方政府规章及文件
'宁德市人民政府关于印发宁德市促进冶金新材料产业发展六条措施的通知',宁德市人民政府,2017-07-17,已失效,地方政府规章及文件
'厦门市人民政府办公厅转发福建省人民政府办公厅《关于支持返乡下乡人员创业创新促进农村一二三产业融合发展意见》的通知',厦门市人民政府办公厅,2017-07-11,现行有效,地方政府规章及文件
'宁德市人民政府办公室关于推进农村一二三产业融合发展的实施意见',宁德市人民政府办公室,2017-07-07,现行有效,地方政府规章及文件
'莆田市人民政府办公室关于加快推进建设美丽莆田·绿色产业(二产)专项行动的通知',莆田市人民政府办公室,2017-06-23,现行有效,地方政府规章及文件
'漳州市芗城区人民政府关于印发《漳州市芗城区人民政府关于促进建筑产业加快发展的意见》的通知',漳州市芗城区人民政府,2017-06-18,已失效,地方政府规章及文件
'福建省人民政府关于加快康复产业发展八条措施的通知',福建省人民政府,2017-06-02,现行有效,地方政府规章及文件
'莆田市人民政府办公室关于建立健全产业分析推进工作机制的实施意见',莆田市人民政府办公室,2017-05-26,现行有效,地方政府规章及文件
'莆田市人民政府办公室关于建设美丽莆田绿色产业(三产)工作机制的通知',莆田市人民政府办公室,2017-05-09,现行有效,地方政府规章及文件
'漳州市人民政府办公室关于印发漳州市“十三五”战略性新兴产业发展专项规划的通知',漳州市人民政府办公室,2017-04-18,现行有效,地方政府规章及文件
'石狮市人民政府关于印发《扶持石狮市纺织服装产业联盟发展若干措施》的通知',石狮市人民政府,2017-04-14,已失效,地方政府规章及文件
'厦门市经济和信息化局关于落实2016年软件和集成电路产业企业所得税优惠政策有关事项的通知',厦门市经济和信息化局,2017-04-10,现行有效,地方政府规章及文件
'三明市人民政府办公室关于印发2017年民营企业产业项目对接工作方案的通知',三明市人民政府办公室,2017-03-30,现行有效,地方政府规章及文件
'厦门火炬高新区管委会关于印发《厦门火炬高技术产业开发区建设工程招投标管理暂行办法》的通知',厦门火炬高技术产业开发区管理委员会,2017-03-27,现行有效,地方政府规章及文件
'漳州市人民政府办公室关于印发漳州市中药材产业发展规划(2016－2025年)的通知',漳州市人民政府办公室,2017-03-24,现行有效,地方政府规章及文件
'厦门市人民政府办公厅关于印发建立健全都市现代农业产业分析推进工作机制实施意见的通知',厦门市人民政府办公厅,2017-03-23,现行有效,地方政府规章及文件
'厦门市人民政府办公厅关于印发建立健全海洋高新产业分析推进工作机制实施意见的通知',厦门市人民政府办公厅,2017-03-23,现行有效,地方政府规章及文件
'关于印发《关于调整财政扶持农业产业政策增加村集体收入的实施方案》的通知',厦门市财政局;厦门市农业局;厦门市水利局;共青团厦门市委;厦门市妇女联合会,2017-03-23,现行有效,地方政府规章及文件
'厦门市经济和信息化局、厦门市发展和改革委员会关于转发《信息产业发展指南》的通知',厦门市经济和信息化局;厦门市发展和改革委员会,2017-03-23,现行有效,地方政府规章及文件
'南平市延平区人民政府关于印发2017年第三产业发展工作意见的通知',南平市延平区人民政府,2017-03-15,现行有效,地方政府规章及文件
'龙岩市人民政府办公室关于推进农村一二三产业融合发展的实施意见',龙岩市人民政府办公室,2017-03-02,现行有效,地方政府规章及文件
'龙岩市人民政府关于印发龙岩市房地产业发展三年(2017—2019)行动计划的通知',龙岩市人民政府,2017-02-28,现行有效,地方政府规章及文件
'宁德市人民政府关于印发宁德市促进锂电新能源产业链发展七条措施的通知',宁德市人民政府,2017-02-14,现行有效,地方政府规章及文件
'石狮市人民政府关于印发《石狮市智能产业发展规划(2016-2030)》的通知',石狮市人民政府,2017-02-04,现行有效,地方政府规章及文件
'石狮市人民政府关于加快发展智能产业配套政策的通知',石狮市人民政府,2017-02-04,已失效,地方政府规章及文件
'莆田市人民政府办公室转发《福建省人民政府关于培育新型粮食市场主体促进粮食产业发展意见》的通知',莆田市人民政府办公室,2017-01-22,现行有效,地方政府规章及文件
'石狮市人民政府关于印发《石狮市海洋产业发展“十三五”规划(2016-2020)》的通知',石狮市人民政府,2017-01-12,现行有效,地方政府规章及文件
'宁德市人民政府关于培育新型粮食市场主体促进粮食产业发展的意见',宁德市人民政府,2017-01-09,现行有效,地方政府规章及文件
'厦门市经济和信息化局转发《工业和信息化部、商务部关于加快我国包装产业转型发展的指导意见》的通知',厦门市经济和信息化局,2017-01-04,现行有效,地方政府规章及文件
'泉州市人民政府办公室关于印发泉州市促进医药产业健康发展实施方案的通知',泉州市人民政府办公室,2017,现行有效,地方政府规章及文件
'泉州市人民政府办公室关于印发泉州市2017年“第三产业提升年”活动实施方案的通知',泉州市人民政府办公室,2017,现行有效,地方政府规章及文件
'泉州市人民政府关于加快发展体育产业促进体育消费十一条措施的通知',泉州市人民政府,2017,现行有效,地方政府规章及文件
'泉州市人民政府办公室关于推进农村一二三产业融合发展的实施意见',泉州市人民政府办公室,2017,现行有效,地方政府规章及文件
'泉州市人民政府关于推动机器人产业快速发展的实施意见',泉州市人民政府,2017,已失效,地方政府规章及文件
'三明市人民政府办公室关于落实培育新型粮食市场主体促进粮食产业发展的通知',三明市人民政府办公室,2016-12-30,现行有效,地方政府规章及文件
'南靖县人民政府关于培育新型粮食市场主体促进粮食流通产业发展的实施意见',漳州市南靖县人民政府,2016-12-29,现行有效,地方政府规章及文件
'厦门市人民政府关于培育新型粮食市场主体促进粮食产业发展的意见',厦门市人民政府,2016-12-28,现行有效,地方政府规章及文件
'南安市人民政府办公室关于加快推进竹产业发展措施的通知',南安市人民政府办公室,2016-12-08,现行有效,地方政府规章及文件
'福建省人民政府关于加快物联网产业发展八条措施的通知',福建省人民政府,2016-11-25,现行有效,地方政府规章及文件
'南平市人民政府办公室关于印发南平市“十三五”战略性新兴产业培育和发展专项规划的通知',南平市人民政府办公室,2016-11-18,现行有效,地方政府规章及文件
'福建省人民政府关于培育新型粮食市场主体促进粮食产业发展的意见',福建省人民政府,2016-11-07,现行有效,地方政府规章及文件
'宁德市人民政府办公室关于加快推进竹产业发展促进脱贫致富的通知',宁德市人民政府办公室,2016-11-01,现行有效,地方政府规章及文件
'南安市人民政府办公室关于印发南安市推进建筑(装饰)产业现代化试点实施方案的通知',南安市人民政府办公室,2016-08-29,已失效,地方政府规章及文件
'宁德市人民政府办公室关于印发宁德市推进文化创意和设计服务与相关产业融合发展实施意见的通知',宁德市人民政府办公室,2016-06-23,现行有效,地方政府规章及文件
'厦门市发展改革委关于项目用地出让产业审查工作委内责任分工的通知',厦门市发展和改革委员会,2016-06-21,现行有效,地方政府规章及文件
'南平市延平区人民政府办公室关于印发2016年第三产业发展工作意见的通知',南平市延平区人民政府办公室,2016-05-10,现行有效,地方政府规章及文件
'石狮市人民政府关于印发《石狮市产业引导基金设立方案》的通知',石狮市人民政府,2016-03-25,现行有效,地方政府规章及文件
'泉州市人民政府办公室关于印发泉州市推进建筑产业现代化试点实施方案的通知',泉州市人民政府办公室,2016,已失效,地方政府规章及文件
'泉州市人民政府关于培育新型粮食市场主体促进粮食产业发展的实施意见',泉州市人民政府,2016,现行有效,地方政府规章及文件
'泉州市人民政府关于推动职业教育与产业需求紧密结合的实施意见',泉州市人民政府,2016,现行有效,地方政府规章及文件
'泉州市人民政府办公室关于印发泉州市“十三五”文化产业发展专项规划的通知',泉州市人民政府办公室,2016,现行有效,地方政府规章及文件
'建瓯市人民政府关于近期加快建瓯旅游和美食产业发展的实施意见',建瓯市人民政府,2015-11-04,现行有效,地方政府规章及文件
'三明市人民政府办公室关于印发产业发展基金设立方案的通知',三明市人民政府办公室,2015-08-26,现行有效,地方政府规章及文件
'晋江市人民政府关于印发晋江市产业创投引导基金管理暂行规定通知',晋江市人民政府,2015-08-13,现行有效,地方政府规章及文件
'南平市延平区人民政府办公室转发《南平市促进第三产业加快发展八条措施》的通知',南平市延平区人民政府办公室,2015-06-29,现行有效,地方政府规章及文件
'建瓯市人民政府关于印发建瓯市2015年加快以旅游业为重点的第三产业发展工作意见的通知',建瓯市人民政府,2015-04-22,现行有效,地方政府规章及文件
'晋江市人民政府关于促进旅游产业加快发展的若干意见',晋江市人民政府,2015-04-08,已失效,地方政府规章及文件
'南安市人民政府关于加快推进“数控一代”促进智能装备产业发展的实施意见',南安市人民政府,2015-04-08,已失效,地方政府规章及文件
'晋江市人民政府关于促进传统产业转型升级的若干意见',晋江市人民政府,2015-04-03,已失效,地方政府规章及文件
'晋江市人民政府关于促进文化产业加快发展的若干意见',晋江市人民政府,2015-04-03,已失效,地方政府规章及文件
'三明市人民政府办公室关于印发2015年民营企业产业项目对接工作方案的通知',三明市人民政府办公室,2015-03-18,现行有效,地方政府规章及文件
'泉州市人民政府办公室关于印发泉州市产业股权投资基金管理规定(试行)的通知',泉州市人民政府办公室,2015,现行有效,地方政府规章及文件
'泉州市人民政府关于提升现代茶产业发展水平若干措施的通知',泉州市人民政府,2015,现行有效,地方政府规章及文件
'泉州市人民政府关于印发泉州市网商(虚拟)产业园区集群注册登记管理暂行规定的通知',泉州市人民政府,2015,现行有效,地方政府规章及文件
'宁德市人民政府关于进一步促进医药产业发展有关措施的通知',宁德市人民政府,2014-12-10,已失效,地方政府规章及文件
'晋江市人民政府关于扶持现代花卉苗木产业发展(2015—2019年)的若干意见',晋江市人民政府,2014-10-24,已失效,地方政府规章及文件
'泉州市鲤城区人民政府关于加快发展电子商务产业的实施意见的通知',泉州市鲤城区人民政府,2014-10-21,已失效,地方政府规章及文件
'宁德市人民政府办公室关于加快推进合成革产业转型升级清洁生产的意见',宁德市人民政府办公室,2014-10-20,现行有效,地方政府规章及文件
'宁德市人民政府关于贯彻落实全省石化等七类产业布局的意见',宁德市人民政府,2014-08-19,现行有效,地方政府规章及文件
'三明市人民政府关于贯彻落实省政府加快医药产业发展十二条措施的实施意见',三明市人民政府,2014-08-04,现行有效,地方政府规章及文件
'漳州市人民政府关于保护和扶持水仙花产业发展的若干意见',漳州市人民政府,2014-07-18,现行有效,地方政府规章及文件
'南安市人民政府办公室关于印发全市旅游产业发展2014年行动计划的通知',南安市人民政府办公室,2014-06-09,现行有效,地方政府规章及文件
'三明市人民政府办公室关于印发三明市电子商务产业发展规划(2014—2018年)的通知',三明市人民政府办公室,2014-06-04,现行有效,地方政府规章及文件
'宁德市人民政府关于印发宁德市产业龙头促进计划实施方案的通知',宁德市人民政府,2014-05-29,现行有效,地方政府规章及文件
'三明市人民政府办公室关于印发2014年民营企业产业项目对接工作方案的通知',三明市人民政府办公室,2014-04-18,现行有效,地方政府规章及文件
'漳州市人民政府关于产业龙头促进计划实施方案的通知',漳州市人民政府,2014-04-10,现行有效,地方政府规章及文件
'三明市人民政府办公室关于印发三明市2014年深化“五大战役”推动产业转型升级行动计划实施方案的通知',三明市人民政府办公室,2014-04-03,现行有效,地方政府规章及文件
'漳州市人民政府关于培育产业龙头十条措施的通知',漳州市人民政府,2014-03-30,已失效,地方政府规章及文件
'宁德市人民政府办公室关于印发2014年宁德市产业转型升级行动计划实施方案的通知',宁德市人民政府办公室,2014-03-13,现行有效,地方政府规章及文件
'宁德市人民政府关于加快竹产业发展促进农民增收的实施意见',宁德市人民政府,2014-02-14,现行有效,地方政府规章及文件
'漳平市人民政府关于印发促进漳平市第三产业发展的若干意见(试行)的通知',漳平市人民政府,2013-12-18,现行有效,地方政府规章及文件
'石狮市人民政府办公室关于加强文化产业统计工作的通知',石狮市人民政府办公室,2013-09-24,现行有效,地方政府规章及文件
'漳平市人民政府关于扶持装备制造业和轻纺产业发展的实施意见',漳平市人民政府,2013-09-10,现行有效,地方政府规章及文件
'宁德市人民政府办公室关于印发扶持东部呼叫中心中国·声立方项目产业园上下游配套企业发展若干意见的通知',宁德市人民政府办公室,2013-08-17,现行有效,地方政府规章及文件
'漳州市人民政府办公室关于加快推进现代渔业产业园区建设的意见',漳州市人民政府办公室,2013-08-05,现行有效,地方政府规章及文件
'建瓯市人民政府办公室关于做好2013年食品产业招商引资有关工作的通知',建瓯市人民政府办公室,2013-05-09,现行有效,地方政府规章及文件
'南安市人民政府办公室关于印发南安市2013年深化“第三产业发展年”活动实施方案的通知',南安市人民政府办公室,2013-03-29,现行有效,地方政府规章及文件
'宁德市人民政府关于进一步加快花卉苗木产业发展的实施意见',宁德市人民政府,2013-01-08,现行有效,地方政府规章及文件
'漳州市人民政府关于扶持花卉苗木产业发展的意见',漳州市人民政府,2012-12-06,现行有效,地方政府规章及文件
'宁德市人民政府关于印发中科宁德高新技术产业示范园区的扶持政策的通知',宁德市人民政府,2012-10-10,已失效,地方政府规章及文件
'宁德市人民政府办公室关于印发中科宁德高新技术产业示范园企业准入条件的通知',宁德市人民政府办公室,2012-09-24,现行有效,地方政府规章及文件
"'石狮市人民政府关于印发石狮市""十二五""文化产业发展规划的通知'",石狮市人民政府,2012-09,现行有效,地方政府规章及文件
'石狮市人民政府办公室关于印发2012年石狮市第三产业发展年活动实施方案的通知',石狮市人民政府办公室,2012-03-23,已失效,地方政府规章及文件
'泉州市鲤城区人民政府办公室关于建立鲤城区第三产业联席会议制度的通知',泉州市鲤城区人民政府办公室,2012-03-10,现行有效,地方政府规章及文件
'南安市人民政府办公室关于印发南安市珠三角民营企业产业项目对接洽谈会工作方案的通知',南安市人民政府办公室,2012-03-09,已失效,地方政府规章及文件
'三明市人民政府关于印发推动新一轮企业技术改造促进产业转型升级实施方案的通知',三明市人民政府,2016-10-20,现行有效,地方政府规章及文件
'三明市人民政府办公室关于加快推进建筑产业现代化的实施意见(试行)',三明市人民政府办公室,2016-10-20,现行有效,地方政府规章及文件
'厦门市人民政府关于推进农村一二三产业融合发展的意见',厦门市人民政府,2016-11-24,现行有效,地方政府规章及文件
'福建省林业厅关于贯彻落实加快推进竹产业发展七条措施的通知',福建省林业厅,2016-08-17,现行有效,地方政府规章及文件
'福建省人民政府办公厅关于加快推进竹产业发展七条措施的通知',福建省人民政府办公厅,2016-08-08,现行有效,地方政府规章及文件
'厦门市人民政府关于印发加快发展集成电路产业实施意见的通知',厦门市人民政府,2016-06-27,现行有效,地方政府规章及文件
'厦门市人民政府关于印发厦门市“十三五”战略性新兴产业发展规划的通知',厦门市人民政府,2016-06-21,现行有效,地方政府规章及文件
'福建省经济和信息化委员会、福建省发展和改革委员会、福建省科学技术厅、福建省财政厅关于加快新材料产业创新发展的意见',福建省经济和信息化委员会;福建省发展和改革委员会;福建省科学技术厅;福建省财政厅,2016-05-31,现行有效,地方政府规章及文件
'福建省经济和信息化委员会关于印发2016年产业补短板工作方案的通知',福建省经济和信息化委员会,2016-05-17,现行有效,地方政府规章及文件
'福建省人民政府办公厅关于印发福建省“十三五”战略性新兴产业发展专项规划的通知',福建省人民政府办公厅,2016-04-25,现行有效,地方政府规章及文件
'厦门市财政局、厦门市经济和信息化局关于印发厦门市产业转型升级专项资金管理暂行办法的通知',厦门市财政局;厦门市经济和信息化局,2016-03-10,已失效,地方政府规章及文件
'福州市人民政府关于推进文化创意和设计服务与相关产业融合发展的实施意见',福州市人民政府,2016-01-22,现行有效,地方政府规章及文件
'福州市城乡建设委员会转发《福建省住房和城乡建设厅关于印发<福建省建筑产业现代化部品部件认证办法(试行)>的通知》',福州市城乡建设委员会,2016-01-13,现行有效,地方政府规章及文件
'福州市粮食局关于推进粮食产业发展的实施意见',福州市粮食局,2016,现行有效,地方政府规章及文件
'福州市人民政府办公厅关于印发福州市产业股权投资引导基金管理办法(试行)的通知',福州市人民政府办公厅,2015-11-11,现行有效,地方政府规章及文件
'厦门市人民政府关于印发支持发展现代物流产业若干意见的通知',厦门市人民政府,2015-10-27,现行有效,地方政府规章及文件
'福建省经济和信息化委员会转发《工业和信息化部关于进一步促进产业集群发展指导意见》的通知',福建省经济和信息化委员会,2015-10-27,现行有效,地方政府规章及文件
'福建省人民政府关于福州高新技术产业开发区开展相对集中行政处罚权工作的批复',福建省人民政府,2015-09-22,现行有效,地方政府规章及文件
'厦门市人民政府关于促进卫浴产业发展六条措施的通知',厦门市人民政府,2015-09-22,现行有效,地方政府规章及文件
'福建省人民政府办公厅关于金融支持产业转型升级的实施意见',福建省人民政府办公厅,2015-09-09,现行有效,地方政府规章及文件
'福建省经济和信息化委员会、福建省发展和改革委员会、福建省财政厅关于印发《福建省增材制造产业行动方案(2015-2017年)》的通知',福建省经济和信息化委员会;福建省发展和改革委员会;福建省财政厅,2015-09-07,现行有效,地方政府规章及文件
'厦门市人民政府办公厅关于印发加快生物与新医药产业发展若干措施实施细则的通知',厦门市人民政府办公厅,2015-09-06,现行有效,地方政府规章及文件
'福建省人民政府关于印发中国(福建)自由贸易试验区产业发展规划(2015-2019年)的通知',福建省人民政府,2015-08-16,现行有效,地方政府规章及文件
'厦门市科学技术局、厦门市翔安区人民政府关于印发厦门微电子育成暨产业基地管理办法的通知',厦门市科学技术局;厦门市翔安区人民政府,2015-08-14,现行有效,地方政府规章及文件
'厦门市人民政府关于印发大数据应用与产业发展规划(2015-2020年)的通知',厦门市人民政府,2015-08-10,现行有效,地方政府规章及文件
'福建省人民政府关于加快体育产业发展促进体育消费十条措施的通知',福建省人民政府,2015-08-07,现行有效,地方政府规章及文件
'关于印发《清流县县域产业发展企业技术改造固定资产投资补助资金管理办法》的通知',三明市清流县经济和信息化局,2015-07-31,已失效,地方政府规章及文件
'厦门火炬高新区管委会关于印发《厦门火炬(翔安)产业区一期通用厂房调整土地使用权限制条件的管理办法》(修订稿)的通知',厦门火炬高技术产业开发区管理委员会,2015-07-21,现行有效,地方政府规章及文件
'厦门火炬高新区管委会关于印发《厦门火炬高技术产业开发区奖励招商中介暂行办法》的通知',厦门火炬高技术产业开发区管理委员会,2015-06-26,已失效,地方政府规章及文件
'梅列区第三产业促进局关于印发《商务领域火灾隐患排查整治工作方案》的通知',三明市梅列区第三产业促进局,2015-06-25,现行有效,地方政府规章及文件
'南平市人民政府办公室关于印发南平市促进旅游产业发展扶持政策的通知',南平市人民政府办公室,2015-05-20,现行有效,地方政府规章及文件
'城南乡人民政府关于下发《城南乡发展河龙贡米产业专项考评》的通知',三明市宁化县城南乡人民政府,2015-05-15,现行有效,地方政府规章及文件
'南平市人民政府办公室关于印发促进第三产业加快发展八条措施的通知',南平市人民政府办公室,2015-05-15,已失效,地方政府规章及文件
'福建省人民政府办公厅关于推进建筑产业现代化试点的指导意见',福建省人民政府办公厅,2015-05-06,现行有效,地方政府规章及文件
'福建省人民政府办公厅关于印发《福建省产业股权投资基金管理办法(试行)》的通知',福建省人民政府办公厅,2015-04-27,现行有效,地方政府规章及文件
'武夷山市人民政府办公室关于印发进一步完成好2015年第三产业支撑指标计划任务工作办法的通知',武夷山市人民政府办公室,2015-04-13,现行有效,地方政府规章及文件
'厦门市人民政府关于印发加快生物与新医药产业发展若干措施的通知',厦门市人民政府,2015-04-07,已失效,地方政府规章及文件
'南平市人民政府办公室关于印发南平市2015年生物产业招商引资工作方案的通知',南平市人民政府办公室,2015-03-26,现行有效,地方政府规章及文件
'南平市人民政府办公室关于下达2015年全市现代农业、食品产业、竹加工产业招商引资工作任务的通知',南平市人民政府办公室,2015-03-25,现行有效,地方政府规章及文件
'宁化县人民政府关于整合全县木材加工企业促进产业升级工作的补充通知',三明市宁化县人民政府,2015-03-23,现行有效,地方政府规章及文件
'南平市人民政府办公室关于下达2015年文化产业招商引资工作任务的通知',南平市人民政府办公室,2015-03-19,现行有效,地方政府规章及文件
'翠江镇人民政府关于我镇2015年度发展宁化客家小吃产业的工作意见',三明市宁化县翠江镇人民政府,2015-03-13,现行有效,地方政府规章及文件
'宁化县人民政府关于印发宁化县旅游产业奖励实施细则的通知',三明市宁化县人民政府,2015-03-06,现行有效,地方政府规章及文件
'宁化县旅游产业奖励实施细则',三明市宁化县旅游局,2015-03-06,现行有效,地方政府规章及文件
'福建省发展和改革委员会、福建省经济和信息化委员会关于印发《福建省战略性新兴产业重点产品和服务指导目录(2015年版)》的通知',福建省发展和改革委员会;福建省经济和信息化委员会,2015-02-05,现行有效,地方政府规章及文件
'厦门市思明区人民政府关于印发思明区鼓励扶持龙山文化创意产业园发展若干规定的通知',厦门市思明区人民政府,2014-12-31,已失效,地方政府规章及文件
'关于公布2014年第二批福建农民创业园主导产业和设施农业享受用电优惠生产经营主体名单的通知',福建省农业厅;福建省海洋与渔业厅;福建省物价局;福建省电力有限公司,2014-12-24,现行有效,地方政府规章及文件
'福建省经济和信息化委员会关于印发《福建省安全可靠工业控制系统产业发展专项规划》的通知',福建省经济和信息化委员会,2014-12-01,现行有效,地方政府规章及文件
'福建省经济和信息化委员会关于红曲黄酒产业发展的指导意见',福建省经济和信息化委员会,2014-11-24,现行有效,地方政府规章及文件
'福建省物价局关于我省大数据产业重点园区有关企业用电价格政策的通知',福建省物价局,2014-11-21,现行有效,地方政府规章及文件
'福建省财政厅、福建省农业厅关于印发2014年现代农业茶业产业省级资金项目申报指南的通知',福建省财政厅;福建省农业厅,2014-11-17,现行有效,地方政府规章及文件
'厦门市人民政府关于加快福建(厦门)国家数字家庭应用示范产业基地创建工作的意见',厦门市人民政府,2014-11-05,现行有效,地方政府规章及文件
'福州市人民政府办公厅关于转发市文化改革发展工作领导小组办公室《闽台(福州)文化产业园战略规划任务分工方案》的通知',福州市人民政府办公厅,2014-11-05,现行有效,地方政府规章及文件
'厦门市海沧区人民政府关于大力发展电子商务产业的若干意见',厦门市海沧区人民政府,2014-10-28,已失效,地方政府规章及文件
'福建省人民政府关于推进文化创意和设计服务与相关产业融合发展八条措施的通知',福建省人民政府,2014-10-16,现行有效,地方政府规章及文件
'福建省人民政府关于支持大数据产业重点园区加快发展十条措施的通知',福建省人民政府,2014-10-13,现行有效,地方政府规章及文件
'南平市人民政府办公室关于印发第七届海峡两岸(厦门)文化产业博览交易会南平市实施方案的通知',南平市人民政府办公室,2014-09-18,现行有效,地方政府规章及文件
'关于公布2014年第一批福建农民创业园主导产业和设施农业享受用电优惠生产经营主体名单的通知',福建省农业厅;福建省林业厅;福建省海洋与渔业厅;福建省物价局;福建省电力有限公司,2014-09-16,现行有效,地方政府规章及文件
'厦门市商务局、厦门市财政局关于印发厦门市促进服务外包产业发展专项资金使用管理办法的通知',厦门市商务局;厦门市财政局,2014-09-10,已失效,地方政府规章及文件
'厦门市人民政府关于促进工业设计产业发展的意见',厦门市人民政府,2014-09-09,现行有效,地方政府规章及文件
'福建省人民政府关于提升现代茶产业发展水平六条措施的通知',福建省人民政府,2014-09-02,现行有效,地方政府规章及文件
'厦门经济特区两岸新兴产业和现代服务业合作示范区条例',厦门市人民代表大会常务委员会,2014-09-02,现行有效,地方政府规章及文件
'福建省人民政府办公厅关于印发第七届海峡两岸(厦门)文化产业博览交易会总体方案和工作分工的通知',福建省人民政府办公厅,2014-08-24,现行有效,地方政府规章及文件
'福建省文化厅关于修订印发《福建省文化产业示范基地评选管理办法(试行)》的通知',福建省文化厅,2014-08-05,现行有效,地方政府规章及文件
'福建省文化厅关于开展省级文化产业示范基地巡检工作的通知',福建省文化厅,2014-08-05,现行有效,地方政府规章及文件
'厦门市人民政府办公厅关于印发闽台(厦门)文化产业园核心区二期项目改造建设审核审批意见的通知',厦门市人民政府办公厅,2014-07-28,现行有效,地方政府规章及文件
'南平市经济贸易委员会关于做好2014年度省级新型工业化产业示范基地创建工作的通知',南平市经济贸易委员会,2014-07-18,现行有效,地方政府规章及文件
'南平市人民政府办公室关于分解落实2014年全市现代农业、食品产业及竹木产业招商引资目标任务的通知',南平市人民政府办公室,2014-07-18,现行有效,地方政府规章及文件
'关于印发2013年度福建省高新技术产业发展情况统计公报的通知',福建省科学技术厅;福建省统计局,2014-07-03,现行有效,地方政府规章及文件
'福建省人民政府办公厅关于进一步完善促进产业发展体制机制工作实施方案的通知',福建省人民政府办公厅,2014-07-01,现行有效,地方政府规章及文件
'南平市发展和改革委员会关于转发《省级预算内创意产业项目实施方案》通知',南平市发展和改革委员会,2014-06-30,现行有效,地方政府规章及文件
'福建省发展和改革委员会关于印发省级预算内创意产业项目实施方案的通知',福建省发展和改革委员会,2014-06-05,现行有效,地方政府规章及文件
'福建省科学技术厅关于支持省产业龙头创新发展九条措施的通知',福建省科学技术厅,2014-06-03,现行有效,地方政府规章及文件
'厦门市旅游局关于印发《厦门市旅游产业高层次人才集聚暂行办法实施细则》的通知',厦门市旅游局,2014-05-04,现行有效,地方政府规章及文件
'厦门市人民代表大会常务委员会关于修改《厦门经济特区高新技术产业园区条例》的决定',厦门市人民代表大会常务委员会,2014-05-01,现行有效,地方政府规章及文件
'南平市人民政府办公室关于印发2014—2015年南平市产业转型升级行动计划实施方案的通知',南平市人民政府办公室,2014-04-30,现行有效,地方政府规章及文件
'福建省教育厅关于进一步规范校办产业管理有关工作的通知',福建省教育厅,2014-04-24,现行有效,地方政府规章及文件
'福建省人民政府办公厅关于印发全省旅游产业发展2014年行动计划的通知',福建省人民政府办公厅,2014-04-16,现行有效,地方政府规章及文件
'莆田市人民政府办公室关于印发莆田市2014年产业转型升级行动计划实施方案的通知',莆田市人民政府办公室,2014-04-08,现行有效,地方政府规章及文件
'将乐县人民政府办公室关于分解下达2014年第三产业发展责任目标的通知',三明市将乐县人民政府办公室,2014-04-02,现行有效,地方政府规章及文件
'福建省人民政府关于加快医药产业发展十二条措施的通知',福建省人民政府,2014-03-30,现行有效,地方政府规章及文件
'南平市人民政府办公室转发市经贸委关于《2014年商贸物流产业招商引资工作方案》的通知',南平市人民政府办公室,2014-03-07,现行有效,地方政府规章及文件
'南平市人民政府办公室转发市发改委关于《2014年南平市生物产业招商引资工作方案》的通知',南平市人民政府办公室,2014-03-06,现行有效,地方政府规章及文件
'南平市人民政府办公室关于下达2014年文化产业招商引资工作任务的通知',南平市人民政府办公室,2014-02-28,现行有效,地方政府规章及文件
'福建省人民政府关于产业龙头促进计划实施方案的通知',福建省人民政府,2014-01-28,现行有效,地方政府规章及文件
'福建省人民政府办公厅关于印发2014—2015年全省产业转型升级行动计划实施方案的通知',福建省人民政府办公厅,2014-01-28,现行有效,地方政府规章及文件
'厦门市海洋与渔业局、厦门市财政局关于印发厦门市海洋新兴产业龙头企业评选办法的通知',厦门市海洋与渔业局;厦门市财政局,2014-01-13,已失效,地方政府规章及文件
'福建省人民政府关于全省石化等七类产业布局的指导意见',福建省人民政府,2013-12-27,现行有效,地方政府规章及文件
'福州市环境保护局转发《关于推进我省水泥产业转型升级十二条措施的通知》',福州市环境保护局,2013-12-13,现行有效,地方政府规章及文件
'龙岩市人民政府办公室关于印发第四届海峡两岸机械产业博览会工作总结的通知',龙岩市人民政府办公室,2013-12-11,现行有效,地方政府规章及文件
'厦门市科学技术局、厦门市财政局关于印发厦门市产业技术创新战略联盟认定与管理办法的通知',厦门市科学技术局;厦门市财政局,2013-11-05,已失效,地方政府规章及文件
'福建省人民政府办公厅转发省发展改革委等部门《关于推进我省水泥产业转型升级十二条措施》的通知',福建省人民政府办公厅,2013-10-30,已失效,地方政府规章及文件
'厦门市财政局关于印发厦门市地方特色产业中小企业发展资金管理实施办法的通知',厦门市财政局,2013-10-10,已失效,地方政府规章及文件
'福州市人民政府关于印发加快闽台(福州)蓝色经济产业园发展若干意见的通知',福州市人民政府,2013-09-30,现行有效,地方政府规章及文件
'沙县人民政府关于进一步扶持汽车货运产业发展的实施意见',三明市沙县人民政府,2013-09-28,已失效,地方政府规章及文件
'厦门港口管理局、厦门市财政局、厦门市旅游局关于扶持邮轮产业发展的通知',厦门港口管理局;厦门市财政局;厦门市旅游局,2013-09-05,已失效,地方政府规章及文件
'三明市人民政府关于印发三明经济开发区(三明台商投资区)吉口新兴产业园招商引资若干规定(试行)的通知',三明市人民政府,2013-09-04,已失效,地方政府规章及文件
'南平市人民政府办公室关于印发食品产业千亿产值行动计划食品安全保障工作实施方案的通知',南平市人民政府办公室,2013-08-28,现行有效,地方政府规章及文件
'福州市人民政府印发《关于加快推进电子商务产业发展的实施办法(试行)》的通知',福州市人民政府,2013-08-21,已失效,地方政府规章及文件
'南平市人民政府办公室关于建立南平市促进第三产业发展联席会议制度的通知',南平市人民政府办公室,2013-08-14,现行有效,地方政府规章及文件
'福州市人民政府办公厅关于印发福州市民营企业产业项目对接工作考核奖励实施办法的通知',福州市人民政府办公厅,2013-08-14,现行有效,地方政府规章及文件
'福州市人民政府关于印发《福州市进一步促进服务外包产业发展的若干意见》的通知',福州市人民政府,2013-08-13,已失效,地方政府规章及文件
'南平市人民政府办公室关于印发第六届海峡两岸(厦门)文化产业博览交易会南平市实施方案的通知',南平市人民政府办公室,2013-08-01,现行有效,地方政府规章及文件
'福建省人民政府办公厅关于印发第六届海峡两岸(厦门)文化产业博览交易会总体方案和招商招展任务方案的通知',福建省人民政府办公厅,2013-07-25,现行有效,地方政府规章及文件
'厦门市发改委、厦门市经发局、厦门市科技局、厦门市财政局、厦门市公务员局、厦门市火炬高新区管委会、厦门市象屿保税区管委会关于发布《厦门市重点产业紧缺人才引进计划实施细则(试行)》的通知',厦门市发展和改革委员会;厦门市经济发展局;厦门市科学技术局;厦门市财政局;厦门市公务员局;厦门火炬高技术产业开发区管理委员会;厦门象屿保税区管理委员会,2013-07-03,已失效,地方政府规章及文件
'福州市人民政府关于加快福州市信息产业发展的若干意见',福州市人民政府,2013-06-06,现行有效,地方政府规章及文件
'龙岩市人民政府办公室关于印发2013年龙岩市第三产业发展工作意见的通知',龙岩市人民政府办公室,2013-04-17,现行有效,地方政府规章及文件
'将乐县人民政府办公室关于印发2013年将乐县民营企业产业链项目对接工作方案的通知',三明市将乐县人民政府办公室,2013-04-16,现行有效,地方政府规章及文件
'福建省人民政府关于加快流通产业发展若干措施的通知',福建省人民政府,2013-04-09,现行有效,地方政府规章及文件
'福建省科学技术厅关于转发科技部《国家高新技术产业开发区“十二五”发展规划纲要》、《国家高新技术产业开发区创新驱动战略提升行动实施方案》和《国家科技企业孵化器“十二五”发展规划》的通知',福建省科学技术厅,2013-04-03,现行有效,地方政府规章及文件
'三明市人民政府办公室关于印发2013年三明市民营企业产业链项目对接工作方案的通知',三明市人民政府办公室,2013-04-01,现行有效,地方政府规章及文件
'南平市人民政府办公室关于落实2013年文化产业招商引资工作的通知',南平市人民政府办公室,2013-03-26,现行有效,地方政府规章及文件
'三明市人民政府关于分解下达2013年度第三产业发展责任目标的通知',三明市人民政府,2013-03-20,现行有效,地方政府规章及文件
'南平市人民政府办公室转发市旅游局关于《2013年南平市旅游产业招商引资工作方案》的通知',南平市人民政府办公室,2013-03-01,现行有效,地方政府规章及文件
'南平市人民政府办公室转发市经贸委关于《2013年商贸物流产业招商引资工作方案》的通知',南平市人民政府办公室,2013-03-01,现行有效,地方政府规章及文件
'南平市人民政府办公室关于印发南平市苗木花卉产业发展规划的通知',南平市人民政府办公室,2013-02-20,现行有效,地方政府规章及文件
'南平市人民政府办公室转发市农办关于《2013年南平市食品产业招商引资工作方案》的通知',南平市人民政府办公室,2013-02-20,现行有效,地方政府规章及文件
'厦门市人民政府办公厅关于加快发展体育产业实施意见有关工作任务分解的通知',厦门市人民政府办公厅,2013-02-08,现行有效,地方政府规章及文件
'南平市林业局关于下达2013年特色产业资源培育任务的通知',南平市林业局,2013-02-04,现行有效,地方政府规章及文件
'福州市人民政府办公厅印发关于支持广告产业园区发展意见(试行)的通知',福州市人民政府办公厅,2013-01-31,现行有效,地方政府规章及文件
'福建省发展和改革委员会、福建省体育局关于印发支持和促进我省体育产业发展措施的通知',福建省发展和改革委员会;福建省体育局,2013-01-15,现行有效,地方政府规章及文件
'厦门市海沧区人民政府关于进一步促进生物与新医药产业发展的若干意见',厦门市海沧区人民政府,2012-12-31,已失效,地方政府规章及文件
'福建省人民政府办公厅关于加强战略性新兴产业知识产权工作的若干意见',福建省人民政府办公厅,2012-12-19,现行有效,地方政府规章及文件
'福州市人民政府关于加快发展茉莉花茶产业的意见',福州市人民政府,2012-11-26,现行有效,地方政府规章及文件
'厦门市集美区人民政府关于印发集美区鼓励软件产业发展奖励办法的通知',厦门市集美区人民政府,2012-11-08,现行有效,地方政府规章及文件
'福建省人民政府办公厅关于印发福建省海洋新兴产业发展规划的通知',福建省人民政府办公厅,2012-10-11,现行有效,地方政府规章及文件
'沙县人民政府关于加快第三产业发展的实施意见(试行)',三明市沙县人民政府,2012-09-28,现行有效,地方政府规章及文件
'宁化县人民政府关于促进第三产业发展的若干意见(试行)',三明市宁化县人民政府,2012-09-24,现行有效,地方政府规章及文件
'南平市人民政府办公室关于印发第五届海峡两岸(厦门)文化产业博览交易会南平市实施方案的通知',南平市人民政府办公室,2012-09-17,已失效,地方政府规章及文件
'将乐县人民政府关于促进第三产业发展的实施意见',三明市将乐县人民政府,2012-09-13,现行有效,地方政府规章及文件
'莆田市人民政府关于加强产业园区环保设施建设和环境管理工作的通知',莆田市人民政府,2012-09-07,现行有效,地方政府规章及文件
'三明市人民政府关于进一步加快花卉苗木产业发展的实施意见',三明市人民政府,2012-09-05,现行有效,地方政府规章及文件
'三明市人民政府关于印发三明经济开发区吉口新兴产业园招商引资若干规定(试行)的通知',三明市人民政府,2012-09-05,已失效,地方政府规章及文件
'福建省国土资源厅关于支持沿海与山区市县共建产业园区用地保障措施的通知',福建省国土资源厅,2012-08-29,现行有效,地方政府规章及文件
'漳州市人民政府办公室转发人民银行漳州市中心支行、漳州市文化广电新闻出版局《关于金融支持漳州市文化产业振兴和发展繁荣的指导意见》的通知',漳州市人民政府办公室,2012-07-30,现行有效,地方政府规章及文件
'南平市人民政府办公室关于印发南平市文化产业发展专项资金管理办法的通知',南平市人民政府办公室,2012-07-06,现行有效,地方政府规章及文件
'福州市人民政府办公厅转发市农业局、市旅游局关于《加快发展福州市休闲农业产业意见》的通知',福州市人民政府办公厅,2012-07-04,现行有效,地方政府规章及文件
'南平市人民政府办公室关于印发“大干180天、全力推进食品产业千亿产值行动计划”工作实施方案的通知',南平市人民政府办公室,2012-07-01,现行有效,地方政府规章及文件
'泉州市人民政府办公室关于印发泉州市加快推进产业转移扶持政策的通知',泉州市人民政府办公室,2012-06-28,现行有效,地方政府规章及文件
'福建省人民政府关于扶持花卉苗木产业发展的意见',福建省人民政府,2012-06-27,现行有效,地方政府规章及文件
'三明市人民政府办公室转发市工商局《关于运用工商行政管理职能支持文化产业加快发展意见》的通知',三明市人民政府办公室,2012-06-26,现行有效,地方政府规章及文件
'福建省人民政府办公厅关于进一步加强民营企业产业项目对接工作的通知',福建省人民政府办公厅,2012-06-25,现行有效,地方政府规章及文件
'宁德市人民政府关于印发宁德市加快推进闽东电机电器产业发展实施方案的通知',宁德市人民政府,2012-06-20,已失效,地方政府规章及文件
'宁德市人民政府关于印发宁德市促进文化产业发展若干意见的通知',宁德市人民政府,2012-06-14,已失效,地方政府规章及文件
'宁德市人民政府关于印发宁德市文化产业发展专项资金管理暂行办法的通知',宁德市人民政府,2012-06-14,已失效,地方政府规章及文件
'宁德市人民政府关于印发宁德市加快文化创意产业人才队伍建设的实施意见的通知',宁德市人民政府,2012-06-14,现行有效,地方政府规章及文件
'宁德市地方税务局关于印发《宁德市地方税务局服务闽东电机电器千亿产业集群发展行动方案》的通知',宁德市地方税务局,2012-06-04,现行有效,地方政府规章及文件
'福州市人民政府关于加快食用菌产业发展的意见',福州市人民政府,2012-06-01,现行有效,地方政府规章及文件
'宁德市工商局助推闽东电机电器千亿产业集群发展若干意见',宁德市工商行政管理局,2012-05-29,现行有效,地方政府规章及文件
'福州市人民政府关于印发福州市文化创意产业发展“十二五”专项规划的通知',福州市人民政府,2012-05-28,现行有效,地方政府规章及文件
'三明市人民政府办公室关于印发三明市民营企业产业项目对接活动方案的通知',三明市人民政府办公室,2012-05-25,现行有效,地方政府规章及文件
'宁德市人民政府关于贯彻国务院进一步鼓励软件产业和集成电路产业发展若干政策的实施意见',宁德市人民政府,2012-05-23,已失效,地方政府规章及文件
'厦门市人民政府办公厅关于推进两岸冷链物流产业合作试点工作的实施意见',厦门市人民政府办公厅,2012-05-19,已失效,地方政府规章及文件
'厦门市海沧区人民政府关于进一步扶持海沧油画产业发展的若干意见',厦门市海沧区人民政府,2012-05-08,已失效,地方政府规章及文件
'三明市人民政府关于促进第三产业发展的若干意见(试行)',三明市人民政府,2012-05-01,现行有效,地方政府规章及文件
'三明市人民政府关于推进茶产业健康发展的实施意见',三明市人民政府,2012-04-06,现行有效,地方政府规章及文件
'莆田市人民政府办公室转发《省政府办公厅关于福建省文化产业统计方案的通知》',莆田市人民政府办公室,2012-03-21,现行有效,地方政府规章及文件
'福建省人民政府办公厅转发省新闻出版局《关于加快发展福建省新闻出版产业意见》的通知',福建省人民政府办公厅,2012-03-19,现行有效,地方政府规章及文件
'将乐县人民政府关于印发将乐县2012～2014年农业产业布局指导意见的通知',三明市将乐县人民政府,2012-03-16,现行有效,地方政府规章及文件
'泉州市鲤城区人民政府办公室关于建立鲤城区第三产业联席会议制度的通知',泉州市鲤城区人民政府办公室,2012-03-10,现行有效,地方政府规章及文件
'南安市人民政府办公室关于印发南安市珠三角民营企业产业项目对接洽谈会工作方案的通知',南安市人民政府办公室,2012-03-09,已失效,地方政府规章及文件
'福州市人民政府关于印发福州市体育产业“十二五”发展规划的通知',福州市人民政府,2012-03-05,现行有效,地方政府规章及文件
'厦门市人民政府关于加快发展体育产业的实施意见',厦门市人民政府,2012-02-29,现行有效,地方政府规章及文件
'三明市人民政府关于印发2012年三明市民营企业产业项目对接工作方案的通知',三明市人民政府,2012-02-28,现行有效,地方政府规章及文件
'福建省人民政府转发《国务院关于进一步鼓励软件产业和集成电路产业发展若干政策的通知》',福建省人民政府,2012-02-25,现行有效,地方政府规章及文件
'福建省人民政府关于促进三明生态工贸区产业发展的若干意见',福建省人民政府,2012-02-22,现行有效,地方政府规章及文件
'三明市人民政府办公室关于落实省下达产业梳理重点项目推进工作任务分工的通知',三明市人民政府办公室,2012-02-08,现行有效,地方政府规章及文件
'厦门市人民政府办公厅关于印发厦门市“十二五”文化产业发展专项规划重点工作任务分工的通知',厦门市人民政府办公厅,2012-02-07,现行有效,地方政府规章及文件
'莆田市人民政府关于印发莆田市“十二五”工艺美术产业发展专项规划的通知',莆田市人民政府,2012-01-31,现行有效,地方政府规章及文件
'福建省人民政府关于印发福建省花卉产业发展规划(2011～2020年)的通知',福建省人民政府,2012-01-13,现行有效,地方政府规章及文件
'宁德市人民政府关于加快发展体育产业的实施意见',宁德市人民政府,2012-01-13,现行有效,地方政府规章及文件
'莆田市人民政府关于印发莆田市食品产业“十二五”发展专项规划的通知',莆田市人民政府,2012-01-03,现行有效,地方政府规章及文件
'将乐县人民政府办公室关于加强文化产业统计工作的通知',三明市将乐县人民政府办公室,2012,现行有效,地方政府规章及文件
'厦门市人民政府关于推进现代茶产业发展的实施意见',厦门市人民政府,2011-12-24,已失效,地方政府规章及文件
'福建省教育厅、福建省文化厅、福建省财政厅、福建省经济贸易委员会关于加强文化创意产业人才培养培训工作的若干意见',福建省教育厅;福建省文化厅;福建省财政厅;福建省经济贸易委员会,2011-12-21,现行有效,地方政府规章及文件
'福州市人民政府关于印发福州市“十二五”高新技术产业发展专项规划的通知',福州市人民政府,2011-12-13,现行有效,地方政府规章及文件
'福建省人民政府关于印发福建省加快战略性新兴产业发展实施方案的通知',福建省人民政府,2011-12-10,现行有效,地方政府规章及文件
'莆田市人民政府办公室关于印发莆田市文化产业示范基地评选管理暂行办法的通知',莆田市人民政府办公室,2011-12-07,已失效,地方政府规章及文件
'厦门市人民政府办公厅关于印发进一步推动产业集聚发展实施意见的通知',厦门市人民政府办公厅,2011-12-03,现行有效,地方政府规章及文件
'泉州市人民政府关于印发泉州市“十二五”旅游产业发展规划的通知',泉州市人民政府,2011-12-02,现行有效,地方政府规章及文件
'三明市人民政府办公室关于加强文化产业统计工作的通知',三明市人民政府办公室,2011-11-28,现行有效,地方政府规章及文件
'泉州市人民政府关于加快发展体育产业的实施意见',泉州市人民政府,2011-11-20,现行有效,地方政府规章及文件
'福建省人民政府关于印发福建省“十二五”建设海峡两岸产业合作基地专项规划的通知',福建省人民政府,2011-11-07,现行有效,地方政府规章及文件
'福建省人民政府办公厅关于加快发展体育产业实施意见有关工作任务分解的通知',福建省人民政府办公厅,2011-11-02,现行有效,地方政府规章及文件
'关于印发第二届海峡两岸机械产业博览会总体方案的通知',中共龙岩市委办公室;龙岩市人民政府办公室,2011-11-01,现行有效,地方政府规章及文件
'福州市人民政府关于印发加快创意产业发展扶持政策实施意见的通知',福州市人民政府,2011-10-26,现行有效,地方政府规章及文件
'福建省人民政府办公厅关于促进福建省电影产业繁荣发展的实施意见',福建省人民政府办公厅,2011-10-24,现行有效,地方政府规章及文件
'福建省人民政府关于推进现代茶产业发展的若干意见',福建省人民政府,2011-10-11,现行有效,地方政府规章及文件
'泉州市人民政府关于加快泉州高新技术产业开发区建设的若干意见',泉州市人民政府,2011-09-28,现行有效,地方政府规章及文件
'南平市人民政府办公室关于印发第四届海峡两岸(厦门)文化产业博览交易会南平市实施方案的通知',南平市人民政府办公室,2011-09-26,已失效,地方政府规章及文件
'福建省人民政府办公厅关于印发第四届海峡两岸(厦门)文化产业博览交易会总体方案和招商组展签约任务分解方案的通知',福建省人民政府办公厅,2011-09-03,现行有效,地方政府规章及文件
'福建省人民政府关于印发福建省“十二五”信息产业发展专项规划的通知',福建省人民政府,2011-09-02,现行有效,地方政府规章及文件
'宁德市人民政府关于印发宁德市“十二五”宁台产业对接专项规划的通知',宁德市人民政府,2011-08-29,现行有效,地方政府规章及文件
'泉州市人民政府关于加快推进泉州数字对讲机产业发展的若干意见',泉州市人民政府,2011-08-11,已失效,地方政府规章及文件
'莆田市人民政府关于加快第三产业发展的实施意见',莆田市人民政府,2011-08-10,现行有效,地方政府规章及文件
'泉州市人民政府关于进一步推动泉州市工业设计产业发展的若干意见',泉州市人民政府,2011-08-05,已失效,地方政府规章及文件
'福建省质量技术监督局关于食品生产许可工作中严格贯彻执行产业政策有关要求的通知',福建省质量技术监督局,2011-08-03,现行有效,地方政府规章及文件
'三明市人民政府办公室关于印发2011年三明市第三产业增加值考核评比办法的通知',三明市人民政府办公室,2011-07-22,现行有效,地方政府规章及文件
'关于开展福州市产业梳理工作的实施方案的通知',福州市发展和改革委员会,2011-07-13,已失效,地方政府规章及文件
'福建省物价局关于武夷新区产业集中区各类用电价格的通知',福建省物价局,2011-06-30,现行有效,地方政府规章及文件
'莆田市人民政府关于进一步加快旅游产业发展的意见',莆田市人民政府,2011-06-27,现行有效,地方政府规章及文件
'莆田市人民政府关于印发莆田市“十二五”新兴产业发展专项规划的通知',莆田市人民政府,2011-06-27,现行有效,地方政府规章及文件
'福建省人民政府办公厅转发省发展改革委、省财政厅、省文化体制改革工作领导小组办公室关于《全省文化产业重点项目管理办法》的通知',福建省人民政府办公厅,2011-06-24,已失效,地方政府规章及文件
'福州高新技术产业开发区管委会关于做好汛期安全生产工作的紧急通知',福州高新技术产业开发区管理委员会,2011-06-10,现行有效,地方政府规章及文件
'将乐县人民政府办公室关于印发将乐县民营企业产业项目对接工作方案的通知',三明市将乐县人民政府办公室,2011-06-09,已失效,地方政府规章及文件
'建阳市人民政府关于印发福建省大型民营企业产业项目洽谈会建阳实施方案的通知',建阳市人民政府,2011-06-01,现行有效,地方政府规章及文件
'关于加强我省物流产业人才培养培训工作的意见',福建省教育厅;福建省发展和改革委员会;福建省经济贸易委员会;福建省人力资源开发办公室,2011-05-13,现行有效,地方政府规章及文件
'福建省科学技术厅转发科技部《关于印发生产力促进中心服务产业集群服务基层科技专项行动实施意见的通知》',福建省科学技术厅,2011-05-10,现行有效,地方政府规章及文件
'武夷山市人民政府关于印发武夷山市民营企业产业项目对接工作实施方案的通知',武夷山市人民政府,2011-05-09,现行有效,地方政府规章及文件
'福建省人民政府批转省发展改革委关于《平潭综合实验区鼓励类产业目录》的通知',福建省人民政府,2011-05-04,已失效,地方政府规章及文件
'中沙乡2011年度发展茶产业工作意见',三明市宁化县中沙乡人民政府,2011-05-03,现行有效,地方政府规章及文件
'松溪县人民政府办公室关于印发松溪县民营企业产业项目对接工作总体方案的通知',南平市松溪县人民政府办公室,2011-04-26,现行有效,地方政府规章及文件
'霞浦县人民政府办公室关于印发《霞浦县民营企业产业项目对接工作方案》的通知',宁德市霞浦县人民政府办公室,2011-04-18,现行有效,地方政府规章及文件
'福建省人民政府办公厅关于印发福建省创意产业重点园区（基地）评选认定和考核管理办法（试行）的通知',福建省人民政府办公厅,2011-04-15,现行有效,地方政府规章及文件
'福建省人民政府关于促进武夷新区产业发展的若干意见',福建省人民政府,2011-03-28,现行有效,地方政府规章及文件
'宁化县人民政府关于加快发展旅游产业的若干意见',三明市宁化县人民政府,2011-03-25,现行有效,地方政府规章及文件
'福建省人民政府关于加快发展体育产业的实施意见',福建省人民政府,2011-03-17,现行有效,地方政府规章及文件
'福建省财政厅、福建省农业厅关于印发《2011年现代农业蔬菜产业集约化育苗基地建设资金项目申报指南》的通知',福建省财政厅;福建省农业厅,2011-03-16,现行有效,地方政府规章及文件
'莆田市人民政府办公室关于印发莆田市第三产业主要指标考核暂行办法的通知',莆田市人民政府办公室,2011-03-07,现行有效,地方政府规章及文件
'福建省人民政府办公厅转发省经贸委《关于促进闽东电机产业提升发展若干意见》的通知',福建省人民政府办公厅,2011-01-07,现行有效,地方政府规章及文件
'泉州市人民政府办公室转发市经贸委等部门《关于推动我市动漫产业发展的试行意见》的通知',泉州市人民政府办公室,2011-01-07,现行有效,地方政府规章及文件
'厦门市科学技术局印发《关于促进科学仪器产业发展的指导意见》的通知',厦门市科学技术局,2011-01-04,已失效,地方政府规章及文件
'漳浦县人民政府关于促进现代渔业产业发展的实施意见',漳州市漳浦县人民政府,2010-12-23,现行有效,地方政府规章及文件
'连城县人民政府关于加快兰花产业发展的若干意见',龙岩市连城县人民政府,2010-12-20,现行有效,地方政府规章及文件
'福建省人民政府办公厅关于印发进一步加快我省创意产业发展实施意见的通知',福建省人民政府办公厅,2010-12-13,现行有效,地方政府规章及文件
'厦门市海沧区人民政府关于促进生物与新医药产业发展的若干意见',厦门市海沧区人民政府,2010-12-13,已失效,地方政府规章及文件
'厦门市财政局关于印发厦门市地方特色产业中小企业发展资金管理实施办法的通知',厦门市财政局,2010-11-30,已失效,地方政府规章及文件
'福建省人民政府办公厅转发省委宣传部、中国人民银行福州中心支行、省财政厅关于《金融支持福建省文化产业振兴和发展繁荣实施意见》的通知',福建省人民政府办公厅,2010-11-20,已失效,地方政府规章及文件
'福建省人民政府办公厅关于印发福建省文化产业统计方案的通知',福建省人民政府办公厅,2010-11-15,现行有效,地方政府规章及文件
'泉州市人民政府印发关于加快培育泉州市印刷产业集群若干意见的通知',泉州市人民政府,2010-11-05,现行有效,地方政府规章及文件
'漳州市人民政府关于印发《九龙江流域（漳州段）产业布局规划》的通知',漳州市人民政府,2010-10-29,现行有效,地方政府规章及文件
'长泰县人民政府办公室关于印发长泰县工业经济产业发展规划的通知',漳州市长泰县人民政府办公室,2010-10-15,现行有效,地方政府规章及文件
'梅山乡人民政府关于鼓励和扶持茶产业发展的实施意见',三明市大田县梅山乡人民政府,2010-10-13,已失效,地方政府规章及文件
'南平市人民政府办公室关于印发南平市本级三大产业组团资金管理暂行规定的通知',南平市人民政府办公室,2010-10-07,现行有效,地方政府规章及文件
'关于稳步推进我市油茶产业科学发展的通知',龙岩市人民政府办公室,2010-09-10,现行有效,地方政府规章及文件
'沙县人民政府关于加快沙县硅产业发展的若干意见',三明市沙县人民政府,2010-09-07,现行有效,地方政府规章及文件
'漳州市人民政府关于加快光电产业发展的实施意见',漳州市人民政府,2010-08-31,现行有效,地方政府规章及文件
'南平市人民政府关于进一步提升工业园区发展水平做强产业的实施意见',南平市人民政府,2010-08-27,已失效,地方政府规章及文件
'莆田市人民政府办公室关于印发“奋战150天，打好临港产业建设战役”实施方案的通知',莆田市人民政府办公室,2010-08-17,现行有效,地方政府规章及文件
'泉州市鲤城区人民政府办公室关于印发《鲤城区促进文化创意产业发展暂行规定》的通知',泉州市鲤城区人民政府办公室,2010-08-17,已失效,地方政府规章及文件
'三明市人民政府关于印发三明台商投资区吉口新兴产业园招商引资若干规定（试行）的通知',三明市人民政府,2010-08-14,已失效,地方政府规章及文件
'福建省经济贸易委员会关于加快产业集群产业基地建设推动工业跨越发展的实施意见',福建省经济贸易委员会,2010-08-08,现行有效,地方政府规章及文件
'漳州市人民政府关于扶持花卉产业发展先行先试的若干意见',漳州市人民政府,2010-07-30,现行有效,地方政府规章及文件
'关于印发鼓励扶持台湾群创创意产业园建设实施意见的通知',龙岩市人民政府,2010-07-28,现行有效,地方政府规章及文件
'三明市人民政府关于印发三明市2010-2012年文化产业项目推进计划的通知',三明市人民政府,2010-07-26,现行有效,地方政府规章及文件
'永定县人民政府办公室转发《永定县2010年度农产品加工产业考评办法》的通知',龙岩市永定县人民政府办公室,2010-07-22,现行有效,地方政府规章及文件
'福建省人民政府办公厅转发省信息化局、省文化厅关于《福建省动漫游戏产业发展规划(2010～2012年)》的通知',福建省人民政府办公厅,2010-07-21,现行有效,地方政府规章及文件
'连城县人民政府关于印发连城县光电、新材料产业优惠政策的通知',龙岩市连城县人民政府,2010-07-20,现行有效,地方政府规章及文件
'转发《关于加快推行合同能源管理促进节能服务产业发展意见的通知》',福建省住房和城乡建设厅,2010-07-14,现行有效,地方政府规章及文件
'关于印发2009年度福建省高新技术产业发展情况统计公报的通知',福建省科学技术厅,2010-07-02,现行有效,地方政府规章及文件
'大田县人民政府办公室关于印发大田县2010年度茶产业发展扶持意见的通知',三明市大田县人民政府办公室,2010-06-22,现行有效,地方政府规章及文件
'厦门市翔安区人民政府办公室关于深化培育百十亿产业工程工作的通知',厦门市翔安区人民政府办公室,2010-06-19,现行有效,地方政府规章及文件
'诏安县人民政府办公室关于推动诏安县银行卡产业发展的意见',漳州市诏安县人民政府办公室,2010-06-18,现行有效,地方政府规章及文件
'厦门市财政局、厦门市信息产业局关于印发动漫产业发展资金管理办法的通知',厦门市财政局;厦门市信息产业局,2010-06-12,现行有效,地方政府规章及文件
'沙县人民政府关于印发海峡西岸三明现代物流产业开发区房屋拆迁补偿安置方案的通知',三明市沙县人民政府,2010-06-10,已失效,地方政府规章及文件
'沙县人民政府关于印发海峡西岸三明现代物流产业开发区征地补偿标准的通知',三明市沙县人民政府,2010-06-10,现行有效,地方政府规章及文件
'莆田市人民政府关于福建省莆田台商投资区产业发展规划的批复',莆田市人民政府,2010-05-13,现行有效,地方政府规章及文件
'2010年度中沙乡发展獭兔产业工作意见',三明市宁化县中沙乡人民政府,2010-05-12,现行有效,地方政府规章及文件
'莆田市人民政府关于同意划拨国有建设用地使用权给莆田市高新技术产业开发区管理委员会作为莆田高新区迎宾路及综合服务区拆迁安置区项目建设用地的批复',莆田市人民政府,2010-05-10,现行有效,地方政府规章及文件
'厦门市培育制造业百亿产值产业链联席会议办公室关于印发2010年各产业链工作重点的通知',厦门市培育制造业百亿产值产业链联席会议办公室,2010-05-04,现行有效,地方政府规章及文件
'福建省人民政府办公厅转发省经贸委关于《福建省工艺美术产业2010～2012年发展规划》的通知',福建省人民政府办公厅,2010-04-23,现行有效,地方政府规章及文件
'武平县人民政府印发武平县关于鼓励和促进不锈钢产业投资与发展若干规定的通知',龙岩市武平县人民政府,2010-04-14,现行有效,地方政府规章及文件
'中共武夷山市委、武夷山市人民政府关于规范武夷山市茶产业发展若干意见',中共武夷山市委;武夷山市人民政府,2010-04-03,现行有效,地方政府规章及文件
'厦门市人民政府关于火炬翔安产业区HJ2008G17、HJ2008G18工业招拍挂建设用地城市建设征收土地的通告',厦门市人民政府,2010-03-31,现行有效,地方政府规章及文件
'2010年度中沙乡发展茶产业工作意见',三明市宁化县中沙乡人民政府,2010-03-23,已失效,地方政府规章及文件
'莆田市发展和改革委员会关于印发《福建莆田华林经济开发区樟兴、西许工业集中地产业发展规划》评审会会议纪要的通知',莆田市发展和改革委员会,2010-03-20,现行有效,地方政府规章及文件
'厦门市人民政府关于厦门市文化产业空间布局规划的批复',厦门市人民政府,2010-03-12,现行有效,地方政府规章及文件
'市林业局关于印发《龙岩市2010年林产品加工产业工作要点》的通知',龙岩市林业局,2010-03-12,现行有效,地方政府规章及文件
'思明区人民政府办公室关于印发思明区2010年“7+1”产业集群（产业链）培育工作计划的通知',厦门市思明区人民政府办公室,2010-02-09,现行有效,地方政府规章及文件
'梅列区人民政府关于印发《不锈钢复合材高科技产业园优惠政策》的通知',三明市梅列区人民政府,2010-02-03,现行有效,地方政府规章及文件
'海西产业人才高地建设实施办法',中共福建省委办公厅;福建省人民政府办公厅,2010-01-24,现行有效,地方政府规章及文件
'厦门市科学技术局关于印发《促进若干重点新兴产业发展的指导意见》的通知',厦门市科学技术局,2010-01-05,现行有效,地方政府规章及文件
'关于花卉产业发展的奖励扶持措施',三明市清流县里田乡人民政府,2010-01-04,现行有效,地方政府规章及文件
'思明区人民政府关于印发《思明区旅游产业集群发展规划》的通知',厦门市思明区人民政府,2009-12-31,现行有效,地方政府规章及文件
'思明区人民政府关于印发思明区软件产业集群发展规划的通知',厦门市思明区人民政府,2009-12-31,现行有效,地方政府规章及文件
'思明区人民政府关于印发《思明区光电光伏产业链发展规划》的通知',厦门市思明区人民政府,2009-12-31,现行有效,地方政府规章及文件
'思明区人民政府关于印发《思明区商务产业集群发展规划》的通知',厦门市思明区人民政府,2009-12-31,现行有效,地方政府规章及文件
'福建省人民政府办公厅转发省教育厅、交通运输厅等四部门《关于加快我省交通运输产业人才培养意见》的通知',福建省人民政府办公厅,2009-12-30,现行有效,地方政府规章及文件
'福建省农业厅关于印发加快中药材产业发展意见的通知',福建省农业厅,2009-12-30,现行有效,地方政府规章及文件
'思明区人民政府关于印发《思明区会展产业集群发展规划》的通知',厦门市思明区人民政府,2009-12-30,现行有效,地方政府规章及文件
'思明区人民政府关于印发《思明区商贸产业集群发展规划》的通知',厦门市思明区人民政府,2009-12-30,现行有效,地方政府规章及文件
'建阳市人民政府关于印发闽北产业集中区将口组团及合福高铁武夷山东站站址地区征地补偿具体实施方案的通知',建阳市人民政府,2009-12-23,现行有效,地方政府规章及文件
'关于印发产业调整和振兴实施方案投资重点的通知',福建省经济贸易委员会,2009-12-03,现行有效,地方政府规章及文件
'石狮市人民政府办公室转发《福建省人民政府关于进一步加快软件产业发展的意见》的通知',石狮市人民政府办公室,2009-12-03,现行有效,地方政府规章及文件
'宁化县人民政府办公室转发《省政府办公厅关于建立地价调节机制促进海峡西岸经济区产业结构调整的通知》',三明市宁化县人民政府办公室,2009-12-02,现行有效,地方政府规章及文件
'沙县人民政府关于加快油茶产业发展的意见',三明市沙县人民政府,2009-11-30,现行有效,地方政府规章及文件
'关于印发《福州市仓山区茉莉花茶产业发展扶持办法》的通知',福州市仓山区人民政府,2009-11-19,现行有效,地方政府规章及文件
'福建省人民政府关于进一步加快软件产业发展的意见',福建省人民政府,2009-11-16,现行有效,地方政府规章及文件
'福建省国土资源厅关于转发国土资源部《贯彻落实抑制部分行业产能过剩和重复建设引导产业健康发展若干意见的通知》',福建省国土资源厅,2009-11-10,现行有效,地方政府规章及文件
'厦门市人民政府办公厅关于印发厦门市培育农副产品与食品加工百亿产值产业集群发展规划的通知',厦门市人民政府办公厅,2009-11-04,现行有效,地方政府规章及文件
'福建省食品药品监督管理局关于支持柘荣县生物医药产业发展的若干意见',福建省食品药品监督管理局,2009-11-02,现行有效,地方政府规章及文件
'武平县人民政府印发武平县关于进一步扶持机械制造产业发展用电优惠的暂行规定的通知',龙岩市武平县人民政府,2009-10-30,现行有效,地方政府规章及文件
'福建省食品药品监督管理局关于印发支持永春县生物医药产业发展试点县的若干意见',福建省食品药品监督管理局,2009-10-16,现行有效,地方政府规章及文件
'福建省发展和改革委员会关于印发《福建省鼓励台商投资的产业指导目录》的通知',福建省发展和改革委员会,2009-10-13,现行有效,地方政府规章及文件
'将乐县人民政府办公室转发《省政府办公厅关于建立地价调节机制促进海峡西岸经济区产业结构调整的通知》',三明市将乐县人民政府办公室,2009-10-10,现行有效,地方政府规章及文件
'厦门市发展和改革委员会关于印发《厦门市市级高技术产业发展项目管理办法》的通知',厦门市发展和改革委员会,2009-09-25,现行有效,地方政府规章及文件
'厦门市发展和改革委员会关于印发《厦门市高技术产业发展项目验收操作规程》的通知',厦门市发展和改革委员会,2009-09-25,现行有效,地方政府规章及文件
'关于转发市效能办《关于对第三产业少检查、少收费、少干扰的通知》的通知',三明市大田县机关效能建设领导小组办公室,2009-09-14,现行有效,地方政府规章及文件
'厦门市发展改革委关于调整岛内产业布局预审范围的通知',厦门市发展和改革委员会,2009-09-03,已失效,地方政府规章及文件
'梅列区人民政府办公室关于参加首届海峡两岸（厦门）文化产业博览会实施方案的通知',三明市梅列区人民政府办公室,2009-09-03,已失效,地方政府规章及文件
'福建省人民政府办公厅关于建立地价调节机制促进海峡西岸经济区产业结构调整的通知',福建省人民政府办公厅,2009-08-18,现行有效,地方政府规章及文件
'厦门市人民政府转发《福建省人民政府关于进一步推动旅游产业发展若干意见》的通知',厦门市人民政府,2009-08-17,现行有效,地方政府规章及文件
'厦门市人民政府办公厅关于印发厦门市促进文化产业发展财政扶持政策实施细则的通知',厦门市人民政府办公厅,2009-08-14,现行有效,地方政府规章及文件
'厦门市人民政府办公厅关于印发厦门市金融服务产业集群2009-2015年发展规划的通知',厦门市人民政府办公厅,2009-08-05,现行有效,地方政府规章及文件
'关于印发福建省体育及相关产业专项调查重点科研课题申报的通知',福建省体育局,2009-08-03,现行有效,地方政府规章及文件
'厦门市人民政府办公厅关于印发厦门市文化产业基地和文化产业集聚区认定暂行办法的通知',厦门市人民政府办公厅,2009-08-01,现行有效,地方政府规章及文件
'宁德市蕉城区人民政府办公室转发福建省人民政府《关于进一步推动旅游产业发展的若干意见》的通知',宁德市蕉城区人民政府办公室,2009-07-30,现行有效,地方政府规章及文件
'厦门市规划局关于简化利用工业厂房经营文化产业审批手续的通知',厦门市规划局,2009-07-24,现行有效,地方政府规章及文件
'泉州市鲤城区人民政府办公室关于印发《泉州高新技术产业园区（江南园）入园企业优惠奖励办法》的通知',泉州市鲤城区人民政府办公室,2009-07-20,现行有效,地方政府规章及文件
'福建省人民政府关于进一步推动旅游产业发展的若干意见',福建省人民政府,2009-07-14,已失效,地方政府规章及文件
'县人民政府关于贯彻三明市人民政府加快发展旅游产业若干意见的通知',三明市将乐县人民政府,2009-07-13,现行有效,地方政府规章及文件
'邵武市人民政府关于印发2009年中国氟硅精细化工产业发展高峰论坛暨福建邵武项目投资推介会工作方案的通知',邵武市人民政府,2009-07-06,已失效,地方政府规章及文件
'厦门市人民政府办公厅转发市信息产业局等部门《关于推动我市动漫产业发展实施意见》的通知',厦门市人民政府办公厅,2009-06-29,已失效,地方政府规章及文件
'关于印发福建省产业转型升级重点项目银行贷款风险补偿金项目管理办法的通知',福建省经济贸易委员会;福建省财政厅;中国人民银行福州中心支行;中国银行业监督管理委员会福建监管局,2009-06-19,现行有效,地方政府规章及文件
'厦门市人民政府关于印发教育服务产业发展行动计划的通知',厦门市人民政府,2009-06-06,现行有效,地方政府规章及文件
'厦门市人民政府办公厅转发市贸发局关于厦门市会展产业集群2009-2015年发展规划的通知',厦门市人民政府办公厅,2009-05-25,现行有效,地方政府规章及文件
'关于印发三明市2009年生物医药及生物产业工作意见的通知',三明市人民政府,2009-05-12,现行有效,地方政府规章及文件
'福建省人民政府办公厅关于开展菌草产业发展试点工作的通知',福建省人民政府办公厅,2009-05-06,已失效,地方政府规章及文件
'中沙乡人民政府关于2009年度发展茶叶产业工作意见',三明市宁化县中沙乡人民政府,2009-05-06,已失效,地方政府规章及文件
'三明市人民政府关于加快发展旅游产业的若干意见',三明市人民政府,2009-04-27,已失效,地方政府规章及文件
'关于印发《厦门火炬高技术产业开发区引进境外科技创业创新领军人才办法(试行)》的通知',厦门火炬高新区管理委员会,2009-04-23,现行有效,地方政府规章及文件
'关于印发《厦门火炬高技术产业开发区鼓励企业技术改造和技术革新办法(试行)》的通知',厦门火炬高新区管理委员会,2009-04-23,已失效,地方政府规章及文件
'大田县人民政府办公室关于推动我县银行卡产业发展的意见',三明市大田县人民政府办公室,2009-04-17,现行有效,地方政府规章及文件
'福州市人民政府办公厅印发关于加强福州市软件园产业楼出让管理暂行规定的通知',福州市人民政府办公厅,2009-04-15,现行有效,地方政府规章及文件
'南靖县人民政府办公室关于加快油茶产业发展的意见',漳州市南靖县人民政府办公室,2009-04-07,现行有效,地方政府规章及文件
'福建省信息产业厅转发《工业和信息化部关于落实各级工业主管部门质量管理工作的通知》的通知',福建省信息产业厅,2009-03-02,现行有效,地方政府规章及文件
'关于印发推进建材产业破百亿实施意见的通知',龙岩市人民政府,2009-02-27,已失效,地方政府规章及文件
'关于发布《福建省2009年产业发展投资重点》的通知',福建省经济贸易委员会,2009-02-09,现行有效,地方政府规章及文件
'福建省经济贸易委员会关于印发产业集群技术提升专项工作方案(2009～2011年)的通知',福建省经济贸易委员会,2009-02-04,现行有效,地方政府规章及文件
'南平市人民政府关于油茶产业发展的实施意见',南平市人民政府,2009-01-06,现行有效,地方政府规章及文件
'福建省新闻出版产业调查实施方案',福建省新闻出版局,2009,现行有效,地方政府规章及文件
'福建省经济贸易委员会关于印发《福建省重点产业振兴实施方案工作计划》的通知',福建省经济贸易委员会,2008-12-31,现行有效,地方政府规章及文件
'厦门市人民政府办公厅关于印发厦门市促进服务外包产业发展若干意见的通知',厦门市人民政府办公厅,2008-12-24,已失效,地方政府规章及文件
'漳州市人民政府关于进一步加快旅游产业发展的若干意见',漳州市人民政府,2008-12-23,现行有效,地方政府规章及文件
'永定县人民政府关于印发2009-2013年巴戟天产业发展实施方案的通知',龙岩市永定县人民政府,2008-12-23,现行有效,地方政府规章及文件
'关于联合开展LED和太阳能光伏产业实训基地建设工作的意见',福建省教育厅;福建省信息产业厅;福建省经济贸易委员会;福建省人事厅;福建省财政厅;福建省劳动和社会保障厅;中国科学院福建物质结构研究所;福建省国家税务局;福建省地方税务局,2008-12-20,现行有效,地方政府规章及文件
'龙岩市新罗区人民政府关于转发《2008年新罗区服务“10＋3”、“125”产业用工培训工作方案》的通知',龙岩市新罗区人民政府,2008-12-05,现行有效,地方政府规章及文件
'厦门市人民政府关于印发厦门市促进文化产业发展若干政策的通知',厦门市人民政府,2008-11-24,现行有效,地方政府规章及文件
'关于扶持茶业产业发展的实施意见',三明市泰宁县人民政府,2008-11-19,已失效,地方政府规章及文件
'关于转发首届海峡两岸(厦门)文化产业博览交易会南平市工作方案的通知',南平市人民政府办公室,2008-11-10,现行有效,地方政府规章及文件
'福建省信息产业厅关于印发《福建省信息产业厅关于依申请公开政府信息的暂行办法》等文件的通知',福建省信息产业厅,2008-11-07,现行有效,地方政府规章及文件
'大田县人民政府关于调整扶持茶产业发展的实施意见',三明市大田县人民政府,2008-10-30,已失效,地方政府规章及文件
'关于印发龙岩市畜牧业2008—2010年发展规划和龙岩市生猪产业2008—2010年发展布局规划的通知',龙岩市人民政府,2008-10-29,现行有效,地方政府规章及文件
'梅列区人民政府办公室关于印发梅列区参加首届海峡两岸（厦门）文化产业博览交易会实施方案的通知',三明市梅列区人民政府办公室,2008-10-22,已失效,地方政府规章及文件
'关于加快发展旅游产业的若干意见',龙岩市人民政府,2008-10-20,现行有效,地方政府规章及文件
'三明市人民政府办公室关于印发三明市参加首届海峡两岸(厦门)文化产业博览交易会实施方案的通知',三明市人民政府办公室,2008-10-13,现行有效,地方政府规章及文件
'福建省企业信息化工作联席会议办公室、福建省信息产业厅、福建省人事厅关于推进首席信息主管(CIO)制度建设的指导意见',福建省企业信息化工作联席会议办公室;福建省信息产业厅;福建省人事厅,2008-10-08,现行有效,地方政府规章及文件
'关于转发2008年龙岩市服务“10+3”产业用工培训工作方案的通知',龙岩市人民政府,2008-09-25,已失效,地方政府规章及文件
'宁德市人民政府关于促进茶产业发展的意见',宁德市人民政府,2008-09-24,现行有效,地方政府规章及文件
'关于南平市大横绿色产业区总体规划的批复',南平市人民政府,2008-09-23,现行有效,地方政府规章及文件
'关于南平市江南新区产业区总体规划的批复',南平市人民政府,2008-09-23,现行有效,地方政府规章及文件
'关于印发首届海峡两岸（厦门）文化产业博览交易会龙岩市参展团组团方案的通知',龙岩市人民政府办公室,2008-09-05,现行有效,地方政府规章及文件
'永定县人民政府关于印发《永定县关于扶持农产品加工产业发展的若干意见》的通知',龙岩市永定县人民政府,2008-09-04,现行有效,地方政府规章及文件
'厦门市人民政府办公厅转发市信息产业局等部门关于厦门市城市地理数据库数据共享管理暂行办法的通知',厦门市人民政府办公厅,2008-08-26,现行有效,地方政府规章及文件
'大田县人民政府关于印发大田县加快旅游产业发展的暂行规定的通知',三明市大田县人民政府,2008-08-18,现行有效,地方政府规章及文件
'周宁县人民政府办公室关于印发周宁县扶持茶产业发展奖励办法的通知',宁德市周宁县人民政府办公室,2008-07-15,现行有效,地方政府规章及文件
'福建省人民政府办公厅关于印发福建省非公有资本进入文化产业的若干意见的通知',福建省人民政府办公厅,2008-06-05,现行有效,地方政府规章及文件
'厦门市人民政府办公厅转发市统计局关于厦门市主要社会产业统计调查方案通知',厦门市人民政府办公厅,2008-06-05,已失效,地方政府规章及文件
'福建省发展和改革委员会关于组织实施2008年产业技术开发专项的通知',福建省发展和改革委员会,2008-04-28,现行有效,地方政府规章及文件
'莆田市人民政府关于印发十一五期间莆田市工艺美术产业发展行动计划的通知',莆田市人民政府,2008-03-26,现行有效,地方政府规章及文件
'关于转发龙岩市一村一品产业发展示范工程实施方案的通知',龙岩市人民政府办公室,2008-03-11,现行有效,地方政府规章及文件
'南平市人民政府关于水泥产业发展的实施意见',南平市人民政府,2008-02-29,现行有效,地方政府规章及文件
'福建省人民政府办公厅转发信息产业部、福建省人民政府关于加快海峡西岸经济区信息产业发展合作协议的通知',福建省人民政府办公厅,2008-02-05,现行有效,地方政府规章及文件
'福州市人民政府关于印发福州市2008—2012年服务外包产业中远期发展规划的通知',福州市人民政府,2008,现行有效,地方政府规章及文件
'福州市人民政府关于印发福州市促进服务外包产业发展若干意见的通知',福州市人民政府,2008,现行有效,地方政府规章及文件
'龙岩市新罗区人民政府关于加快旅游产业发展的若干意见',龙岩市新罗区人民政府,2008,现行有效,地方政府规章及文件
'福建省信息产业厅贯彻落实《关于加快福建省信息产业人才队伍建设的若干意见》行动方案(2007-2010年)',福建省信息产业厅,2007-12-26,现行有效,地方政府规章及文件
'福建省发改委、福建省经贸委、福建省外经贸厅关于转发《外商投资产业指导目录(2007年修订)》的通知',福建省发展和改革委员会;福建省经济贸易委员会;福建省对外贸易经济合作厅,2007-12-20,现行有效,地方政府规章及文件
'福建省信息产业厅关于印发福建省软件技术研发中心认定管理办法(暂行)的通知',福建省信息产业厅,2007-12-10,现行有效,地方政府规章及文件
'沙县人民政府关于加快第三产业发展的若干意见',三明市沙县人民政府,2007-11-30,现行有效,地方政府规章及文件
'关于印发2007年度三明市生物医药产业发展目标责任书考评细则的通知',三明市人民政府办公室,2007-11-20,现行有效,地方政府规章及文件
'关于加快特色农产品加工产业发展的意见',龙岩市上杭县人民政府,2007-11-16,现行有效,地方政府规章及文件
'浦城县人民政府关于印发浦城荣华山产业组团建设征地拆迁安置补偿方案的通知',南平市浦城县人民政府,2007-11-08,现行有效,地方政府规章及文件
'浦城县人民政府办公室转发《南平市人民政府办公室关于印发南平市工业产业发展基金管理规定的通知》',南平市浦城县人民政府办公室,2007-09-30,现行有效,地方政府规章及文件
'关于加快提升矿产冶金产业发展层次的意见',龙岩市上杭县人民政府,2007-09-30,现行有效,地方政府规章及文件
'南平市人民政府办公室关于印发南平市工业产业发展基金管理规定的通知',南平市人民政府办公室,2007-09-10,现行有效,地方政府规章及文件
'关于印发三明市十一五科技与高新技术产业发展专项规划的通知',三明市人民政府办公室,2007-09-04,现行有效,地方政府规章及文件
'福建省人民政府办公厅转发信息产业厅等部门关于推动我省动漫产业发展若干意见的通知',福建省人民政府办公厅,2007-09-02,现行有效,地方政府规章及文件
'关于转发新闻出版总署、公安部、国家工商行政管理总局、信息产业部规范利用互联网从事印刷经营活动的通知',福建省新闻出版局;福建省公安厅;福建省工商行政管理局;福建省通信管理局,2007-08-30,现行有效,地方政府规章及文件
'福建省人民政府关于印发加快我省创意产业发展指导意见的通知',福建省人民政府,2007-08-13,现行有效,地方政府规章及文件
'关于印发《厦门市岛内投资项目产业布局预审实施办法》的通知',厦门市发展和改革委员会,2007-08-13,已失效,地方政府规章及文件
'宁德市人民政府关于加快林业产业发展的意见',宁德市人民政府,2007-07-30,现行有效,地方政府规章及文件
'关于印发《福建省太阳能产业发展行动方案(2007—2009年)》的函',福建省经济贸易委员会,2007-07-30,现行有效,地方政府规章及文件
'关于扶持全县竹产业发展的通知',龙岩市上杭县人民政府,2007-07-18,现行有效,地方政府规章及文件
'长汀县人民政府关于印发《长汀县人民政府关于利用“6·18”平台促进产业做大做强的暂行规定》的通知',龙岩市长汀县人民政府,2007-06-28,现行有效,地方政府规章及文件
'南平市人民政府关于设立南平市浦城荣华山产业组团投资开发有限公司的通知',南平市人民政府,2007-06-22,现行有效,地方政府规章及文件
'关于加快流通产业发展试点城市工作的实施意见',三明市人民政府,2007-06-22,现行有效,地方政府规章及文件
'漳州市人民政府关于加快畜牧产业发展的意见',漳州市人民政府,2007-06-18,现行有效,地方政府规章及文件
'南平市畜牧兽医水产局关于制定2007年度治理畜牧水产业“餐桌污染”建设“食品放心工程”工作方案的通知',南平市畜牧兽医水产局,2007-06-18,已失效,地方政府规章及文件
'宁化县人民政府关于加快流通产业发展试点城市工作的实施意见',三明市宁化县人民政府,2007-06-15,已失效,地方政府规章及文件
'印发扶持发展“一乡一产业”、“一村一品”的实施方案的通知',龙岩市上杭县人民政府,2007-06-15,现行有效,地方政府规章及文件
'厦门市财政局、厦门市信息产业局关于印发厦门软件园产学研实验室专项资金管理试行办法的通知',厦门市财政局;厦门市信息产业局,2007-06-09,现行有效,地方政府规章及文件
'厦门市财政局、厦门市信息产业局关于印发厦门市动漫产业发展资金管理暂行办法的通知',厦门市财政局;厦门市信息产业局,2007-06-09,现行有效,地方政府规章及文件
'大田县人民政府办公室转发县经贸局关于《参加三明市机械、金属深加工产业专场招商(福州)活动方案》的通知',三明市大田县人民政府办公室,2007-05-22,现行有效,地方政府规章及文件
'龙岩市人民政府关于加快茶产业发展的通知',龙岩市人民政府,2007-05-11,现行有效,地方政府规章及文件
'泉州市人民政府关于扶持和促进光电信息技术产业发展的意见',泉州市人民政府,2007-05-06,现行有效,地方政府规章及文件
'福建省人民政府办公厅转发省信息产业厅等部门关于福建省促进LED和太阳能光伏产业发展实施意见的通知',福建省人民政府办公厅,2007-04-02,已失效,地方政府规章及文件
'三明市人民政府办公室转发市经贸委关于2007年冶金压延和机械汽车产业重大项目工作分解落实方案的通知',三明市人民政府办公室,2007-02-12,现行有效,地方政府规章及文件
'将乐县人民政府办公室关于印发将乐县参加三明市生物医药产业（广东）专场招商活动方案的通知',三明市将乐县人民政府办公室,2007-02-06,已失效,地方政府规章及文件
'厦门市科学技术局关于发展射频识别新兴产业的指导意见',厦门市科学技术局,2007-01-07,现行有效,地方政府规章及文件
'福建省人民政府办公厅转发省发展改革委 省经贸委关于扎实推进产业结构调整指导意见的通知',福建省人民政府办公厅,2006-12-30,已失效,地方政府规章及文件
'关于下达《福建省关于大力发展文化产业的意见》(试行)的通知',福建省文化厅,2006-12-26,现行有效,地方政府规章及文件
'清流县人民政府办公室关于转发《加快桂花产业发展的意见》',三明市清流县人民政府办公室,2006-11-11,现行有效,地方政府规章及文件
'福建省人民政府办公厅印发关于落实闽台产业对接工作职责分工方案的通知',福建省人民政府办公厅,2006-09-21,已失效,地方政府规章及文件
'泉州市人民政府办公室转发市工商局关于进一步推进商标品牌战略全面提升我市产业竞争力若干意见的通知',泉州市人民政府办公室,2006-09-20,现行有效,地方政府规章及文件
'南平市人民政府批转闽北经济开发区管委会等单位关于进一步加强闽北产业集中区建阳片区被征地农民生产生活基本保障的试行意见的通知',南平市人民政府,2006-09-15,现行有效,地方政府规章及文件
'漳州市人民政府办公室关于将龙海市九湖镇、南靖县靖城镇列为漳州市闽台农业合作食用菌产业示范园区的通知',漳州市人民政府办公室,2006-08-15,现行有效,地方政府规章及文件
'福建省人民政府关于印发福建省“十一五”闽台产业对接专项规划的通知',福建省人民政府,2006-08-02,现行有效,地方政府规章及文件
'福建省人民政府关于实施福建省“十一五”闽台产业对接专项规划的若干意见',福建省人民政府,2006-08-02,现行有效,地方政府规章及文件
'厦门市人民政府办公厅转发市信息产业局、市财政局关于推动我市动漫产业发展若干意见的通知',厦门市人民政府办公厅,2006-08-01,现行有效,地方政府规章及文件
'思明区人民政府关于印发思明区“十一五”产业发展规划等12个专项规划的通知',厦门市思明区人民政府,2006-07-12,现行有效,地方政府规章及文件
'沙县人民政府关于加快推进三明高新技术产业开发区金沙园标准厂房建设的实施意见',三明市沙县人民政府,2006-07-01,已失效,地方政府规章及文件
'三明市人民政府关于促进生物医药产业加快发展的若干意见',三明市人民政府,2006-06-22,现行有效,地方政府规章及文件
'福州市人民政府关于印发《福州市鼓励扶持动漫游戏产业发展的若干政策（试行）》的通知',福州市人民政府,2006-05-12,现行有效,地方政府规章及文件
'建宁县人民政府关于印发建宁县2006年生物医药产业发展方案的通知',三明市建宁县人民政府,2006-04-13,已失效,地方政府规章及文件
'厦门市人民政府批转市发改委关于厦门市产业布局指导意见的通知',厦门市人民政府,2006-04-06,现行有效,地方政府规章及文件
'清流县人民政府办公室关于加快肉牛产业发展的通知',三明市清流县人民政府办公室,2006-04-05,现行有效,地方政府规章及文件
'泉州市洛江区人民政府印发泉州市洛江区人民政府关于促进第三产业发展的若干优惠政策的通知',泉州市洛江区人民政府,2006-03-29,已失效,地方政府规章及文件
'南平市人民政府办公室转发市林业局关于2006年实施木竹制品产业集群工作要点的通知',南平市人民政府办公室,2006-03-24,现行有效,地方政府规章及文件
'宁德市人民政府关于加快产业集聚培育产业集群的意见',宁德市人民政府,2006-03-10,现行有效,地方政府规章及文件
'南平市人民政府关于印发南平市本级工业产业招商专员管理实施意见的通知',南平市人民政府,2006-02-22,现行有效,地方政府规章及文件
'南平市人民政府关于加快汽车及配件产业集群发展的实施意见',南平市人民政府,2006-01-06,现行有效,地方政府规章及文件
