'陕西省高新技术产业发展条例',陕西省人民代表大会常务委员会,2010-05-27,现行有效,地方性法规及文件
'陕西省工业和信息化厅、陕西省应急管理厅关于印发《陕西省安全产业示范园区创建指南(试行)》的通知',陕西省工业和信息化厅;陕西省应急管理厅,2020-05-14,现行有效,地方政府规章及文件
'陕西省工业和信息化厅、中国银行保险监督管理委员会陕西监管局关于进一步加大产业链协同复工复产金融服务支持力度的通知',陕西省工业和信息化厅;中国银行保险监督管理委员会陕西监管局,2020-04-26,现行有效,地方政府规章及文件
'延安市人民政府办公室关于印发《延安市加快恢复和促进文化旅游产业发展的十条措施》的通知',延安市人民政府办公室,2020-04-23,现行有效,地方政府规章及文件
'安康市人民政府办公室关于印发2020年富硒产业发展工作方案及考核办法的通知',安康市人民政府办公室,2020-03-26,现行有效,地方政府规章及文件
'陕西省大数据与云计算产业发展领导小组办公室关于在疫情期间推荐使用大数据和工业互联网解决方案的通知',陕西省工业和信息化厅;陕西省大数据与云计算产业发展领导小组办公室,2020-02-09,现行有效,地方政府规章及文件
'榆林市人民政府关于印发《榆林市化工产业投资指导目录(试行)》的通知',榆林市人民政府,2020-01-22,现行有效,地方政府规章及文件
'陕西省人民政府办公厅关于印发省级高新技术产业开发区认定管理办法的通知',陕西省人民政府办公厅,2019-12-18,现行有效,地方政府规章及文件
'安康市人民政府办公室关于印发《安康市产业发展基金管理办法》的通知',安康市人民政府办公室,2019-10-27,现行有效,地方政府规章及文件
'安康市人民政府办公室关于印发《安康市毛绒玩具文创产业出口退税周转资金池管理办法(试行)》的通知',安康市人民政府办公室,2019-09-09,现行有效,地方政府规章及文件
'榆林市人民政府办公室关于印发榆林市智能无人系统产业发展扶持政策(试行)的通知',榆林市人民政府办公室,2019-08-12,现行有效,地方政府规章及文件
'延安市人民政府办公室关于印发《延安市持续推进苹果产业后整理工作措施》的通知',延安市人民政府办公室,2019-06-24,现行有效,地方政府规章及文件
'陕西省人民政府关于加快农业机械化和农机装备产业转型升级的实施意见',陕西省人民政府,2019-06-03,现行有效,地方政府规章及文件
'延安市人民政府办公室关于加快应急产业发展的实施意见',延安市人民政府办公室,2019-04-16,现行有效,地方政府规章及文件
'陕西省发展和改革委员会、陕西省科学技术厅等部门关于印发《陕西省构建全链条产业技术创新体系推动产业创新发展若干措施》的通知',陕西省发展和改革委员会;陕西省科学技术厅;陕西省工业和信息化厅;陕西省教育厅,2019-03-12,现行有效,地方政府规章及文件
'铜川市人民政府办公室关于加快推进农业供给侧结构性改革大力发展粮食产业经济的实施意见',铜川市人民政府办公室,2018-12-26,现行有效,地方政府规章及文件
'宝鸡市人民政府办公室关于加快推进农业供给侧结构性改革大力发展粮食产业经济的实施意见',宝鸡市人民政府办公室,2018-11-13,现行有效,地方政府规章及文件
'安康市人民政府关于培育做强农业五大特色产业的实施意见',安康市人民政府,2018-11-06,现行有效,地方政府规章及文件
'铜川市人民政府关于中医药产业发展的实施意见',铜川市人民政府,2018-10-28,现行有效,地方政府规章及文件
'陕西省人民政府办公厅关于推进农业高新技术产业示范区建设发展的实施意见',陕西省人民政府办公厅,2018-10-16,现行有效,地方政府规章及文件
'铜川市人民政府办公室关于加快煤炭洗选产业发展的意见',铜川市人民政府办公室,2018-09-30,现行有效,地方政府规章及文件
'铜川市人民政府关于印发《铜川市促进数字经济产业发展优惠政策》的通知',铜川市人民政府,2018-09-14,现行有效,地方政府规章及文件
'商洛市人民政府办公室关于支持合作市社会力量在商投资兴业参与产业扶贫的实施意见',商洛市人民政府办公室,2018-09-11,现行有效,地方政府规章及文件
'榆林市人民政府关于印发榆林市推进煤化工产业高端化发展若干政策(试行)的通知',榆林市人民政府,2018-09-10,现行有效,地方政府规章及文件
'延安市人民政府办公室关于印发《延安市加快县域工业集中区和产业园区建设行动计划》的通知',延安市人民政府办公室,2018-09-07,现行有效,地方政府规章及文件
'商洛市人民政府办公室关于加快县域工业集中区和产业园区建设的实施意见',商洛市人民政府办公室,2018-08-31,现行有效,地方政府规章及文件
'安康市人民政府办公室关于加快产业集群发展的实施意见',安康市人民政府办公室,2018-08-17,现行有效,地方政府规章及文件
'安康市人民政府办公室关于印发安康市促进生物医药产业健康快速发展的实施意见的通知',安康市人民政府办公室,2018-08-17,现行有效,地方政府规章及文件
'安康市人民政府办公室关于印发安康市加快县域工业集中区(产业园区)建设行动计划的通知',安康市人民政府办公室,2018-08-17,现行有效,地方政府规章及文件
'关于印发安康市支持发展医养结合养老服务产业若干政策措施的通知',安康市人民政府办公室,2018-08-12,现行有效,地方政府规章及文件
'安康市人民政府办公室关于印发安康市支持发展医养结合养老服务产业若干政策措施的通知',安康市人民政府办公室,2018-08-12,现行有效,地方政府规章及文件
'咸阳市人民政府办公室关于支持合作省(市)社会力量在咸阳投资兴业参与产业扶贫的实施意见',咸阳市人民政府办公室,2018-08-02,现行有效,地方政府规章及文件
'宝鸡市人民政府关于印发宝鸡市奶山羊产业发展规划(2018-2025年)的通知',宝鸡市人民政府,2018-07-19,现行有效,地方政府规章及文件
'安康市人民政府关于加快推进毛绒玩具文创产业发展打造安康新兴支柱产业的意见',安康市人民政府,2018-07-06,现行有效,地方政府规章及文件
'延安市人民政府关于加快产业园区建设的意见',延安市人民政府,2018-06-19,已失效,地方政府规章及文件
'汉中市人民政府关于支持我市汽车产业发展的实施意见',汉中市人民政府,2018-06-14,现行有效,地方政府规章及文件
'延安市人民政府办公室关于鼓励支持社会力量在延安投资兴业参与产业扶贫的实施意见',延安市人民政府办公室,2018-05-18,现行有效,地方政府规章及文件
'宝鸡市人民政府办公室关于印发2018年全市机床工具产业行动计划的通知',宝鸡市人民政府办公室,2018-05-17,现行有效,地方政府规章及文件
'宝鸡市人民政府办公室关于印发2018年全市轨道交通产业行动计划的通知',宝鸡市人民政府办公室,2018-05-17,现行有效,地方政府规章及文件
'延安市人民政府关于印发《延安市2018-2020年苹果产业发展行动方案》的通知',延安市人民政府,2018-05-12,现行有效,地方政府规章及文件
'咸阳市人民政府办公室关于加快推进农业供给侧结构性改革大力发展粮食产业经济的实施意见',咸阳市人民政府办公室,2018-04-25,现行有效,地方政府规章及文件
'榆林市人民政府办公室关于印发《榆林市加快区域物流产业发展行动计划及实施导引》的通知',榆林市人民政府办公室,2018-04-17,现行有效,地方政府规章及文件
'陇县人民政府关于印发陇县百亿生态乳都全产业链发展规划(2018-2022年)的通知',宝鸡市陇县人民政府,2018-03-02,现行有效,地方政府规章及文件
'宝鸡市人民政府关于印发宝鸡市汽车产业发展行动计划(2018—2022年)的通知',宝鸡市人民政府,2018-03-01,现行有效,地方政府规章及文件
'关于印发《推进六大特色产业板块发展的实施意见》的通知',宝鸡市陇县脱贫攻坚领导小组办公室,2018-01-28,现行有效,地方政府规章及文件
'宝鸡市人民政府关于印发宝鸡市促进中医药产业发展实施意见的通知',宝鸡市人民政府,2018-01-21,现行有效,地方政府规章及文件
'陕西省人民政府办公厅关于加快推进农业供给侧结构性改革大力发展粮食产业经济的实施意见',陕西省人民政府办公厅,2018-01-15,现行有效,地方政府规章及文件
'延安市人民政府关于加快推进苹果产业转型升级建设现代果业强市的实施意见',延安市人民政府,2018-01-02,已失效,地方政府规章及文件
'商洛市人民政府关于印发商洛市食用菌产业发展规划(2017-2021年)的通知',商洛市人民政府,2017-12-28,现行有效,地方政府规章及文件
'商洛市人民政府办公室关于加快食用菌产业发展的实施意见',商洛市人民政府办公室,2017-12-26,现行有效,地方政府规章及文件
'安康市人民政府关于印发安康市旅游产业发展三年行动计划(2017年—2019年)的通知',安康市人民政府,2017-12-11,现行有效,地方政府规章及文件
'陕西省人民政府办公厅关于支持合作省(直辖市)社会力量在陕投资兴业参与产业扶贫的若干意见',陕西省人民政府办公厅,2017-11-27,现行有效,地方政府规章及文件
'咸阳市人民政府关于印发《咸阳市做大做强做优茯茶产业实施意见》的通知',咸阳市人民政府,2017-11-27,现行有效,地方政府规章及文件
'陕西省人民政府办公厅关于促进医药产业健康发展的实施意见',陕西省人民政府办公厅,2017-10-13,现行有效,地方政府规章及文件
'陇县人民政府关于印发加快第三产业发展的意见',宝鸡市陇县人民政府,2017-09-21,已失效,地方政府规章及文件
'汉中市人民政府办公室关于印发汉中市产业招商引资工作方案的通知',汉中市人民政府办公室,2017-09-14,现行有效,地方政府规章及文件
'商洛市人民政府办公室关于成立商洛市中药产业发展工作领导小组的通知',商洛市人民政府办公室,2017-09-14,现行有效,地方政府规章及文件
'宝鸡市人民政府办公室关于印发宝鸡市加快军民融合产业发展2017年行动计划的通知',宝鸡市人民政府办公室,2017-08-22,现行有效,地方政府规章及文件
'铜川市人民政府关于加快发展陶瓷产业的意见',铜川市人民政府,2017-08-21,现行有效,地方政府规章及文件
'铜川市人民政府办公室关于加快发展健身休闲产业的实施意见',铜川市人民政府办公室,2017-08-13,现行有效,地方政府规章及文件
'宝鸡市人民政府关于支持农业产业扶贫信贷担保工作的实施意见',宝鸡市人民政府,2017-08-02,现行有效,地方政府规章及文件
'陕西省人民政府关于加快发展康复辅助器具产业的实施意见',陕西省人民政府,2017-07-27,现行有效,地方政府规章及文件
'陕西省人民政府办公厅关于石化产业调结构促转型增效益的实施意见',陕西省人民政府办公厅,2017-07-20,现行有效,地方政府规章及文件
'汉中市人民政府办公室关于印发汉中市产业发展基金管理实施细则的通知',汉中市人民政府办公室,2017-07-18,现行有效,地方政府规章及文件
'宝鸡市人民政府关于进一步加强产业脱贫工作的指导意见',宝鸡市人民政府,2017-07-09,现行有效,地方政府规章及文件
'宝鸡市人民政府办公室关于推进农村一二三产业融合发展的实施意见',宝鸡市人民政府办公室,2017-06-27,现行有效,地方政府规章及文件
'宝鸡市人民政府办公室关于印发宝鸡市中医药产业中长期发展规划的通知',宝鸡市人民政府办公室,2017-06-26,现行有效,地方政府规章及文件
'宝鸡市人民政府办公室关于印发宝鸡市机器人产业发展规划(2016—2020年)的通知',宝鸡市人民政府办公室,2017-06-26,现行有效,地方政府规章及文件
'陕西省人民政府办公厅关于支持返乡下乡人员创业创新促进农村一二三产业融合发展的实施意见',陕西省人民政府办公厅,2017-06-09,现行有效,地方政府规章及文件
'榆林市人民政府办公室关于加快推进中药材产业发展的意见',榆林市人民政府办公室,2017-06-05,现行有效,地方政府规章及文件
'陕西省教育厅、陕西省扶贫开发办公室关于印发《陕西特色产业高校扶贫培训计划实施方案》的通知',陕西省教育厅;陕西省扶贫开发办公室,2017-05-09,现行有效,地方政府规章及文件
'陕西省人民政府办公厅关于加快发展健身休闲产业的实施意见',陕西省人民政府办公厅,2017-05-04,现行有效,地方政府规章及文件
'安康市人民政府关于印发《陕西省安康市富硒产业总体规划﹙2016-2020﹚》的通知',安康市人民政府,2017-04-19,现行有效,地方政府规章及文件
'安康市人民政府办公室关于印发安康市富硒产业发展2017-2020年行动计划的通知',安康市人民政府办公室,2017-04-18,现行有效,地方政府规章及文件
'延安市人民政府办公室关于印发《延安市产业发展基金管理暂行办法》的通知',延安市人民政府办公室,2017-04-07,已失效,地方政府规章及文件
'安康市人民政府关于印发安康市旅游产业“十三五”发展规划的通知',安康市人民政府,2017-04-06,现行有效,地方政府规章及文件
'商洛市人民政府办公室关于做好2017年中药产业发展工作的通知',商洛市人民政府办公室,2017-03-01,现行有效,地方政府规章及文件
'陇县人民政府关于深化“菜单式”扶贫模式做大做强“双百”产业扶贫基地的实施意见',宝鸡市陇县人民政府,2017-02-27,现行有效,地方政府规章及文件
'安康市人民政府办公室关于印发《安康市大数据与云计算产业发展实施方案》的通知',安康市人民政府办公室,2017-02-27,现行有效,地方政府规章及文件
'陕西省人民政府办公厅关于推进农村一二三产业融合发展的实施意见',陕西省人民政府办公厅,2017-02-17,现行有效,地方政府规章及文件
'陕西省人民政府关于渭南大荔科技产业园区升级为省级经济技术开发区的批复',陕西省人民政府,2017-02-07,现行有效,地方政府规章及文件
'陕西省环境保护厅关于建议加快陕西再生资源产业园企业督改进度的函',陕西省环境保护厅,2016-12-16,现行有效,地方政府规章及文件
'铜川市人民政府办公室关于推进农村一二三产业融合发展的意见',铜川市人民政府办公室,2016-12-15,现行有效,地方政府规章及文件
'安康市人民政府办公室关于批转《安康市产业发展基金管理实施细则(试行)》的通知',安康市人民政府办公室,2016-12-12,现行有效,地方政府规章及文件
'榆林市人民政府关于促进服务外包产业加快发展的实施意见',榆林市人民政府,2016-11-07,现行有效,地方政府规章及文件
'安康市人民政府办公室关于推进文化创意和设计服务与相关产业融合发展的实施意见',安康市人民政府办公室,2016-10-19,现行有效,地方政府规章及文件
'榆林市人民政府办公室关于印发《榆林市产业发展基金管理办法》的通知',榆林市人民政府办公室,2016-10-09,现行有效,地方政府规章及文件
'宝鸡市人民政府关于印发加快第三产业发展的意见',宝鸡市人民政府,2016-09-18,已失效,地方政府规章及文件
'安康市人民政府办公室关于促进互联网金融产业健康发展的实施意见',安康市人民政府办公室,2016-07-22,现行有效,地方政府规章及文件
'宝鸡市人民政府办公室关于印发宝鸡市“十三五”工业及产业集群发展规划的通知',宝鸡市人民政府办公室,2016-07-16,现行有效,地方政府规章及文件
'榆林市人民政府关于推进产业结构调整促进产业转型升级的实施意见',榆林市人民政府,2016-07-05,现行有效,地方政府规章及文件
'安康市人民政府办公室关于印发安康市产业发展基金管理办法的通知',安康市人民政府办公室,2016-06-22,现行有效,地方政府规章及文件
'宝鸡市人民政府办公室关于印发宝鸡物流电商产业园产业发展扶持暂行办法的通知',宝鸡市人民政府办公室,2016-03-30,已失效,地方政府规章及文件
'安康市人民政府办公室关于印发安康市产业精准扶贫实施方案的通知',安康市人民政府办公室,2016-01-21,现行有效,地方政府规章及文件
'宝鸡市人民政府关于加快发展体育产业促进体育消费的实施意见',宝鸡市人民政府,2016-01-20,现行有效,地方政府规章及文件
'宝鸡市人民政府办公室关于加快木本油料产业发展的实施意见',宝鸡市人民政府办公室,2015-10-29,现行有效,地方政府规章及文件
'安康市人民政府关于加快生物医药产业发展的意见',安康市人民政府,2015-04-15,现行有效,地方政府规章及文件
'铜川市人民政府关于印发深化全域旅游合作加快文化旅游产业发展实施方案的通知',铜川市人民政府,2015-02-13,现行有效,地方政府规章及文件
'铜川市人民政府办公室关于印发铜川市财政支持绿色低碳产业暨中小企业股权投入管理办法的通知',铜川市人民政府办公室,2014-10-27,已失效,地方政府规章及文件
'榆林市人民政府办公室关于印发《全市兰炭产业转型升级2014年工作计划》的通知',榆林市人民政府办公室,2014-08-11,现行有效,地方政府规章及文件
'榆林市人民政府关于印发全市深化流通体制改革加快流通产业发展实施方案的通知',榆林市人民政府,2014-07-11,现行有效,地方政府规章及文件
'榆林市人民政府关于加快产业园区建设的意见',榆林市人民政府,2014-06-03,现行有效,地方政府规章及文件
'安康市人民政府关于加快新型材料产业发展的意见',安康市人民政府,2014-05-18,现行有效,地方政府规章及文件
'榆林市人民政府关于加快现代畜牧产业体系建设的意见',榆林市人民政府,2014-03-18,现行有效,地方政府规章及文件
'安康市人民政府关于加快现代生猪产业发展的指导意见',安康市人民政府,2014-03-01,现行有效,地方政府规章及文件
'安康市人民政府关于围绕重点产业加快龙头企业培育的实施意见',安康市人民政府,2014-01-07,现行有效,地方政府规章及文件
'安康市人民政府关于加快文化产业发展的实施意见',安康市人民政府,2013-12-29,现行有效,地方政府规章及文件
'安康市人民政府关于加快富硒茶产业发展的实施意见',安康市人民政府,2013-12-25,现行有效,地方政府规章及文件
'咸阳市人民政府关于实施项目带动战略促进文化产业发展的实施意见',咸阳市人民政府,2013-11-12,现行有效,地方政府规章及文件
'安康市人民政府关于印发《安康市文化产业发展规划(2013-2020)》的通知',安康市人民政府,2013-11-05,现行有效,地方政府规章及文件
'安康市人民政府办公室关于大力发展魔芋产业的实施意见',安康市人民政府办公室,2013-10-09,现行有效,地方政府规章及文件
'榆林市人民政府关于印发榆林市扶持沙棘产业发展实施意见的通知',榆林市人民政府,2013-07-23,现行有效,地方政府规章及文件
'榆林市人民政府关于加快榆林旅游产业发展的意见',榆林市人民政府,2012-12-04,现行有效,地方政府规章及文件
'宝鸡市人民政府办公室关于印发宝鸡市“十三五”文化旅游产业融合发展规划的通知',宝鸡市人民政府办公室,2016-07-16,现行有效,地方政府规章及文件
'商洛市人民政府办公室关于印发商洛市村域产业精准扶贫实施方案的通知',商洛市人民政府办公室,2016-10-28,现行有效,地方政府规章及文件
'陕西省人民政府办公厅关于加快应急产业发展的实施意见',陕西省人民政府办公厅,2016-10-14,现行有效,地方政府规章及文件
'陕西省人民政府办公厅关于印发大数据与云计算产业示范工程实施方案的通知',陕西省人民政府办公厅,2016-06-17,现行有效,地方政府规章及文件
'扶风县人民政府关于加快发展体育产业促进体育消费的实施意见',宝鸡市扶风县人民政府,2016-03-13,现行有效,地方政府规章及文件
'洋县人民政府关于印发洋县精准脱贫产业扶持实施办法(试行)的通知',汉中市洋县人民政府,2016-03-10,现行有效,地方政府规章及文件
'陕西省人民政府办公厅关于印发《陕西省产业发展基金管理办法》的通知',陕西省人民政府办公厅,2015-12-26,现行有效,地方政府规章及文件
'陕西省人民政府办公厅关于促进互联网金融产业健康发展的意见',陕西省人民政府办公厅,2015-12-26,现行有效,地方政府规章及文件
'陕西省人民政府关于进一步改进财政支持产业发展方式的意见',陕西省人民政府,2015-12-26,现行有效,地方政府规章及文件
'洋县人民政府办公室关于印发洋县移民搬迁产业扶持资金使用管理实施细则(试行)的通知',汉中市洋县人民政府办公室,2015-11-23,现行有效,地方政府规章及文件
'陇县人民政府办公室关于印发《陇县鼓励电子商务产业发展扶持暂行办法》的通知',宝鸡市陇县人民政府办公室,2015-11-12,已失效,地方政府规章及文件
'陕西省人民政府关于同意建设凤翔高新技术产业开发区的批复',陕西省人民政府,2015-09-29,现行有效,地方政府规章及文件
'陕西省人民政府关于同意建设蒲城高新技术产业开发区的批复',陕西省人民政府,2015-09-19,现行有效,地方政府规章及文件
'陕西省人民政府关于同意建设富平高新技术产业开发区的批复',陕西省人民政府,2015-07-29,现行有效,地方政府规章及文件
'宝鸡市陈仓区人民政府关于印发《宝鸡市陈仓区产业扶贫项目管理办法》的通知',宝鸡市陈仓区人民政府,2015-07-13,已失效,地方政府规章及文件
'陕西省人民政府办公厅关于进一步推动煤炭产业平稳健康发展的意见',陕西省人民政府办公厅,2015-06-30,现行有效,地方政府规章及文件
'陕西省人民政府关于同意建设三原高新技术产业开发区的批复',陕西省人民政府,2015-06-28,现行有效,地方政府规章及文件
'陕西省人民政府办公厅关于加快木本油料产业发展的实施意见',陕西省人民政府办公厅,2015-06-15,现行有效,地方政府规章及文件
'陕西省人民政府关于加快发展体育产业促进体育消费的实施意见',陕西省人民政府,2015-05-13,现行有效,地方政府规章及文件
'商洛市人民政府办公室关于认真做好2015年中药产业发展工作的通知',商洛市人民政府办公室,2015-04-28,现行有效,地方政府规章及文件
'陕西省人民政府关于同意铜川市董家河循环经济产业示范园并入陕西铜川经济技术开发区的批复',陕西省人民政府,2015-03-22,现行有效,地方政府规章及文件
'陕西省人民政府关于推进文化创意和设计服务与相关产业融合发展的实施意见',陕西省人民政府,2015-01-09,现行有效,地方政府规章及文件
'关于下达陕西省2014年巩固退耕还林成果后续产业林业项目第二批建设任务和投资计划的通知',陕西省发展和改革委员会;陕西省财政厅;陕西省林业厅,2014-12-02,现行有效,地方政府规章及文件
'关于下达陕西省2014年巩固退耕还林成果后续产业林业项目建设任务和投资计划的通知',陕西省发展和改革委员会;陕西省财政厅;陕西省林业厅,2014-10-15,现行有效,地方政府规章及文件
'陕西省人民政府办公厅关于金融支持战略性新兴产业发展的指导意见',陕西省人民政府办公厅,2014-09-19,现行有效,地方政府规章及文件
'商洛市人民政府办公室关于做好第七届中国西部文化产业博览会筹备工作的通知',商洛市人民政府办公室,2014-08-20,现行有效,地方政府规章及文件
'陕西省人民政府办公厅关于加快全省茶产业发展的意见',陕西省人民政府办公厅,2014-08-07,现行有效,地方政府规章及文件
'陕西省人民政府办公厅关于做好第七届中国西部文化产业博览会筹备工作的通知',陕西省人民政府办公厅,2014-08-02,现行有效,地方政府规章及文件
'陕西省人民政府办公厅关于促进地理信息产业发展的意见',陕西省人民政府办公厅,2014-05-18,现行有效,地方政府规章及文件
'陕西省人民政府办公厅关于印发省医药产业发展实施方案的通知',陕西省人民政府办公厅,2014-04-29,现行有效,地方政府规章及文件
'陕西省商务厅、陕西省发展和改革委员会、陕西省财政厅关于进一步推进服务外包产业发展的实施意见',陕西省商务厅;陕西省发展和改革委员会;陕西省财政厅,2014-04-28,现行有效,地方政府规章及文件
'陕西省人民政府办公厅关于印发深化流通体制改革加快流通产业发展实施意见重点工作部门分工方案的通知',陕西省人民政府办公厅,2013-12-18,现行有效,地方政府规章及文件
'商洛市人民政府办公室关于进一步加快肉牛肉羊产业发展的实施意见',商洛市人民政府办公室,2013-10-09,现行有效,地方政府规章及文件
'商洛市人民政府关于印发商洛市进一步加快现代中药产业发展的意见',商洛市人民政府,2013-09-16,现行有效,地方政府规章及文件
'陕西省人民政府关于实施项目带动战略促进文化产业发展的意见',陕西省人民政府,2013-09-10,现行有效,地方政府规章及文件
'宝鸡市人民政府办公室关于认真贯彻落实稳定家禽产业发展政策的通知',宝鸡市人民政府办公室,2013-08-26,现行有效,地方政府规章及文件
'宝鸡市人民政府办公室关于进一步加快肉牛肉羊产业发展的意见',宝鸡市人民政府办公室,2013-08-23,现行有效,地方政府规章及文件
'关于印发2014年度省级高新技术产业发展专项资金项目申报指南的通知',陕西省发展和改革委员会;陕西省财政厅,2013-08-01,现行有效,地方政府规章及文件
'陕西省发展和改革委员会关于大力推进太阳能发电产业加快发展的通知',陕西省发展和改革委员会,2013-07-18,现行有效,地方政府规章及文件
'关于下达陕西省油茶产业发展2013年中央预算内投资计划的通知',陕西省发展和改革委员会;陕西省林业厅,2013-07-10,现行有效,地方政府规章及文件
'陕西省人民政府关于深化流通体制改革加快流通产业发展的实施意见',陕西省人民政府,2013-07-06,现行有效,地方政府规章及文件
'陕西省人民政府办公厅关于加强战略性新兴产业知识产权工作的意见',陕西省人民政府办公厅,2013-07-05,现行有效,地方政府规章及文件
'陕西省人民政府办公厅关于进一步加快肉牛肉羊产业发展的意见',陕西省人民政府办公厅,2013-06-12,现行有效,地方政府规章及文件
'陕西省财政厅关于印发《地方特色产业中小企业发展资金管理实施办法》的通知',陕西省财政厅,2013-05-29,现行有效,地方政府规章及文件
'陕西省人民政府办公厅关于稳定家禽产业发展的通知',陕西省人民政府办公厅,2013-05-24,现行有效,地方政府规章及文件
'陕西省人民政府关于贯彻落实国务院节能与新能源汽车产业发展规划的实施意见',陕西省人民政府,2013-05-06,现行有效,地方政府规章及文件
'宝鸡市人民政府办公室关于进一步加快烟草产业发展的实施意见',宝鸡市人民政府办公室,2013-01-14,现行有效,地方政府规章及文件
'陕西省财政厅关于印发《陕西省省级文化产业发展专项资金管理暂行办法》的通知',陕西省财政厅,2013,现行有效,地方政府规章及文件
'延安市人民政府办公室关于印发《延安市“十二五”文化产业发展规划》的通知',延安市人民政府办公室,2012-12-28,现行有效,地方政府规章及文件
'安康市人民政府办公室关于进一步支持烟草产业发展的意见',安康市人民政府办公室,2012-12-18,现行有效,地方政府规章及文件
'关于办理外商投资鼓励类产业确认有关事项的通知',陕西省发展和改革委员会,2012-12-10,已失效,地方政府规章及文件
'安康市人民政府关于大力发展涉水产业的意见',安康市人民政府,2012-11-20,现行有效,地方政府规章及文件
'关于印发《2013年陕南循环发展和一县一产业项目申报指南》的通知',陕西省发展和改革委员会,2012-10-12,现行有效,地方政府规章及文件
'关于转发《2012年度集成电路产业研究与开发专项资金申报指南》的通知',陕西省发展和改革委员会,2012-10-08,现行有效,地方政府规章及文件
'陇县2012年度巩固退耕还林成果后续产业农民技能培训项目实施方案',宝鸡市陇县果业局,2012-10,现行有效,地方政府规章及文件
'商洛市人民政府办公室关于印发2012年关中—天水经济区承接产业转移洽谈会暨第三届先进制造业与服务业融合博览会参会工作筹备方案的通知',商洛市人民政府办公室,2012-09-19,已失效,地方政府规章及文件
'富县人民政府关于促进煤炭产业促销保产工作的意见',延安市富县人民政府,2012-09-13,现行有效,地方政府规章及文件
'延安市人民政府办公室转发市文化广电新闻出版局关于《延安市参加第六届中国西部文化产业博览会活动方案》的通知',延安市人民政府办公室,2012-08-27,现行有效,地方政府规章及文件
'扶风县人民政府办公室关于印发扶风县土地和房地产业税收一体化管理实施意见的通知',宝鸡市扶风县人民政府办公室,2012-08-22,现行有效,地方政府规章及文件
'延安市人民政府关于实施苹果产业提质增效工程的意见',延安市人民政府,2012-07-27,现行有效,地方政府规章及文件
'陕西省人民政府办公厅关于进一步支持烟草产业发展的意见',陕西省人民政府办公厅,2012-06-27,现行有效,地方政府规章及文件
'汉中市人民政府关于印发汉中市文化产业发展2012—2015年规划纲要的通知',汉中市人民政府,2012-06-08,现行有效,地方政府规章及文件
'榆林市人民政府办公室关于做好2012年重大产业项目策划工作的通知',榆林市人民政府办公室,2012-05-28,现行有效,地方政府规章及文件
'咸阳市人民政府关于扶持核桃产业发展的意见',咸阳市人民政府,2012-05-16,现行有效,地方政府规章及文件
'凤县人民政府关于印发凤县农业产业发展扶持政策的通知',宝鸡市凤县人民政府,2012-04-16,现行有效,地方政府规章及文件
'汉中市人民政府关于印发汉中市产业发展专项资金使用管理办法的通知',汉中市人民政府,2012-04-10,现行有效,地方政府规章及文件
'志丹县人民政府关于扶持苹果产业发展的实施意见',延安市志丹县人民政府,2012-04-01,现行有效,地方政府规章及文件
'关于印发《陕西省盐化工产业发展规划》的通知',陕西省发展和改革委员会,2012-03-29,现行有效,地方政府规章及文件
'富县人民政府关于2012年苹果产业开发的安排意见',延安市富县人民政府,2012-03-27,现行有效,地方政府规章及文件
'安康市人民政府关于扶持发展劳动密集型产业的意见',安康市人民政府,2012-03-19,现行有效,地方政府规章及文件
'铜川市人民政府关于支持陶瓷产业发展的意见',铜川市人民政府,2012-03-13,已失效,地方政府规章及文件
'中共凤县县委办公室、凤县人民政府办公室关于印发《凤县文化旅游产业发展扶持办法》的通知',中共宝鸡市凤县县委办公室;宝鸡市凤县人民政府办公室,2012-03-02,现行有效,地方政府规章及文件
'眉县人民政府关于印发眉县滨河文化产业新区土地征用及拆迁补偿办法的通知',宝鸡市眉县人民政府,2012-03-02,现行有效,地方政府规章及文件
'中共凤县县委、凤县人民政府关于印发《关于加快全县旅游产业体系建设的实施意见》的通知',中共宝鸡市凤县县委;宝鸡市凤县人民政府,2012-02-29,现行有效,地方政府规章及文件
'关于印发《2012年陕南循环发展和一县一产业项目申报指南》的通知',陕西省发展和改革委员会,2012-02-21,现行有效,地方政府规章及文件
'陕西省人民政府办公厅转发省发展改革委《关于加快发展生物医药产业意见》的通知',陕西省人民政府办公厅,2012-02-21,现行有效,地方政府规章及文件
'关于印发《2012年度陕西省高新技术产业发展专项资金项目申报指南》的通知',陕西省发展和改革委员会,2012-02-08,现行有效,地方政府规章及文件
'关于印发《2012年度陕西省环保产业产业发展专项资金项目申报指南》的通知',陕西省发展和改革委员会;陕西省财政厅,2012-01-17,现行有效,地方政府规章及文件
'关于印发《2012年陕西省产业引导和结构调整资金项目申报指南》的通知',陕西省发展和改革委员会,2012-01-17,现行有效,地方政府规章及文件
'子长县人民政府办公室关于做好全县文化产业统计监测工作的通知',延安市子长县人民政府办公室,2012-01-12,现行有效,地方政府规章及文件
'转发国家能源局《关于促进低热值煤发电产业健康发展的通知》',陕西省发展和改革委员会,2012-01-09,现行有效,地方政府规章及文件
'陕西省人民政府办公厅印发贯彻落实省政府关于加快培育和发展战略性新兴产业意见重点工作分工方案的通知',陕西省人民政府办公厅,2012-01-04,现行有效,地方政府规章及文件
'关于铜川市董家河工业园区循环经济产业发展规划的批复',陕西省发展和改革委员会,2011-12-29,现行有效,地方政府规章及文件
'汉中市人民政府转发《省人民政府关于进一步鼓励软件产业和集成电路产业发展实施意见》的通知',汉中市人民政府,2011-12-20,现行有效,地方政府规章及文件
'延安市人民政府办公室关于切实做好文化产业统计监测工作的通知',延安市人民政府办公室,2011-12-08,现行有效,地方政府规章及文件
'铜川市人民政府办公室转发人行铜川市中心支行《关于金融支持铜川文化产业加快发展指导意见》的通知',铜川市人民政府办公室,2011-11-02,现行有效,地方政府规章及文件
'陕西省人民政府关于进一步鼓励软件产业和集成电路产业发展的实施意见',陕西省人民政府,2011-10-23,现行有效,地方政府规章及文件
'凤县人民政府关于加快核桃产业发展的意见',宝鸡市凤县人民政府,2011-10-20,现行有效,地方政府规章及文件
'宝鸡市陈仓区人民政府关于加快推进核桃产业发展的意见',宝鸡市陈仓区人民政府,2011-09-26,现行有效,地方政府规章及文件
'商洛市人民政府办公室转发人行商洛中心支行《关于金融支持旅游产业加快发展指导意见》的通知',商洛市人民政府办公室,2011-09-22,现行有效,地方政府规章及文件
'志丹县人民政府办公室关于进一步加强第三产业部门统计工作的意见',延安市志丹县人民政府办公室,2011-08-10,现行有效,地方政府规章及文件
'宜川县人民政府办公室关于做好第三产业部门统计工作的通知',延安市宜川县人民政府办公室,2011-08-09,现行有效,地方政府规章及文件
'子长县人民政府办公室转发延安市人民政府办公室《关于进一步加强第三产业部门统计工作的意见》的通知',延安市子长县人民政府办公室,2011-08-09,现行有效,地方政府规章及文件
'洛川县人民政府办公室关于进一步加强第三产业部门统计工作的意见',延安市洛川县人民政府办公室,2011-08-01,现行有效,地方政府规章及文件
'铜川市人民政府关于加快照明产业发展的决定',铜川市人民政府,2011-07-07,现行有效,地方政府规章及文件
'陕西省人民政府关于加快培育和发展战略性新兴产业的意见',陕西省人民政府,2011-07-03,现行有效,地方政府规章及文件
'延安市农业局关于指导重点镇和新型社区编制农业产业配置规划的安排意见',延安市农业局,2011-06-16,现行有效,地方政府规章及文件
'宝鸡市人民政府办公室关于印发宝鸡市“十二五”新兴产业发展规划的通知',宝鸡市人民政府办公室,2011-06-15,现行有效,地方政府规章及文件
'咸阳市人民政府办公室关于贯彻市政府主要领导有关核桃产业发展重要批示精神的通知',咸阳市人民政府办公室,2011-06-05,现行有效,地方政府规章及文件
'宝鸡市人民政府办公室关于印发宝鸡市“十二五”旅游产业发展规划的通知',宝鸡市人民政府办公室,2011-06-02,现行有效,地方政府规章及文件
'商洛市人民政府关于印发扶持发展尾矿资源综合利用产业意见的通知',商洛市人民政府,2011-04-13,现行有效,地方政府规章及文件
'关于印发《杨凌农业高新技术产业示范区党工委管委会工作规则(试行)》的通知',中共陕西省杨凌农业高新技术产业示范区工作委员会;杨凌农业高新技术产业示范区管理委员会,2011-03-14,现行有效,地方政府规章及文件
'富县人民政府关于2011年苹果产业开发的安排意见',延安市富县人民政府,2011-03-02,现行有效,地方政府规章及文件
'志丹县人民政府关于2011年苹果产业建设的安排意见',延安市志丹县人民政府,2011-03-02,现行有效,地方政府规章及文件
'咸阳市人民政府办公室关于印发《咸阳市环保产业发展规划》的通知',咸阳市人民政府办公室,2011-02-21,现行有效,地方政府规章及文件
'关于印发杨凌农业高新技术产业示范区“十二五”发展规划纲要的通知',中共陕西省杨凌农业高新技术产业示范区工作委员会;杨凌农业高新技术产业示范区管理委员会,2011-01-29,现行有效,地方政府规章及文件
'关于印发《2011年度陕西省高新技术产业发展专项资金项目申报指南》的通知',陕西省发展和改革委员会,2011-01-21,现行有效,地方政府规章及文件
'榆林市人民政府关于印发榆林高新技术产业发展规划的通知',榆林市人民政府,2011-01-20,现行有效,地方政府规章及文件
'榆林市人民政府关于推进科技服务高新技术产业园区发展的意见',榆林市人民政府,2011-01-20,现行有效,地方政府规章及文件
'榆林市人民政府关于加快榆林高新技术产业园区创建国家级高新区的若干意见',榆林市人民政府,2011-01-15,现行有效,地方政府规章及文件
'榆林市人民政府关于加快榆林高新技术产业园区建设的决定',榆林市人民政府,2011-01-15,现行有效,地方政府规章及文件
'陕西省林业厅关于认真学习贯彻《国家林业局进一步加快发展沙产业的意见》的通知',陕西省林业厅,2010-12-30,现行有效,地方政府规章及文件
'宝鸡市人民政府关于印发调整和完善宝鸡高新技术产业开发区财政体制方案的通知',宝鸡市人民政府,2010-12-30,现行有效,地方政府规章及文件
'宝鸡市人民政府办公室关于印发宝鸡市产业发展规划的通知',宝鸡市人民政府办公室,2010-12-20,现行有效,地方政府规章及文件
'宝鸡市人民政府办公室转发人行宝鸡市中心支行《关于金融支持宝鸡文化产业振兴和发展繁荣指导意见》的通知',宝鸡市人民政府办公室,2010-12-16,现行有效,地方政府规章及文件
'铜川市人民政府关于做大做强宜君核桃产业的决定',铜川市人民政府,2010-12-09,现行有效,地方政府规章及文件
'陕西省人民政府办公厅关于加快发展体育产业的意见',陕西省人民政府办公厅,2010-11-29,现行有效,地方政府规章及文件
'安康市人民政府办公室转发市工信局关于《安康市创建省级以上新型工业化产业示范基地实施意见》的通知',安康市人民政府办公室,2010-10-20,现行有效,地方政府规章及文件
'关于转发省发改委、财政厅、农业厅、林业厅、水利厅关于印发《陕西省巩固退耕还林成果后续产业发展项目资金申报指南（暂行）》的通知的通知',汉中市发展和改革委员会;汉中市财政局;汉中市农业局;汉中市林业局;汉中市水利局,2010-09-30,现行有效,地方政府规章及文件
'咸阳市人民政府办公室转发人行咸阳市中心支行关于《咸阳市金融支持文化产业振兴发展指导意见》的通知',咸阳市人民政府办公室,2010-09-29,现行有效,地方政府规章及文件
'汉中市人民政府关于进一步加快烤烟产业发展的决定',汉中市人民政府,2010-09-28,现行有效,地方政府规章及文件
'宝鸡市人民政府关于促进产业集群加快发展的意见',宝鸡市人民政府,2010-08-30,现行有效,地方政府规章及文件
'安康市人民政府办公室关于认真做好蚕桑产业恢复重建工作的通知',安康市人民政府办公室,2010-08-10,现行有效,地方政府规章及文件
'关于转发陕西省广播电影电视局《关于转发省政府办公厅关于促进电影产业繁荣发展的实施意见的通知》的通知',延安市广播电视管理办公室,2010-07-28,现行有效,地方政府规章及文件
'商洛市人民政府办公室关于进一步加快银行卡产业发展的通知',商洛市人民政府办公室,2010-07-26,现行有效,地方政府规章及文件
'宝鸡市人民政府办公室转发市粮食局等部门《关于进一步深化国有粮食企业改革促进粮食产业健康发展意见》的通知',宝鸡市人民政府办公室,2010-07-19,现行有效,地方政府规章及文件
'汉中市人民政府关于汉中循环经济产业集聚区发展规划的实施意见',汉中市人民政府,2010-07-09,现行有效,地方政府规章及文件
'陕西省人民政府办公厅关于促进电影产业繁荣发展的实施意见',陕西省人民政府办公厅,2010-06-28,现行有效,地方政府规章及文件
'商洛市人民政府关于印发商洛市核桃产业2010-2015年发展规划的通知',商洛市人民政府,2010-06-17,现行有效,地方政府规章及文件
'宝鸡市人民政府办公室关于扶持花椒核桃产业发展的通知',宝鸡市人民政府办公室,2010-05-13,现行有效,地方政府规章及文件
'咸阳市人民政府办公室关于进一步加强和完善全市文化产业统计监测工作的通知',咸阳市人民政府办公室,2010-05-05,现行有效,地方政府规章及文件
'商洛市人民政府关于印发陕南循环经济产业发展规划商洛市实施意见的通知',商洛市人民政府,2010-04-19,现行有效,地方政府规章及文件
'陕西省人民政府办公厅转发省发展改革委等部门《关于抑制部分行业产能过剩和重复建设引导产业健康发展的实施意见》的通知',陕西省人民政府办公厅,2010-04-06,现行有效,地方政府规章及文件
'宝鸡市人民政府办公室关于印发宝鸡市促进产业集群加快发展调研方案的通知',宝鸡市人民政府办公室,2010-04-02,现行有效,地方政府规章及文件
'咸阳市人民政府关于加快全市杂果经济林产业发展的实施意见',咸阳市人民政府,2010-03-16,现行有效,地方政府规章及文件
'宝鸡市人民政府办公室关于切实落实加快农业优势产业发展扶持政策的通知',宝鸡市人民政府办公室,2010-02-27,现行有效,地方政府规章及文件
'陕西省人民政府办公厅关于进一步加强和完善全省文化产业统计监测工作的通知',陕西省人民政府办公厅,2010-02-02,现行有效,地方政府规章及文件
'商洛市人民政府办公室关于印发商洛市水泥产业结构调整指导意见的通知',商洛市人民政府办公室,2010-01-22,现行有效,地方政府规章及文件
'陕西省人民政府关于加快推进核桃等干杂果经济林产业发展的意见',陕西省人民政府,2010-01-07,现行有效,地方政府规章及文件
'陕西省人民政府关于促进服务外包产业发展的若干意见',陕西省人民政府,2009-12-29,现行有效,地方政府规章及文件
'陕西省人民政府关于印发《陕南循环经济产业发展规划(2009—2020年)》的通知',陕西省人民政府,2009-12-16,现行有效,地方政府规章及文件
'陕西省人民政府关于实施“双百工程”推进军民结合产业突破发展的意见',陕西省人民政府,2009-12-13,现行有效,地方政府规章及文件
'商洛市人民政府办公室关于印发商洛市蚕桑产业发展规划的通知',商洛市人民政府办公室,2009-12-09,现行有效,地方政府规章及文件
'宝鸡市人民政府关于支持新能源产业发展的实施意见',宝鸡市人民政府,2009-12-09,现行有效,地方政府规章及文件
'关于印发《陕西省水泥产业结构调整指导意见》的通知',陕西省发展和改革委员会,2009-11-23,现行有效,地方政府规章及文件
'勉县人民政府关于进一步促进房地产业发展扶持居民安居置业的意见',汉中市勉县人民政府,2009-11-13,现行有效,地方政府规章及文件
'关于下达电子信息产业振兴和技术改造项目2009年第三批扩大内需中央预算内投资计划的通知',陕西省发展和改革委员会,2009-11-03,现行有效,地方政府规章及文件
'关于下达陕西省2008年巩固退耕还林成果后续产业项目建设任务和投资计划的通知',陕西省发展和改革委员会,2009-10-27,已失效,地方政府规章及文件
'关于下达2008年巩固退耕还林成果后续产业项目建设任务和投资计划的通知',陕西省发展和改革委员会,2009-10-27,已失效,地方政府规章及文件
'汉中市人民政府关于加快旅游产业发展的实施意见',汉中市人民政府,2009-10-27,现行有效,地方政府规章及文件
'陕西省人民政府办公厅印发《〈关于进一步加快旅游产业发展的决定〉任务分解一览表》的通知',陕西省人民政府办公厅,2009-10-19,现行有效,地方政府规章及文件
'汉中市人民政府办公室关于印发汉中市2009—2012年蔬菜产业发展规划的通知',汉中市人民政府办公室,2009-10-14,现行有效,地方政府规章及文件
'汉中市人民政府关于加快蔬菜产业发展的决定',汉中市人民政府,2009-10-09,现行有效,地方政府规章及文件
'安康市人民政府关于印发安康市产业振兴和结构调整实施意见的通知',安康市人民政府,2009-09-28,现行有效,地方政府规章及文件
'商洛市人民政府关于加快旅游产业发展的实施意见',商洛市人民政府,2009-09-22,现行有效,地方政府规章及文件
'关于下达陕西省油茶产业发展2009年第四批中央预算内投资计划的通知',陕西省发展和改革委员会;陕西省林业厅,2009-09-18,现行有效,地方政府规章及文件
'陕西省人民政府办公厅关于金融支持陕西文化产业做大做强的指导意见',陕西省人民政府办公厅,2009-09-03,现行有效,地方政府规章及文件
'关于下达2009年煤炭产业升级改造项目投资计划的通知',陕西省发展和改革委员会,2009-08-11,现行有效,地方政府规章及文件
'关于印发《陕西省发展改革委国家高技术产业发展项目管理办法》(暂行)的通知',陕西省发展和改革委员会,2009-08-05,已失效,地方政府规章及文件
'宝鸡市人民政府关于印发《宝鸡市产业振兴规划（2009—2011年）》的通知',宝鸡市人民政府,2009-07-29,现行有效,地方政府规章及文件
'关于下达2009年第二批产业技术研发资金高技术产业发展项目投资计划的通知',陕西省发展和改革委员会,2009-07-20,现行有效,地方政府规章及文件
'陕西省人民政府办公厅、环境保护部办公厅关于印发《陕西黄河中上游能源化工区重点产业发展战略环境评价工作实施方案》的通知',陕西省人民政府办公厅;环境保护部办公厅,2009-07-01,已失效,地方政府规章及文件
'陕西省人民政府关于进一步加快旅游产业发展的决定',陕西省人民政府,2009-06-26,现行有效,地方政府规章及文件
'商洛市人民政府办公室关于印发2008—2012年中药产业发展规划的通知',商洛市人民政府办公室,2009-06-20,现行有效,地方政府规章及文件
'关于下达电子信息产业振兴和技术改造项目2009年新增中央预算内投资计划的通知',陕西省发展和改革委员会;陕西省工业和信息化厅,2009-05-25,现行有效,地方政府规章及文件
'汉中市人民政府办公室关于加快猕猴桃产业发展的意见',汉中市人民政府办公室,2009-05-11,现行有效,地方政府规章及文件
'勉县人民政府办公室关于印发旅游产业保增长促发展工作措施的通知',汉中市勉县人民政府办公室,2009-05-06,现行有效,地方政府规章及文件
'米脂县人民政府关于印发《米脂县现代特色农业“一园六区”、“六大产业”项目建设三年规划》的通知',榆林市米脂县人民政府,2009-04-15,现行有效,地方政府规章及文件
'陕西省人民政府关于印发《陕西省产业集群发展规划纲要(2009—2015年)》的通知',陕西省人民政府,2009-03-19,现行有效,地方政府规章及文件
'陕西省人民政府关于加快产业集群发展的指导意见',陕西省人民政府,2009-03-19,现行有效,地方政府规章及文件
'转发国家发展改革委办公厅关于组织实施彩电产业战略转型产业化专项有关问题的通知',陕西省发展和改革委员会,2009-03-10,现行有效,地方政府规章及文件
'勉县人民政府办公室关于2009年魔芋产业基地建设安排意见',汉中市勉县人民政府办公室,2009-03-05,现行有效,地方政府规章及文件
'陕西省人民政府办公厅转发省旅游局陕南旅游产业突破发展规划纲要的通知',陕西省人民政府办公厅,2009-02-02,现行有效,地方政府规章及文件
'关于制订我省重点产业振兴规划实施方案的通知',陕西省发展和改革委员会,2009-01-22,现行有效,地方政府规章及文件
'中共佛坪县委、佛坪县人民政府关于加快旅游产业突破发展的决定',中共汉中市佛坪县委;汉中市佛坪县人民政府,2009,现行有效,地方政府规章及文件
'勉县人民政府办公室关于印发勉县魔芋产业一县一业发展规划的通知',汉中市勉县人民政府办公室,2008-12-26,现行有效,地方政府规章及文件
'关于下达产业技术进步2008年新增中央预算内投资计划的通知',陕西省发展和改革委员会,2008-12-23,现行有效,地方政府规章及文件
'勉县人民政府关于加快魔芋产业发展的实施意见',汉中市勉县人民政府,2008-12-23,现行有效,地方政府规章及文件
'汉中市人民政府办公室关于转发《汉中市银行卡产业十一五发展规划》的通知',汉中市人民政府办公室,2008-12-06,现行有效,地方政府规章及文件
'陕西省人民政府关于渭南卤阳湖现代产业综合开发区总体规划的批复',陕西省人民政府,2008-12-03,现行有效,地方政府规章及文件
'铜川市人民政府办公室关于加强承接产业转移工作的实施意见',铜川市人民政府办公室,2008-12-01,现行有效,地方政府规章及文件
'陇县人民政府办公室关于印发《陇县土地和房地产业税收一体化管理实施意见》的通知',宝鸡市陇县人民政府办公室,2008-10-28,现行有效,地方政府规章及文件
'陕西省林业厅关于印发《陕西省林业厅林业产业省级龙头企业管理办法》(试行)的通知',陕西省林业厅,2008-09-19,现行有效,地方政府规章及文件
'关于印发商洛市核桃产业五年（2009-2013）发展实施方案的通知',商洛市人民政府办公室,2008-09-04,现行有效,地方政府规章及文件
'陕西省人民政府办公厅关于加强承接产业转移工作的通知',陕西省人民政府办公厅,2008-08-06,现行有效,地方政府规章及文件
'关于印发2008年省产业发展引导资金申报指南的通知',陕西省发展和改革委员会,2008-08-06,现行有效,地方政府规章及文件
'宝鸡市人民政府关于印发宝鸡市土地、房地产业税收一体化管理实施意见的通知',宝鸡市人民政府,2008-06-30,现行有效,地方政府规章及文件
'陕西省人民政府办公厅转发省发展改革委关于鼓励数字电视产业发展意见的通知',陕西省人民政府办公厅,2008-06-10,现行有效,地方政府规章及文件
'汉中市人民政府办公室转发人民银行汉中市中心支行关于《汉中市银行卡产业发展实施意见》的通知',汉中市人民政府办公室,2008-05-12,现行有效,地方政府规章及文件
'关于进一步加强全省装备制造、轻工、纺织、烟草、贸易、电力、国防工业、信息产业等行业建设项目安全设施监督管理工作的通知',陕西省安全生产监督管理局,2008-04-22,现行有效,地方政府规章及文件
'关于印发《2008年产业政策工作要点》的通知',陕西省发展和改革委员会,2008-03-03,现行有效,地方政府规章及文件
'关于下达2008年提高自主创新能力及高技术产业发展项目中央预算内投资计划的通知',陕西省发展和改革委员会,2008-02-03,现行有效,地方政府规章及文件
'铜川市人民政府关于进一步加快发展陶瓷产业的决定',铜川市人民政府,2008-02-01,现行有效,地方政府规章及文件
'陕西省人民政府办公厅关于印发《加快发展我省文化产业若干政策措施》的通知',陕西省人民政府办公厅,2007-11-23,现行有效,地方政府规章及文件
'陕西省人事厅、陕西省信息产业厅关于印发《陕西省信息专业技术人才知识更新工程实施细则》的通知',陕西省人事厅;陕西省信息产业厅,2007-09-17,现行有效,地方政府规章及文件
'铜川市人民政府关于印发铜川市“十一五”奶牛产业发展实施意见的通知',铜川市人民政府,2007-09-04,现行有效,地方政府规章及文件
'中共陕西省委、陕西省人民政府关于进一步加快杨凌农业高新技术产业示范区发展的决定',中共陕西省委;陕西省人民政府,2007-07-25,现行有效,地方政府规章及文件
'陇县人民政府办公室转发县畜产局《关于扶持发展肉牛产业的实施意见》的通知',宝鸡市陇县人民政府办公室,2007-07-05,现行有效,地方政府规章及文件
'延安市人民政府关于加快林业产业发展的意见',延安市人民政府,2007-04-07,现行有效,地方政府规章及文件
'陕西省人民政府办公厅关于印发《陕西省“13115”科技创新工程重点科技产业园区管理办法》的通知',陕西省人民政府办公厅,2007-03-23,现行有效,地方政府规章及文件
'陕西省人民政府办公厅转发省文化厅等十厅局关于鼓励和推动我省动漫产业发展实施意见的通知',陕西省人民政府办公厅,2006-12-26,现行有效,地方政府规章及文件
'勉县人民政府关于印发2007年至2011年魔芋产业发展规划的通知',汉中市勉县人民政府,2006-10-26,现行有效,地方政府规章及文件
'陕西省人民政府办公厅关于加强旅游产业统计监测工作的通知',陕西省人民政府办公厅,2006-10-11,现行有效,地方政府规章及文件
'勉县人民政府关于今冬明春蚕桑产业发展工作的安排意见',汉中市勉县人民政府,2006-09-26,现行有效,地方政府规章及文件
'中共安康市委、安康市人民政府关于大力实施蚕桑产业突破发展的决定',中共安康市委;安康市人民政府,2006-07-20,现行有效,地方政府规章及文件
'咸阳市人民政府办公室转发市旅游局关于加快发展乡村旅游产业推进社会主义新农村建设的实施意见的通知',咸阳市人民政府办公室,2006-06-21,现行有效,地方政府规章及文件
'安康市人民政府关于加快畜牧产业发展的意见',安康市人民政府,2006-06-01,现行有效,地方政府规章及文件
'延安市人民政府办公室关于蔬菜产业发展有关问题的通知',延安市人民政府办公室,2006-05-22,现行有效,地方政府规章及文件
